# Blender 5.1.1
# www.blender.org
mtllib goalFont.mtl
o テキスト
v -5.636633 1.349326 -0.360001
v -5.665206 1.338716 -0.360001
v -5.690944 1.321017 -0.360001
v -5.713870 1.296219 -0.360001
v -5.734009 1.264308 -0.360001
v -5.751385 1.225273 -0.360001
v -5.766022 1.179101 -0.360001
v -5.777944 1.125782 -0.360001
v -5.787175 1.065302 -0.360001
v -5.793738 0.997649 -0.360001
v -5.797659 0.922813 -0.360001
v -5.798960 0.840780 -0.360001
v -5.798816 0.803299 -0.360001
v -5.798383 0.766983 -0.360001
v -5.797662 0.731844 -0.360001
v -5.796653 0.697895 -0.360001
v -5.795356 0.665147 -0.360001
v -5.793770 0.633613 -0.360001
v -5.791896 0.603303 -0.360001
v -5.789733 0.574232 -0.360001
v -5.787282 0.546410 -0.360001
v -5.784544 0.519849 -0.360001
v -5.781516 0.494562 -0.360001
v -5.778200 0.470560 -0.360001
v -5.691700 -0.124560 -0.360001
v -5.686497 -0.160830 -0.360000
v -5.681209 -0.193568 -0.360000
v -5.675752 -0.222846 -0.360000
v -5.670043 -0.248736 -0.360000
v -5.663999 -0.271310 -0.360000
v -5.657533 -0.290640 -0.360000
v -5.650563 -0.306799 -0.360000
v -5.643004 -0.319858 -0.360000
v -5.634773 -0.329889 -0.360000
v -5.625784 -0.336966 -0.360000
v -5.615955 -0.341158 -0.360000
v -5.605200 -0.342540 -0.360000
v -5.594446 -0.341158 -0.360000
v -5.584617 -0.336966 -0.360000
v -5.575628 -0.329889 -0.360000
v -5.567397 -0.319858 -0.360000
v -5.559838 -0.306799 -0.360000
v -5.552868 -0.290640 -0.360000
v -5.546402 -0.271310 -0.360000
v -5.540358 -0.248736 -0.360000
v -5.534649 -0.222846 -0.360000
v -5.529192 -0.193568 -0.360000
v -5.523904 -0.160830 -0.360000
v -5.518700 -0.124560 -0.360000
v -5.432200 0.470560 -0.360001
v -5.428885 0.494562 -0.360001
v -5.425857 0.519849 -0.360001
v -5.423118 0.546410 -0.360001
v -5.420667 0.574232 -0.360001
v -5.418504 0.603303 -0.360001
v -5.416630 0.633613 -0.360001
v -5.415044 0.665147 -0.360001
v -5.413746 0.697895 -0.360001
v -5.412737 0.731844 -0.360001
v -5.412016 0.766983 -0.360001
v -5.411584 0.803299 -0.360001
v -5.411440 0.840780 -0.360001
v -5.412742 0.922813 -0.360001
v -5.416662 0.997650 -0.360001
v -5.423226 1.065302 -0.360001
v -5.432456 1.125782 -0.360001
v -5.444378 1.179101 -0.360001
v -5.459015 1.225273 -0.360001
v -5.476391 1.264308 -0.360001
v -5.496531 1.296219 -0.360001
v -5.519457 1.321017 -0.360001
v -5.545195 1.338716 -0.360001
v -5.573768 1.349326 -0.360001
v -5.605200 1.352860 -0.360001
v -5.814355 -0.889611 -0.360000
v -5.808811 -0.916564 -0.360000
v -5.799879 -0.942147 -0.360000
v -5.787811 -0.966109 -0.360000
v -5.772860 -0.988197 -0.360000
v -5.755278 -1.008158 -0.360000
v -5.735317 -1.025740 -0.360000
v -5.713229 -1.040691 -0.360000
v -5.689268 -1.052759 -0.360000
v -5.663684 -1.061691 -0.360000
v -5.636731 -1.067236 -0.360000
v -5.608660 -1.069140 -0.360000
v -5.580589 -1.067236 -0.360000
v -5.553636 -1.061691 -0.360000
v -5.528052 -1.052759 -0.360000
v -5.504090 -1.040691 -0.360000
v -5.482003 -1.025740 -0.360000
v -5.462042 -1.008158 -0.360000
v -5.444459 -0.988196 -0.360000
v -5.429508 -0.966109 -0.360000
v -5.417440 -0.942147 -0.360000
v -5.408508 -0.916564 -0.360000
v -5.402964 -0.889611 -0.360000
v -5.401060 -0.861540 -0.360000
v -5.402965 -0.833470 -0.360000
v -5.408509 -0.806516 -0.360000
v -5.417441 -0.780933 -0.360000
v -5.429509 -0.756971 -0.360000
v -5.444460 -0.734884 -0.360000
v -5.462043 -0.714923 -0.360000
v -5.482004 -0.697340 -0.360000
v -5.504091 -0.682389 -0.360000
v -5.528053 -0.670321 -0.360000
v -5.553637 -0.661389 -0.360000
v -5.580590 -0.655844 -0.360000
v -5.608660 -0.653940 -0.360000
v -5.636731 -0.655844 -0.360000
v -5.663684 -0.661389 -0.360000
v -5.689268 -0.670321 -0.360000
v -5.713230 -0.682389 -0.360000
v -5.735317 -0.697340 -0.360000
v -5.755278 -0.714923 -0.360000
v -5.772861 -0.734884 -0.360000
v -5.787812 -0.756971 -0.360000
v -5.799880 -0.780933 -0.360000
v -5.808812 -0.806516 -0.360000
v -5.814356 -0.833470 -0.360000
v -5.816260 -0.861540 -0.360000
v -4.525972 1.349326 -0.360000
v -4.554545 1.338716 -0.360000
v -4.580283 1.321017 -0.360000
v -4.603209 1.296219 -0.360000
v -4.623349 1.264308 -0.360000
v -4.640725 1.225273 -0.360000
v -4.655362 1.179101 -0.360000
v -4.667284 1.125782 -0.360000
v -4.676514 1.065302 -0.360000
v -4.683078 0.997649 -0.360000
v -4.686998 0.922813 -0.360000
v -4.688300 0.840780 -0.360000
v -4.688156 0.803299 -0.360000
v -4.687723 0.766983 -0.360000
v -4.687002 0.731844 -0.360000
v -4.685993 0.697895 -0.360000
v -4.684696 0.665147 -0.360000
v -4.683110 0.633613 -0.360000
v -4.681236 0.603303 -0.360000
v -4.679073 0.574232 -0.360000
v -4.676622 0.546410 -0.360000
v -4.673883 0.519849 -0.360000
v -4.670856 0.494562 -0.360000
v -4.667540 0.470560 -0.360000
v -4.581039 -0.124560 -0.360000
v -4.575836 -0.160830 -0.360000
v -4.570548 -0.193568 -0.360000
v -4.565092 -0.222846 -0.360000
v -4.559383 -0.248736 -0.360000
v -4.553338 -0.271310 -0.360000
v -4.546873 -0.290640 -0.360000
v -4.539903 -0.306799 -0.360000
v -4.532344 -0.319858 -0.360000
v -4.524112 -0.329889 -0.360000
v -4.515124 -0.336966 -0.360000
v -4.505294 -0.341158 -0.360000
v -4.494540 -0.342540 -0.360000
v -4.483786 -0.341158 -0.360000
v -4.473956 -0.336966 -0.360000
v -4.464968 -0.329889 -0.360000
v -4.456736 -0.319858 -0.360000
v -4.449177 -0.306799 -0.360000
v -4.442207 -0.290640 -0.360000
v -4.435742 -0.271310 -0.360000
v -4.429697 -0.248736 -0.360000
v -4.423988 -0.222846 -0.360000
v -4.418532 -0.193568 -0.360000
v -4.413244 -0.160830 -0.360000
v -4.408040 -0.124560 -0.360000
v -4.321540 0.470560 -0.360000
v -4.318223 0.494562 -0.360000
v -4.315196 0.519849 -0.360000
v -4.312457 0.546410 -0.360000
v -4.310006 0.574232 -0.360000
v -4.307844 0.603303 -0.360000
v -4.305970 0.633613 -0.360000
v -4.304384 0.665147 -0.360000
v -4.303086 0.697895 -0.360000
v -4.302077 0.731844 -0.360000
v -4.301356 0.766983 -0.360000
v -4.300924 0.803299 -0.360000
v -4.300780 0.840780 -0.360000
v -4.302082 0.922813 -0.360000
v -4.306002 0.997650 -0.360000
v -4.312566 1.065302 -0.360000
v -4.321796 1.125782 -0.360000
v -4.333718 1.179101 -0.360000
v -4.348355 1.225273 -0.360000
v -4.365731 1.264308 -0.360000
v -4.385870 1.296219 -0.360000
v -4.408797 1.321017 -0.360000
v -4.434535 1.338716 -0.360000
v -4.463108 1.349326 -0.360000
v -4.494540 1.352860 -0.360000
v -4.703695 -0.889611 -0.360000
v -4.698151 -0.916564 -0.360000
v -4.689219 -0.942147 -0.360000
v -4.677151 -0.966109 -0.360000
v -4.662199 -0.988197 -0.360000
v -4.644617 -1.008158 -0.360000
v -4.624656 -1.025740 -0.360000
v -4.602569 -1.040691 -0.360000
v -4.578607 -1.052759 -0.360000
v -4.553023 -1.061691 -0.360000
v -4.526070 -1.067236 -0.360000
v -4.498000 -1.069140 -0.360000
v -4.469929 -1.067236 -0.360000
v -4.442976 -1.061691 -0.360000
v -4.417392 -1.052759 -0.360000
v -4.393431 -1.040691 -0.360000
v -4.371343 -1.025740 -0.360000
v -4.351382 -1.008158 -0.360000
v -4.333800 -0.988196 -0.360000
v -4.318849 -0.966109 -0.360000
v -4.306781 -0.942147 -0.360000
v -4.297848 -0.916564 -0.360000
v -4.292304 -0.889611 -0.360000
v -4.290400 -0.861540 -0.360000
v -4.292304 -0.833470 -0.360000
v -4.297848 -0.806516 -0.360000
v -4.306781 -0.780933 -0.360000
v -4.318849 -0.756971 -0.360000
v -4.333800 -0.734884 -0.360000
v -4.351382 -0.714923 -0.360000
v -4.371343 -0.697340 -0.360000
v -4.393431 -0.682389 -0.360000
v -4.417392 -0.670321 -0.360000
v -4.442976 -0.661389 -0.360000
v -4.469929 -0.655844 -0.360000
v -4.498000 -0.653940 -0.360000
v -4.526071 -0.655844 -0.360000
v -4.553024 -0.661389 -0.360000
v -4.578608 -0.670321 -0.360000
v -4.602570 -0.682389 -0.360000
v -4.624657 -0.697340 -0.360000
v -4.644618 -0.714923 -0.360000
v -4.662200 -0.734884 -0.360000
v -4.677152 -0.756971 -0.360000
v -4.689219 -0.780933 -0.360000
v -4.698152 -0.806516 -0.360000
v -4.703696 -0.833470 -0.360000
v -4.705600 -0.861540 -0.360000
v -3.819840 -0.733520 -0.360000
v -3.819840 -1.038000 -0.360000
v -2.415080 -1.038000 -0.360000
v -2.415080 1.321720 -0.360000
v -2.754160 1.321720 -0.360000
v -2.754160 -0.733520 -0.360000
v -1.640040 -1.038000 -0.360000
v -1.325180 -0.342540 -0.360000
v -0.321780 -0.342540 -0.360000
v -0.024220 -1.038000 -0.360000
v 0.321780 -1.038000 -0.360000
v -0.692000 1.335560 -0.360000
v -0.930740 1.335560 -0.360000
v -1.986040 -1.038000 -0.360000
v -1.186780 -0.038060 -0.360000
v -0.806180 0.816560 -0.360000
v -0.453260 -0.038060 -0.360000
v 1.731776 1.341587 -0.360000
v 1.555927 1.308809 -0.360000
v 1.393461 1.256088 -0.360000
v 1.245088 1.184986 -0.360000
v 1.111515 1.097064 -0.360000
v 0.993453 0.993885 -0.360000
v 0.891609 0.877010 -0.360000
v 0.806693 0.748001 -0.360000
v 0.739413 0.608419 -0.360000
v 0.690479 0.459828 -0.360000
v 0.660598 0.303787 -0.360000
v 0.650480 0.141860 -0.360000
v 0.660338 -0.015706 -0.360000
v 0.689549 -0.168899 -0.360000
v 0.737575 -0.315941 -0.360000
v 0.803874 -0.455054 -0.360000
v 0.887905 -0.584460 -0.360000
v 0.989128 -0.702380 -0.360000
v 1.107002 -0.807037 -0.360000
v 1.240987 -0.896653 -0.360000
v 1.390542 -0.969449 -0.360000
v 1.555126 -1.023647 -0.360000
v 1.734199 -1.057471 -0.360000
v 1.927221 -1.069140 -0.360000
v 2.114087 -1.057536 -0.360000
v 2.288422 -1.023888 -0.360000
v 2.449518 -0.969935 -0.360000
v 2.596667 -0.897421 -0.360000
v 2.729158 -0.808088 -0.360000
v 2.846283 -0.703677 -0.360000
v 2.947334 -0.585931 -0.360000
v 3.031601 -0.456592 -0.360000
v 3.098377 -0.317401 -0.360000
v 3.146951 -0.170101 -0.360000
v 3.176615 -0.016433 -0.360000
v 3.186661 0.141860 -0.360000
v 3.176346 0.303061 -0.360000
v 3.145957 0.458626 -0.360000
v 3.096322 0.606960 -0.360000
v 3.028269 0.746463 -0.360000
v 2.942628 0.875538 -0.360000
v 2.840228 0.992588 -0.360000
v 2.721897 1.096013 -0.360000
v 2.588465 1.184217 -0.360000
v 2.440760 1.255602 -0.360000
v 2.279612 1.308569 -0.360000
v 2.105849 1.341521 -0.360000
v 1.920300 1.352860 -0.360000
v 1.790985 -0.749885 -0.360000
v 1.668313 -0.726904 -0.360000
v 1.553162 -0.689675 -0.360000
v 1.446409 -0.639075 -0.360000
v 1.348930 -0.575980 -0.360000
v 1.261603 -0.501267 -0.360000
v 1.185305 -0.415815 -0.360000
v 1.120912 -0.320499 -0.360000
v 1.069303 -0.216196 -0.360000
v 1.031353 -0.103784 -0.360000
v 1.007940 0.015860 -0.360000
v 0.999940 0.141860 -0.360000
v 1.007939 0.268586 -0.360000
v 1.031353 0.388705 -0.360000
v 1.069302 0.501376 -0.360000
v 1.120912 0.605756 -0.360000
v 1.185305 0.701006 -0.360000
v 1.261603 0.786285 -0.360000
v 1.348930 0.860751 -0.360000
v 1.446409 0.923564 -0.360000
v 1.553162 0.973882 -0.360000
v 1.668313 1.010865 -0.360000
v 1.790985 1.033671 -0.360000
v 1.920300 1.041460 -0.360000
v 2.048821 1.033671 -0.360000
v 2.170830 1.010865 -0.360000
v 2.285438 0.973882 -0.360000
v 2.391757 0.923564 -0.360000
v 2.488898 0.860751 -0.360000
v 2.575970 0.786285 -0.360000
v 2.652086 0.701007 -0.360000
v 2.716357 0.605756 -0.360000
v 2.767892 0.501376 -0.360000
v 2.805804 0.388705 -0.360000
v 2.829203 0.268587 -0.360000
v 2.837200 0.141860 -0.360000
v 2.829203 0.015860 -0.360000
v 2.805804 -0.103784 -0.360000
v 2.767892 -0.216196 -0.360000
v 2.716357 -0.320498 -0.360000
v 2.652086 -0.415815 -0.360000
v 2.575970 -0.501267 -0.360000
v 2.488898 -0.575980 -0.360000
v 2.391757 -0.639075 -0.360000
v 2.285439 -0.689675 -0.360000
v 2.170830 -0.726904 -0.360000
v 2.048821 -0.749885 -0.360000
v 1.920300 -0.757740 -0.360000
v 3.824746 -0.908266 -0.360000
v 3.900317 -0.937788 -0.360000
v 3.974351 -0.964043 -0.360000
v 4.047303 -0.987125 -0.360000
v 4.119631 -1.007132 -0.360000
v 4.191790 -1.024160 -0.360000
v 4.264238 -1.038304 -0.360000
v 4.337430 -1.049662 -0.360000
v 4.411825 -1.058328 -0.360000
v 4.487876 -1.064399 -0.360000
v 4.566043 -1.067971 -0.360000
v 4.646780 -1.069140 -0.360000
v 4.823403 -1.058800 -0.360000
v 4.990907 -1.028517 -0.360000
v 5.148103 -0.979396 -0.360000
v 5.293801 -0.912543 -0.360000
v 5.426813 -0.829063 -0.360000
v 5.545949 -0.730060 -0.360000
v 5.650019 -0.616641 -0.360000
v 5.737835 -0.489910 -0.359999
v 5.808206 -0.350974 -0.359999
v 5.859944 -0.200936 -0.360000
v 5.891859 -0.040903 -0.360000
v 5.902761 0.128020 -0.360000
v 5.891588 0.298215 -0.360000
v 5.858934 0.460228 -0.360000
v 5.806098 0.612799 -0.360000
v 5.734375 0.754665 -0.360000
v 5.645063 0.884565 -0.360000
v 5.539461 1.001238 -0.360000
v 5.418866 1.103422 -0.360000
v 5.284575 1.189856 -0.360000
v 5.137885 1.259278 -0.360000
v 4.980094 1.310427 -0.360000
v 4.812500 1.342042 -0.360000
v 4.636401 1.352860 -0.360000
v 4.568779 1.351885 -0.360000
v 4.503718 1.348807 -0.360000
v 4.440315 1.343399 -0.360000
v 4.377669 1.335432 -0.360000
v 4.314878 1.324677 -0.360000
v 4.251043 1.310908 -0.360000
v 4.185261 1.293894 -0.360000
v 4.116632 1.273408 -0.360000
v 4.044254 1.249222 -0.360000
v 3.967227 1.221108 -0.360000
v 3.884650 1.188836 -0.360000
v 3.795620 1.152180 -0.360000
v 3.795620 0.809640 -0.360000
v 3.865029 0.846182 -0.360000
v 3.934821 0.879673 -0.360000
v 4.004951 0.910088 -0.360000
v 4.075368 0.937404 -0.360000
v 4.146026 0.961596 -0.360000
v 4.216876 0.982640 -0.360000
v 4.287869 1.000513 -0.360000
v 4.358960 1.015190 -0.360000
v 4.430098 1.026647 -0.360000
v 4.501236 1.034860 -0.360000
v 4.572327 1.039806 -0.360000
v 4.643321 1.041460 -0.360000
v 4.768798 1.033471 -0.360000
v 4.888532 1.010128 -0.360000
v 5.001539 0.972368 -0.360000
v 5.106833 0.921129 -0.360000
v 5.203428 0.857347 -0.360000
v 5.290341 0.781960 -0.360000
v 5.366585 0.695905 -0.360000
v 5.431176 0.600118 -0.360000
v 5.483128 0.495537 -0.360000
v 5.521456 0.383099 -0.360000
v 5.545175 0.263741 -0.360000
v 5.553300 0.138400 -0.360000
v 5.545216 0.010288 -0.360000
v 5.521488 -0.110592 -0.360000
v 5.482912 -0.223494 -0.360000
v 5.430279 -0.327675 -0.360000
v 5.364383 -0.422388 -0.360000
v 5.286016 -0.506890 -0.360000
v 5.195972 -0.580435 -0.360000
v 5.095043 -0.642279 -0.360000
v 4.984023 -0.691676 -0.360000
v 4.863704 -0.727882 -0.360000
v 4.734879 -0.750151 -0.360000
v 4.598341 -0.757740 -0.360000
v 4.552848 -0.756893 -0.360000
v 4.508029 -0.754424 -0.360000
v 4.463833 -0.750442 -0.360000
v 4.420215 -0.745053 -0.360000
v 4.377125 -0.738368 -0.360000
v 4.334516 -0.730493 -0.360000
v 4.292339 -0.721536 -0.360000
v 4.250546 -0.711607 -0.360000
v 4.209091 -0.700812 -0.360000
v 4.167923 -0.689261 -0.360000
v 4.126996 -0.677061 -0.360000
v 4.086260 -0.664320 -0.360000
v 4.086260 -0.179920 -0.360000
v 4.539521 -0.179920 -0.360000
v 4.539521 0.124560 -0.360000
v 3.747181 0.124560 -0.360000
v 3.747181 -0.875380 -0.360000
v -5.636633 1.349326 0.359999
v -5.665206 1.338716 0.359999
v -5.690944 1.321017 0.359999
v -5.713870 1.296219 0.359999
v -5.734009 1.264308 0.359999
v -5.751385 1.225273 0.359999
v -5.766022 1.179101 0.359999
v -5.777944 1.125782 0.359999
v -5.787175 1.065302 0.359999
v -5.793738 0.997649 0.359999
v -5.797659 0.922813 0.359999
v -5.798960 0.840780 0.359999
v -5.798816 0.803299 0.359999
v -5.798383 0.766983 0.359999
v -5.797662 0.731844 0.359999
v -5.796653 0.697895 0.359999
v -5.795356 0.665147 0.359999
v -5.793770 0.633613 0.359999
v -5.791896 0.603303 0.359999
v -5.789733 0.574232 0.359999
v -5.787282 0.546410 0.359999
v -5.784544 0.519849 0.359999
v -5.781516 0.494562 0.359999
v -5.778200 0.470560 0.359999
v -5.691700 -0.124560 0.360000
v -5.686497 -0.160830 0.360000
v -5.681209 -0.193568 0.360000
v -5.675752 -0.222846 0.360000
v -5.670043 -0.248736 0.360000
v -5.663999 -0.271310 0.360000
v -5.657533 -0.290640 0.360000
v -5.650563 -0.306799 0.360000
v -5.643004 -0.319858 0.360000
v -5.634773 -0.329889 0.360000
v -5.625784 -0.336966 0.360000
v -5.615955 -0.341158 0.360000
v -5.605200 -0.342540 0.360000
v -5.594446 -0.341158 0.360000
v -5.584617 -0.336966 0.360000
v -5.575628 -0.329889 0.360000
v -5.567397 -0.319858 0.360000
v -5.559838 -0.306799 0.360000
v -5.552868 -0.290640 0.360000
v -5.546402 -0.271310 0.360000
v -5.540358 -0.248736 0.360000
v -5.534649 -0.222846 0.360000
v -5.529192 -0.193568 0.360000
v -5.523904 -0.160830 0.360000
v -5.518700 -0.124560 0.360000
v -5.432200 0.470560 0.360000
v -5.428885 0.494562 0.360000
v -5.425857 0.519849 0.360000
v -5.423118 0.546410 0.360000
v -5.420667 0.574232 0.360000
v -5.418504 0.603303 0.360000
v -5.416630 0.633613 0.360000
v -5.415044 0.665147 0.360000
v -5.413746 0.697895 0.360000
v -5.412737 0.731844 0.360000
v -5.412016 0.766983 0.360000
v -5.411584 0.803299 0.360000
v -5.411440 0.840780 0.360000
v -5.412742 0.922813 0.360000
v -5.416662 0.997650 0.360000
v -5.423226 1.065302 0.360000
v -5.432456 1.125782 0.359999
v -5.444378 1.179101 0.359999
v -5.459015 1.225273 0.359999
v -5.476391 1.264308 0.359999
v -5.496531 1.296219 0.359999
v -5.519457 1.321017 0.359999
v -5.545195 1.338716 0.359999
v -5.573768 1.349326 0.359999
v -5.605200 1.352860 0.359999
v -5.814355 -0.889611 0.360000
v -5.808811 -0.916564 0.360000
v -5.799879 -0.942147 0.360000
v -5.787811 -0.966109 0.360000
v -5.772860 -0.988197 0.360000
v -5.755278 -1.008158 0.360000
v -5.735317 -1.025740 0.360000
v -5.713229 -1.040691 0.360000
v -5.689268 -1.052759 0.360000
v -5.663684 -1.061691 0.360000
v -5.636731 -1.067236 0.360000
v -5.608660 -1.069140 0.360000
v -5.580589 -1.067236 0.360000
v -5.553636 -1.061691 0.360000
v -5.528052 -1.052759 0.360000
v -5.504090 -1.040691 0.360000
v -5.482003 -1.025740 0.360000
v -5.462042 -1.008158 0.360000
v -5.444459 -0.988196 0.360000
v -5.429508 -0.966109 0.360000
v -5.417440 -0.942147 0.360000
v -5.408508 -0.916564 0.360000
v -5.402964 -0.889611 0.360000
v -5.401060 -0.861540 0.360000
v -5.402965 -0.833470 0.360000
v -5.408509 -0.806516 0.360000
v -5.417441 -0.780933 0.360000
v -5.429509 -0.756971 0.360000
v -5.444460 -0.734884 0.360000
v -5.462043 -0.714923 0.360000
v -5.482004 -0.697340 0.360000
v -5.504091 -0.682389 0.360000
v -5.528053 -0.670321 0.360000
v -5.553637 -0.661389 0.360000
v -5.580590 -0.655844 0.360000
v -5.608660 -0.653940 0.360000
v -5.636731 -0.655844 0.360000
v -5.663684 -0.661389 0.360000
v -5.689268 -0.670321 0.360000
v -5.713230 -0.682389 0.360000
v -5.735317 -0.697340 0.360000
v -5.755278 -0.714923 0.360000
v -5.772861 -0.734884 0.360000
v -5.787812 -0.756971 0.360000
v -5.799880 -0.780933 0.360000
v -5.808812 -0.806516 0.360000
v -5.814356 -0.833470 0.360000
v -5.816260 -0.861540 0.360000
v -4.525972 1.349326 0.360000
v -4.554545 1.338716 0.360000
v -4.580283 1.321017 0.360000
v -4.603209 1.296219 0.360000
v -4.623349 1.264308 0.360000
v -4.640725 1.225273 0.360000
v -4.655362 1.179101 0.360000
v -4.667284 1.125782 0.360000
v -4.676514 1.065302 0.360000
v -4.683078 0.997649 0.360000
v -4.686998 0.922813 0.360000
v -4.688300 0.840780 0.360000
v -4.688156 0.803299 0.360000
v -4.687723 0.766983 0.360000
v -4.687002 0.731844 0.360000
v -4.685993 0.697895 0.360000
v -4.684696 0.665147 0.360000
v -4.683110 0.633613 0.360000
v -4.681236 0.603303 0.360000
v -4.679073 0.574232 0.360000
v -4.676622 0.546410 0.360000
v -4.673883 0.519849 0.360000
v -4.670856 0.494562 0.360000
v -4.667540 0.470560 0.360000
v -4.581039 -0.124560 0.360000
v -4.575836 -0.160830 0.360000
v -4.570548 -0.193568 0.360000
v -4.565092 -0.222846 0.360000
v -4.559383 -0.248736 0.360000
v -4.553338 -0.271310 0.360000
v -4.546873 -0.290640 0.360000
v -4.539903 -0.306799 0.360000
v -4.532344 -0.319858 0.360000
v -4.524112 -0.329889 0.360000
v -4.515124 -0.336966 0.360000
v -4.505294 -0.341158 0.360000
v -4.494540 -0.342540 0.360000
v -4.483786 -0.341158 0.360000
v -4.473956 -0.336966 0.360000
v -4.464968 -0.329889 0.360000
v -4.456736 -0.319858 0.360000
v -4.449177 -0.306799 0.360000
v -4.442207 -0.290640 0.360000
v -4.435742 -0.271310 0.360000
v -4.429697 -0.248736 0.360000
v -4.423988 -0.222846 0.360000
v -4.418532 -0.193568 0.360000
v -4.413244 -0.160830 0.360000
v -4.408040 -0.124560 0.360000
v -4.321540 0.470560 0.360000
v -4.318223 0.494562 0.360000
v -4.315196 0.519849 0.360000
v -4.312457 0.546410 0.360000
v -4.310006 0.574232 0.360000
v -4.307844 0.603303 0.360000
v -4.305970 0.633613 0.360000
v -4.304384 0.665147 0.360000
v -4.303086 0.697895 0.360000
v -4.302077 0.731844 0.360000
v -4.301356 0.766983 0.360000
v -4.300924 0.803299 0.360000
v -4.300780 0.840780 0.360000
v -4.302082 0.922813 0.360000
v -4.306002 0.997650 0.360000
v -4.312566 1.065302 0.360000
v -4.321796 1.125782 0.360000
v -4.333718 1.179101 0.360000
v -4.348355 1.225273 0.360000
v -4.365731 1.264308 0.360000
v -4.385870 1.296219 0.360000
v -4.408797 1.321017 0.360000
v -4.434535 1.338716 0.360000
v -4.463108 1.349326 0.360000
v -4.494540 1.352860 0.360000
v -4.703695 -0.889611 0.360000
v -4.698151 -0.916564 0.360000
v -4.689219 -0.942147 0.360000
v -4.677151 -0.966109 0.360000
v -4.662199 -0.988197 0.360000
v -4.644617 -1.008158 0.360000
v -4.624656 -1.025740 0.360000
v -4.602569 -1.040691 0.360000
v -4.578607 -1.052759 0.360000
v -4.553023 -1.061691 0.360000
v -4.526070 -1.067236 0.360000
v -4.498000 -1.069140 0.360000
v -4.469929 -1.067236 0.360000
v -4.442976 -1.061691 0.360000
v -4.417392 -1.052759 0.360000
v -4.393431 -1.040691 0.360000
v -4.371343 -1.025740 0.360000
v -4.351382 -1.008158 0.360000
v -4.333800 -0.988196 0.360000
v -4.318849 -0.966109 0.360000
v -4.306781 -0.942147 0.360000
v -4.297848 -0.916564 0.360000
v -4.292304 -0.889611 0.360000
v -4.290400 -0.861540 0.360000
v -4.292304 -0.833470 0.360000
v -4.297848 -0.806516 0.360000
v -4.306781 -0.780933 0.360000
v -4.318849 -0.756971 0.360000
v -4.333800 -0.734884 0.360000
v -4.351382 -0.714923 0.360000
v -4.371343 -0.697340 0.360000
v -4.393431 -0.682389 0.360000
v -4.417392 -0.670321 0.360000
v -4.442976 -0.661389 0.360000
v -4.469929 -0.655844 0.360000
v -4.498000 -0.653940 0.360000
v -4.526071 -0.655844 0.360000
v -4.553024 -0.661389 0.360000
v -4.578608 -0.670321 0.360000
v -4.602570 -0.682389 0.360000
v -4.624657 -0.697340 0.360000
v -4.644618 -0.714923 0.360000
v -4.662200 -0.734884 0.360000
v -4.677152 -0.756971 0.360000
v -4.689219 -0.780933 0.360000
v -4.698152 -0.806516 0.360000
v -4.703696 -0.833470 0.360000
v -4.705600 -0.861540 0.360000
v -3.819840 -0.733520 0.360000
v -3.819840 -1.038000 0.360000
v -2.415080 -1.038000 0.360000
v -2.415080 1.321720 0.360000
v -2.754160 1.321720 0.360000
v -2.754160 -0.733520 0.360000
v -1.640040 -1.038000 0.360000
v -1.325180 -0.342540 0.360000
v -0.321780 -0.342540 0.360000
v -0.024220 -1.038000 0.360000
v 0.321780 -1.038000 0.360000
v -0.692000 1.335560 0.360000
v -0.930740 1.335560 0.360000
v -1.986040 -1.038000 0.360000
v -1.186780 -0.038060 0.360000
v -0.806180 0.816560 0.360000
v -0.453260 -0.038060 0.360000
v 1.731776 1.341587 0.360000
v 1.555927 1.308809 0.360000
v 1.393461 1.256088 0.360000
v 1.245088 1.184986 0.360000
v 1.111515 1.097064 0.360000
v 0.993453 0.993885 0.360000
v 0.891609 0.877010 0.360000
v 0.806693 0.748001 0.360000
v 0.739413 0.608419 0.360000
v 0.690478 0.459828 0.360000
v 0.660598 0.303787 0.360000
v 0.650480 0.141860 0.360000
v 0.660338 -0.015706 0.360000
v 0.689549 -0.168899 0.360000
v 0.737575 -0.315941 0.360000
v 0.803874 -0.455054 0.360000
v 0.887905 -0.584460 0.360000
v 0.989128 -0.702380 0.360000
v 1.107002 -0.807037 0.360000
v 1.240987 -0.896653 0.360000
v 1.390542 -0.969449 0.360000
v 1.555126 -1.023647 0.360000
v 1.734199 -1.057471 0.360000
v 1.927221 -1.069140 0.360000
v 2.114087 -1.057536 0.360000
v 2.288422 -1.023888 0.360000
v 2.449518 -0.969935 0.360000
v 2.596667 -0.897421 0.360000
v 2.729158 -0.808088 0.360000
v 2.846283 -0.703677 0.360000
v 2.947334 -0.585931 0.360000
v 3.031601 -0.456592 0.360000
v 3.098377 -0.317401 0.360000
v 3.146951 -0.170101 0.360000
v 3.176615 -0.016433 0.360000
v 3.186661 0.141860 0.360000
v 3.176346 0.303061 0.360000
v 3.145957 0.458626 0.360000
v 3.096322 0.606960 0.360000
v 3.028269 0.746463 0.360000
v 2.942628 0.875538 0.360000
v 2.840228 0.992588 0.360000
v 2.721897 1.096013 0.360000
v 2.588465 1.184217 0.360000
v 2.440760 1.255602 0.360000
v 2.279612 1.308569 0.360000
v 2.105849 1.341521 0.360000
v 1.920300 1.352860 0.360000
v 1.790985 -0.749885 0.360000
v 1.668313 -0.726904 0.360000
v 1.553162 -0.689675 0.360000
v 1.446409 -0.639075 0.360000
v 1.348930 -0.575980 0.360000
v 1.261603 -0.501267 0.360000
v 1.185305 -0.415815 0.360000
v 1.120912 -0.320498 0.360000
v 1.069303 -0.216196 0.360000
v 1.031353 -0.103784 0.360000
v 1.007940 0.015860 0.360000
v 0.999940 0.141860 0.360000
v 1.007939 0.268586 0.360000
v 1.031353 0.388705 0.360000
v 1.069302 0.501376 0.360000
v 1.120912 0.605756 0.360000
v 1.185305 0.701006 0.360000
v 1.261603 0.786285 0.360000
v 1.348930 0.860751 0.360000
v 1.446409 0.923564 0.360000
v 1.553162 0.973882 0.360000
v 1.668313 1.010865 0.360000
v 1.790985 1.033671 0.360000
v 1.920300 1.041460 0.360000
v 2.048821 1.033671 0.360000
v 2.170830 1.010865 0.360000
v 2.285438 0.973882 0.360000
v 2.391757 0.923564 0.360000
v 2.488898 0.860751 0.360000
v 2.575970 0.786285 0.360000
v 2.652086 0.701007 0.360000
v 2.716357 0.605756 0.360000
v 2.767892 0.501376 0.360000
v 2.805804 0.388705 0.360000
v 2.829203 0.268587 0.360000
v 2.837200 0.141860 0.360000
v 2.829203 0.015860 0.360000
v 2.805804 -0.103784 0.360000
v 2.767892 -0.216196 0.360000
v 2.716357 -0.320498 0.360000
v 2.652086 -0.415815 0.360000
v 2.575970 -0.501267 0.360000
v 2.488898 -0.575980 0.360000
v 2.391757 -0.639075 0.360000
v 2.285439 -0.689675 0.360000
v 2.170830 -0.726904 0.360000
v 2.048821 -0.749885 0.360000
v 1.920300 -0.757740 0.360000
v 3.824746 -0.908266 0.360000
v 3.900317 -0.937788 0.360000
v 3.974351 -0.964043 0.360000
v 4.047303 -0.987125 0.360000
v 4.119631 -1.007132 0.360000
v 4.191790 -1.024160 0.360000
v 4.264238 -1.038304 0.360000
v 4.337430 -1.049662 0.360000
v 4.411825 -1.058328 0.360000
v 4.487876 -1.064399 0.360000
v 4.566043 -1.067971 0.360000
v 4.646780 -1.069140 0.360000
v 4.823403 -1.058800 0.360000
v 4.990907 -1.028517 0.360000
v 5.148103 -0.979396 0.360001
v 5.293801 -0.912543 0.360001
v 5.426813 -0.829063 0.360001
v 5.545949 -0.730060 0.360001
v 5.650019 -0.616641 0.360001
v 5.737835 -0.489910 0.360001
v 5.808206 -0.350974 0.360001
v 5.859944 -0.200936 0.360001
v 5.891859 -0.040903 0.360001
v 5.902761 0.128020 0.360001
v 5.891588 0.298215 0.360001
v 5.858934 0.460228 0.360001
v 5.806098 0.612799 0.360000
v 5.734375 0.754665 0.360000
v 5.645063 0.884565 0.360000
v 5.539461 1.001238 0.360000
v 5.418866 1.103422 0.360000
v 5.284575 1.189856 0.360000
v 5.137885 1.259278 0.360000
v 4.980094 1.310427 0.360000
v 4.812500 1.342042 0.360000
v 4.636401 1.352860 0.360000
v 4.568779 1.351885 0.360000
v 4.503718 1.348807 0.360000
v 4.440315 1.343399 0.360000
v 4.377669 1.335432 0.360000
v 4.314878 1.324677 0.360000
v 4.251043 1.310908 0.360000
v 4.185261 1.293894 0.360000
v 4.116632 1.273408 0.360000
v 4.044254 1.249222 0.360000
v 3.967227 1.221108 0.360000
v 3.884650 1.188836 0.360000
v 3.795620 1.152180 0.360000
v 3.795620 0.809640 0.360000
v 3.865029 0.846182 0.360000
v 3.934821 0.879673 0.360000
v 4.004951 0.910088 0.360000
v 4.075368 0.937404 0.360000
v 4.146026 0.961596 0.360000
v 4.216876 0.982640 0.360000
v 4.287869 1.000513 0.360000
v 4.358960 1.015190 0.360000
v 4.430098 1.026647 0.360000
v 4.501236 1.034860 0.360000
v 4.572327 1.039806 0.360000
v 4.643321 1.041460 0.360000
v 4.768798 1.033471 0.360000
v 4.888532 1.010128 0.360000
v 5.001539 0.972368 0.360000
v 5.106833 0.921129 0.360000
v 5.203428 0.857347 0.360000
v 5.290341 0.781960 0.360000
v 5.366585 0.695905 0.360000
v 5.431176 0.600118 0.360000
v 5.483128 0.495537 0.360000
v 5.521456 0.383099 0.360000
v 5.545175 0.263741 0.360000
v 5.553300 0.138400 0.360000
v 5.545216 0.010288 0.360000
v 5.521488 -0.110592 0.360000
v 5.482912 -0.223494 0.360000
v 5.430279 -0.327675 0.360000
v 5.364383 -0.422388 0.360000
v 5.286016 -0.506890 0.360000
v 5.195972 -0.580435 0.360000
v 5.095043 -0.642279 0.360000
v 4.984023 -0.691676 0.360000
v 4.863704 -0.727882 0.360000
v 4.734879 -0.750151 0.360000
v 4.598341 -0.757740 0.360000
v 4.552848 -0.756893 0.360000
v 4.508029 -0.754424 0.360000
v 4.463833 -0.750442 0.360000
v 4.420215 -0.745053 0.360000
v 4.377125 -0.738368 0.360000
v 4.334516 -0.730493 0.360000
v 4.292339 -0.721536 0.360000
v 4.250546 -0.711607 0.360000
v 4.209091 -0.700812 0.360000
v 4.167923 -0.689261 0.360000
v 4.126996 -0.677061 0.360000
v 4.086260 -0.664320 0.360000
v 4.086260 -0.179920 0.360000
v 4.539521 -0.179920 0.360000
v 4.539521 0.124560 0.360000
v 3.747181 0.124560 0.360000
v 3.747181 -0.875380 0.360000
v 3.824746 -0.908266 0.360000
v 3.815422 -0.931164 0.356085
v 3.807010 -0.951821 0.344722
v 3.800334 -0.968214 0.327023
v 3.796048 -0.978739 0.304722
v 3.794571 -0.982366 0.280000
v 3.794571 -0.982366 -0.280000
v 3.796048 -0.978739 -0.304721
v 3.800334 -0.968214 -0.327022
v 3.807010 -0.951821 -0.344721
v 3.815422 -0.931164 -0.356084
v 3.824746 -0.908266 -0.360000
v 3.900317 -0.937788 0.360000
v 3.891686 -0.960957 0.356085
v 3.883900 -0.981858 0.344722
v 3.877721 -0.998445 0.327023
v 3.873753 -1.009095 0.304722
v 3.872386 -1.012765 0.280000
v 3.872386 -1.012765 -0.280000
v 3.873753 -1.009095 -0.304721
v 3.877721 -0.998445 -0.327022
v 3.883900 -0.981858 -0.344721
v 3.891686 -0.960957 -0.356084
v 3.900317 -0.937788 -0.360000
v 3.974351 -0.964043 0.360000
v 3.966488 -0.987484 0.356085
v 3.959396 -1.008631 0.344722
v 3.953767 -1.025413 0.327023
v 3.950153 -1.036188 0.304722
v 3.948907 -1.039901 0.280000
v 3.948907 -1.039901 -0.280000
v 3.950153 -1.036188 -0.304721
v 3.953767 -1.025413 -0.327022
v 3.959396 -1.008631 -0.344721
v 3.966488 -0.987484 -0.356084
v 3.974351 -0.964043 -0.360000
v 4.047303 -0.987125 0.360000
v 4.040277 -1.010831 0.356085
v 4.033938 -1.032217 0.344722
v 4.028907 -1.049188 0.327023
v 4.025678 -1.060085 0.304722
v 4.024565 -1.063840 0.280000
v 4.024565 -1.063840 -0.280000
v 4.025678 -1.060085 -0.304721
v 4.028907 -1.049188 -0.327022
v 4.033938 -1.032217 -0.344721
v 4.040277 -1.010831 -0.356084
v 4.047303 -0.987125 -0.360000
v 4.119631 -1.007132 0.360000
v 4.113494 -1.031085 0.356085
v 4.107958 -1.052692 0.344722
v 4.103565 -1.069840 0.327023
v 4.100745 -1.080850 0.304722
v 4.099772 -1.084644 0.280000
v 4.099772 -1.084644 -0.280000
v 4.100745 -1.080850 -0.304721
v 4.103565 -1.069840 -0.327022
v 4.107958 -1.052692 -0.344721
v 4.113494 -1.031085 -0.356084
v 4.119631 -1.007132 -0.360000
v 4.191790 -1.024160 0.360000
v 4.186581 -1.048331 0.356085
v 4.181881 -1.070136 0.344722
v 4.178152 -1.087441 0.327023
v 4.175757 -1.098551 0.304722
v 4.174932 -1.102379 0.280000
v 4.174932 -1.102379 -0.280000
v 4.175757 -1.098551 -0.304721
v 4.178152 -1.087441 -0.327022
v 4.181881 -1.070136 -0.344721
v 4.186581 -1.048331 -0.356084
v 4.191790 -1.024160 -0.360000
v 4.264238 -1.038304 0.360000
v 4.259973 -1.062660 0.356085
v 4.256124 -1.084631 0.344722
v 4.253071 -1.102068 0.327023
v 4.251110 -1.113263 0.304722
v 4.250435 -1.117120 0.280000
v 4.250435 -1.117120 -0.280000
v 4.251110 -1.113263 -0.304721
v 4.253071 -1.102068 -0.327022
v 4.256124 -1.084631 -0.344721
v 4.259973 -1.062660 -0.356084
v 4.264238 -1.038304 -0.360000
v 4.337430 -1.049662 0.360000
v 4.334104 -1.074163 0.356085
v 4.331103 -1.096265 0.344722
v 4.328721 -1.113806 0.327023
v 4.327192 -1.125068 0.304722
v 4.326665 -1.128949 0.280000
v 4.326665 -1.128949 -0.280000
v 4.327192 -1.125068 -0.304721
v 4.328721 -1.113806 -0.327022
v 4.331103 -1.096265 -0.344721
v 4.334104 -1.074163 -0.356084
v 4.337430 -1.049662 -0.360000
v 4.411825 -1.058328 0.360000
v 4.409410 -1.082935 0.356085
v 4.407232 -1.105133 0.344722
v 4.405503 -1.122750 0.327023
v 4.404393 -1.134061 0.304722
v 4.404011 -1.137958 0.280000
v 4.404011 -1.137958 -0.280000
v 4.404393 -1.134061 -0.304721
v 4.405503 -1.122750 -0.327022
v 4.407232 -1.105133 -0.344721
v 4.409410 -1.082935 -0.356084
v 4.411825 -1.058328 -0.360000
v 4.487876 -1.064399 0.360000
v 4.486328 -1.089075 0.356085
v 4.484931 -1.111336 0.344722
v 4.483823 -1.129002 0.327023
v 4.483111 -1.140345 0.304722
v 4.482866 -1.144253 0.280000
v 4.482866 -1.144253 -0.280000
v 4.483111 -1.140345 -0.304721
v 4.483823 -1.129002 -0.327022
v 4.484931 -1.111336 -0.344721
v 4.486328 -1.089075 -0.356084
v 4.487876 -1.064399 -0.360000
v 4.566043 -1.067971 0.360000
v 4.565300 -1.092684 0.356085
v 4.564629 -1.114978 0.344722
v 4.564096 -1.132671 0.327023
v 4.563755 -1.144030 0.304722
v 4.563637 -1.147944 0.280000
v 4.563637 -1.147944 -0.280000
v 4.563755 -1.144030 -0.304721
v 4.564096 -1.132671 -0.327022
v 4.564629 -1.114978 -0.344721
v 4.565300 -1.092684 -0.356084
v 4.566043 -1.067971 -0.360000
v 4.646780 -1.069140 0.360000
v 4.647325 -1.093872 0.356085
v 4.647815 -1.116183 0.344722
v 4.648205 -1.133889 0.327023
v 4.648455 -1.145257 0.304722
v 4.648541 -1.149174 0.280000
v 4.648541 -1.149174 -0.280000
v 4.648455 -1.145257 -0.304721
v 4.648205 -1.133889 -0.327022
v 4.647815 -1.116183 -0.344721
v 4.647325 -1.093872 -0.356084
v 4.646780 -1.069140 -0.360000
v 4.823403 -1.058800 0.360000
v 4.826335 -1.083392 0.356085
v 4.828980 -1.105577 0.344722
v 4.831079 -1.123183 0.327023
v 4.832427 -1.134487 0.304722
v 4.832891 -1.138382 0.280000
v 4.832891 -1.138382 -0.280000
v 4.832427 -1.134487 -0.304721
v 4.831079 -1.123183 -0.327022
v 4.828980 -1.105577 -0.344721
v 4.826335 -1.083392 -0.356084
v 4.823403 -1.058800 -0.360000
v 4.990907 -1.028517 0.360000
v 4.996815 -1.052571 0.356085
v 5.002145 -1.074271 0.344722
v 5.006375 -1.091491 0.327023
v 5.009091 -1.102548 0.304722
v 5.010027 -1.106357 0.280000
v 5.010027 -1.106357 -0.280000
v 5.009091 -1.102548 -0.304721
v 5.006375 -1.091491 -0.327022
v 5.002145 -1.074271 -0.344721
v 4.996815 -1.052571 -0.356084
v 4.990907 -1.028517 -0.360000
v 5.148103 -0.979396 0.360001
v 5.156980 -1.002523 0.356085
v 5.164989 -1.023385 0.344722
v 5.171344 -1.039941 0.327023
v 5.175425 -1.050571 0.304722
v 5.176831 -1.054234 0.280001
v 5.176831 -1.054234 -0.279999
v 5.175425 -1.050571 -0.304721
v 5.171344 -1.039941 -0.327022
v 5.164989 -1.023385 -0.344721
v 5.156980 -1.002523 -0.356084
v 5.148103 -0.979396 -0.360000
v 5.293801 -0.912543 0.360001
v 5.305577 -0.934339 0.356085
v 5.316200 -0.954002 0.344722
v 5.324630 -0.969607 0.327023
v 5.330043 -0.979625 0.304722
v 5.331908 -0.983078 0.280001
v 5.331908 -0.983078 -0.279999
v 5.330043 -0.979625 -0.304721
v 5.324630 -0.969607 -0.327022
v 5.316200 -0.954002 -0.344721
v 5.305577 -0.934339 -0.356084
v 5.293801 -0.912543 -0.360000
v 5.426813 -0.829063 0.360001
v 5.441348 -0.849127 0.356085
v 5.454460 -0.867228 0.344722
v 5.464866 -0.881592 0.327023
v 5.471547 -0.890815 0.304722
v 5.473849 -0.893993 0.280001
v 5.473849 -0.893993 -0.279999
v 5.471547 -0.890815 -0.304721
v 5.464866 -0.881592 -0.327022
v 5.454460 -0.867228 -0.344721
v 5.441348 -0.849127 -0.356084
v 5.426813 -0.829063 -0.360000
v 5.545949 -0.730060 0.360001
v 5.563035 -0.748005 0.356085
v 5.578447 -0.764194 0.344722
v 5.590679 -0.777041 0.327023
v 5.598532 -0.785290 0.304722
v 5.601238 -0.788132 0.280001
v 5.601238 -0.788132 -0.279999
v 5.598532 -0.785290 -0.304721
v 5.590679 -0.777041 -0.327022
v 5.578447 -0.764194 -0.344721
v 5.563035 -0.748005 -0.356084
v 5.545949 -0.730060 -0.360000
v 5.650019 -0.616641 0.360001
v 5.669377 -0.632110 0.356085
v 5.686839 -0.646065 0.344722
v 5.700698 -0.657139 0.327023
v 5.709595 -0.664249 0.304722
v 5.712661 -0.666699 0.280001
v 5.712661 -0.666699 -0.279999
v 5.709595 -0.664249 -0.304721
v 5.700698 -0.657139 -0.327022
v 5.686839 -0.646065 -0.344721
v 5.669377 -0.632110 -0.356084
v 5.650019 -0.616641 -0.360000
v 5.737835 -0.489910 0.360001
v 5.759121 -0.502595 0.356085
v 5.778325 -0.514038 0.344722
v 5.793564 -0.523120 0.327023
v 5.803349 -0.528950 0.304722
v 5.806720 -0.530959 0.280001
v 5.806720 -0.530959 -0.279999
v 5.803349 -0.528950 -0.304721
v 5.793564 -0.523120 -0.327022
v 5.778325 -0.514038 -0.344721
v 5.759121 -0.502595 -0.356084
v 5.737835 -0.489910 -0.359999
v 5.808206 -0.350974 0.360001
v 5.831025 -0.360634 0.356085
v 5.851610 -0.369348 0.344722
v 5.867947 -0.376263 0.327023
v 5.878436 -0.380703 0.304722
v 5.882050 -0.382233 0.280001
v 5.882050 -0.382233 -0.279999
v 5.878436 -0.380703 -0.304721
v 5.867947 -0.376263 -0.327022
v 5.851610 -0.369348 -0.344721
v 5.831025 -0.360634 -0.356084
v 5.808206 -0.350974 -0.359999
v 5.859944 -0.200936 0.360001
v 5.883861 -0.207413 0.356085
v 5.905436 -0.213255 0.344722
v 5.922558 -0.217892 0.327023
v 5.933551 -0.220869 0.304722
v 5.937339 -0.221895 0.280001
v 5.937339 -0.221895 -0.279999
v 5.933551 -0.220869 -0.304721
v 5.922558 -0.217892 -0.327022
v 5.905436 -0.213255 -0.344721
v 5.883861 -0.207413 -0.356084
v 5.859944 -0.200936 -0.360000
v 5.891859 -0.040903 0.360001
v 5.916423 -0.044131 0.356085
v 5.938583 -0.047043 0.344722
v 5.956169 -0.049353 0.327023
v 5.967460 -0.050837 0.304722
v 5.971351 -0.051348 0.280001
v 5.971351 -0.051348 -0.279999
v 5.967460 -0.050837 -0.304721
v 5.956169 -0.049353 -0.327022
v 5.938583 -0.047043 -0.344721
v 5.916423 -0.044131 -0.356084
v 5.891859 -0.040903 -0.360000
v 5.902761 0.128020 0.360001
v 5.927535 0.128034 0.356085
v 5.949883 0.128046 0.344722
v 5.967619 0.128056 0.327023
v 5.979006 0.128062 0.304722
v 5.982930 0.128064 0.280001
v 5.982930 0.128064 -0.279999
v 5.979006 0.128062 -0.304721
v 5.967619 0.128056 -0.327022
v 5.949883 0.128046 -0.344721
v 5.927535 0.128034 -0.356084
v 5.902761 0.128020 -0.360000
v 5.891588 0.298215 0.360001
v 5.916148 0.301481 0.356085
v 5.938304 0.304428 0.344722
v 5.955887 0.306766 0.327023
v 5.967176 0.308268 0.304722
v 5.971066 0.308785 0.280001
v 5.971066 0.308785 -0.279999
v 5.967176 0.308268 -0.304721
v 5.955887 0.306766 -0.327022
v 5.938304 0.304428 -0.344721
v 5.916148 0.301481 -0.356084
v 5.891588 0.298215 -0.360000
v 5.858934 0.460228 0.360001
v 5.882840 0.466745 0.356085
v 5.904405 0.472623 0.344722
v 5.921519 0.477289 0.327023
v 5.932507 0.480284 0.304722
v 5.936293 0.481316 0.280001
v 5.936293 0.481316 -0.279999
v 5.932507 0.480284 -0.304721
v 5.921519 0.477289 -0.327022
v 5.904405 0.472623 -0.344721
v 5.882840 0.466745 -0.356084
v 5.858934 0.460228 -0.360000
v 5.806098 0.612799 0.360000
v 5.828912 0.622464 0.356085
v 5.849493 0.631184 0.344722
v 5.865827 0.638104 0.327023
v 5.876313 0.642546 0.304722
v 5.879927 0.644077 0.280000
v 5.879927 0.644077 -0.280000
v 5.876313 0.642546 -0.304721
v 5.865827 0.638104 -0.327022
v 5.849493 0.631184 -0.344721
v 5.828912 0.622464 -0.356084
v 5.806098 0.612799 -0.360000
v 5.734375 0.754665 0.360000
v 5.755687 0.767301 0.356085
v 5.774913 0.778701 0.344722
v 5.790171 0.787748 0.327023
v 5.799967 0.793556 0.304722
v 5.803343 0.795558 0.280000
v 5.803343 0.795558 -0.280000
v 5.799967 0.793556 -0.304721
v 5.790171 0.787748 -0.327022
v 5.774913 0.778701 -0.344721
v 5.755687 0.767301 -0.356084
v 5.734375 0.754665 -0.360000
v 5.645063 0.884565 0.360000
v 5.664499 0.899931 0.356085
v 5.682033 0.913792 0.344722
v 5.695948 0.924793 0.327023
v 5.704882 0.931856 0.304722
v 5.707960 0.934290 0.280000
v 5.707960 0.934290 -0.280000
v 5.704882 0.931856 -0.304721
v 5.695948 0.924793 -0.327022
v 5.682033 0.913792 -0.344721
v 5.664499 0.899931 -0.356084
v 5.645063 0.884565 -0.360000
v 5.539461 1.001238 0.360000
v 5.556691 1.019041 0.356085
v 5.572235 1.035101 0.344722
v 5.584570 1.047846 0.327023
v 5.592490 1.056029 0.304722
v 5.595219 1.058849 0.280000
v 5.595219 1.058849 -0.280000
v 5.592490 1.056029 -0.304721
v 5.584570 1.047846 -0.327022
v 5.572235 1.035101 -0.344721
v 5.556691 1.019041 -0.356084
v 5.539461 1.001238 -0.360000
v 5.418866 1.103422 0.360000
v 5.433609 1.123332 0.356085
v 5.446910 1.141292 0.344722
v 5.457466 1.155546 0.327023
v 5.464242 1.164698 0.304722
v 5.466578 1.167851 0.280000
v 5.466578 1.167851 -0.280000
v 5.464242 1.164698 -0.304721
v 5.457466 1.155546 -0.327022
v 5.446910 1.141292 -0.344721
v 5.433609 1.123332 -0.356084
v 5.418866 1.103422 -0.360000
v 5.284575 1.189856 0.360000
v 5.296603 1.211513 0.356085
v 5.307453 1.231051 0.344722
v 5.316064 1.246556 0.327023
v 5.321593 1.256511 0.304722
v 5.323498 1.259941 0.280000
v 5.323498 1.259941 -0.280000
v 5.321593 1.256511 -0.304721
v 5.316064 1.246556 -0.327022
v 5.307453 1.231051 -0.344721
v 5.296603 1.211513 -0.356084
v 5.284575 1.189856 -0.360000
v 5.137885 1.259278 0.360000
v 5.147022 1.282304 0.356085
v 5.155264 1.303076 0.344722
v 5.161806 1.319561 0.327023
v 5.166005 1.330145 0.304722
v 5.167452 1.333792 0.280000
v 5.167452 1.333792 -0.280000
v 5.166005 1.330145 -0.304721
v 5.161806 1.319561 -0.327022
v 5.155264 1.303076 -0.344721
v 5.147022 1.282304 -0.356084
v 5.137885 1.259278 -0.360000
v 4.980094 1.310427 0.360000
v 4.986222 1.334429 0.356085
v 4.991750 1.356081 0.344722
v 4.996137 1.373264 0.327023
v 4.998953 1.384296 0.304722
v 4.999924 1.388098 0.280000
v 4.999924 1.388098 -0.280000
v 4.998953 1.384296 -0.304721
v 4.996137 1.373264 -0.327022
v 4.991750 1.356081 -0.344721
v 4.986222 1.334429 -0.356084
v 4.980094 1.310427 -0.360000
v 4.812500 1.342042 0.360000
v 4.815562 1.366621 0.356085
v 4.818323 1.388795 0.344722
v 4.820515 1.406393 0.327023
v 4.821922 1.417691 0.304722
v 4.822407 1.421584 0.280000
v 4.822407 1.421584 -0.280000
v 4.821922 1.417691 -0.304721
v 4.820515 1.406393 -0.327022
v 4.818323 1.388795 -0.344721
v 4.815562 1.366621 -0.356084
v 4.812500 1.342042 -0.360000
v 4.636401 1.352860 0.360000
v 4.636981 1.377592 0.356085
v 4.637505 1.399904 0.344722
v 4.637920 1.417610 0.327023
v 4.638187 1.428978 0.304722
v 4.638279 1.432896 0.280000
v 4.638279 1.432896 -0.280000
v 4.638187 1.428978 -0.304721
v 4.637920 1.417610 -0.327022
v 4.637505 1.399904 -0.344721
v 4.636981 1.377592 -0.356084
v 4.636401 1.352860 -0.360000
v 4.568779 1.351885 0.360000
v 4.568017 1.376598 0.356085
v 4.567329 1.398892 0.344722
v 4.566783 1.416584 0.327023
v 4.566433 1.427944 0.304722
v 4.566312 1.431858 0.280000
v 4.566312 1.431858 -0.280000
v 4.566433 1.427944 -0.304721
v 4.566783 1.416584 -0.327022
v 4.567329 1.398892 -0.344721
v 4.568017 1.376598 -0.356084
v 4.568779 1.351885 -0.360000
v 4.503718 1.348807 0.360000
v 4.502083 1.373479 0.356085
v 4.500608 1.395736 0.344722
v 4.499437 1.413399 0.327023
v 4.498686 1.424739 0.304722
v 4.498427 1.428647 0.280000
v 4.498427 1.428647 -0.280000
v 4.498686 1.424739 -0.304721
v 4.499437 1.413399 -0.327022
v 4.500608 1.395736 -0.344721
v 4.502083 1.373479 -0.356084
v 4.503718 1.348807 -0.360000
v 4.440315 1.343399 0.360000
v 4.437704 1.367988 0.356085
v 4.435349 1.390169 0.344722
v 4.433479 1.407772 0.327023
v 4.432279 1.419075 0.304722
v 4.431866 1.422969 0.280000
v 4.431866 1.422969 -0.280000
v 4.432279 1.419075 -0.304721
v 4.433479 1.407772 -0.327022
v 4.435349 1.390169 -0.344721
v 4.437704 1.367988 -0.356084
v 4.440315 1.343399 -0.360000
v 4.377669 1.335432 0.360000
v 4.374021 1.359888 0.356085
v 4.370730 1.381951 0.344722
v 4.368119 1.399460 0.327023
v 4.366442 1.410702 0.304722
v 4.365864 1.414575 0.280000
v 4.365864 1.414575 -0.280000
v 4.366442 1.410702 -0.304721
v 4.368119 1.399460 -0.327022
v 4.370730 1.381951 -0.344721
v 4.374021 1.359888 -0.356084
v 4.377669 1.335432 -0.360000
v 4.314878 1.324677 0.360000
v 4.310183 1.348955 0.356085
v 4.305948 1.370855 0.344722
v 4.302586 1.388236 0.327023
v 4.300428 1.399395 0.304722
v 4.299685 1.403240 0.280000
v 4.299685 1.403240 -0.280000
v 4.300428 1.399395 -0.304721
v 4.302586 1.388236 -0.327022
v 4.305948 1.370855 -0.344721
v 4.310183 1.348955 -0.356084
v 4.314878 1.324677 -0.360000
v 4.251043 1.310908 0.360000
v 4.245339 1.334967 0.356085
v 4.240193 1.356672 0.344722
v 4.236110 1.373896 0.327023
v 4.233489 1.384956 0.304722
v 4.232585 1.388766 0.280000
v 4.232585 1.388766 -0.280000
v 4.233489 1.384956 -0.304721
v 4.236110 1.373896 -0.327023
v 4.240193 1.356672 -0.344721
v 4.245339 1.334967 -0.356084
v 4.251043 1.310908 -0.360000
v 4.185261 1.293894 0.360000
v 4.178628 1.317713 0.356085
v 4.172644 1.339201 0.344722
v 4.167896 1.356254 0.327023
v 4.164847 1.367202 0.304722
v 4.163796 1.370975 0.280000
v 4.163796 1.370975 -0.280000
v 4.164847 1.367202 -0.304721
v 4.167896 1.356254 -0.327023
v 4.172644 1.339201 -0.344721
v 4.178628 1.317713 -0.356084
v 4.185261 1.293894 -0.360000
v 4.116632 1.273408 0.360000
v 4.109177 1.296982 0.356085
v 4.102451 1.318249 0.344722
v 4.097114 1.335126 0.327023
v 4.093688 1.345961 0.304722
v 4.092506 1.349695 0.280000
v 4.092506 1.349695 -0.280000
v 4.093688 1.345961 -0.304721
v 4.097114 1.335126 -0.327023
v 4.102451 1.318249 -0.344721
v 4.109177 1.296982 -0.356084
v 4.116632 1.273408 -0.360000
v 4.044254 1.249222 0.360000
v 4.036097 1.272562 0.356085
v 4.028738 1.293616 0.344722
v 4.022898 1.310325 0.327023
v 4.019148 1.321053 0.304722
v 4.017857 1.324750 0.280000
v 4.017857 1.324750 -0.280000
v 4.019148 1.321053 -0.304721
v 4.022898 1.310325 -0.327023
v 4.028738 1.293616 -0.344721
v 4.036097 1.272562 -0.356084
v 4.044254 1.249222 -0.360000
v 3.967227 1.221108 0.360000
v 3.958488 1.244235 0.356085
v 3.950605 1.265098 0.344722
v 3.944350 1.281655 0.327023
v 3.940333 1.292286 0.304722
v 3.938949 1.295949 0.280000
v 3.938949 1.295949 -0.280000
v 3.940333 1.292286 -0.304721
v 3.944350 1.281655 -0.327023
v 3.950605 1.265098 -0.344721
v 3.958488 1.244235 -0.356084
v 3.967227 1.221108 -0.360000
v 3.884650 1.188836 0.360000
v 3.875443 1.211781 0.356085
v 3.867139 1.232479 0.344722
v 3.860548 1.248906 0.327023
v 3.856317 1.259452 0.304722
v 3.854858 1.263086 0.280000
v 3.854858 1.263086 -0.280000
v 3.856317 1.259452 -0.304721
v 3.860548 1.248906 -0.327023
v 3.867139 1.232479 -0.344721
v 3.875443 1.211781 -0.356084
v 3.884650 1.188836 -0.360000
v 3.795620 1.152180 0.360000
v 3.770899 1.168736 0.356085
v 3.748598 1.183672 0.344722
v 3.730899 1.195525 0.327023
v 3.719536 1.203135 0.304722
v 3.715621 1.205757 0.280000
v 3.715621 1.205757 -0.280000
v 3.719536 1.203135 -0.304721
v 3.730899 1.195525 -0.327023
v 3.748598 1.183672 -0.344721
v 3.770899 1.168736 -0.356084
v 3.795620 1.152180 -0.360000
v 3.795620 0.809640 0.360000
v 3.770899 0.768686 0.356085
v 3.748598 0.731742 0.344722
v 3.730899 0.702422 0.327023
v 3.719536 0.683598 0.304722
v 3.715621 0.677111 0.280000
v 3.715621 0.677111 -0.280000
v 3.719536 0.683598 -0.304721
v 3.730899 0.702422 -0.327023
v 3.748598 0.731742 -0.344721
v 3.770899 0.768686 -0.356084
v 3.795620 0.809640 -0.360000
v 3.865029 0.846182 0.360000
v 3.876138 0.824093 0.356085
v 3.886161 0.804166 0.344722
v 3.894114 0.788352 0.327023
v 3.899221 0.778199 0.304722
v 3.900981 0.774700 0.280000
v 3.900981 0.774700 -0.280000
v 3.899221 0.778199 -0.304721
v 3.894114 0.788352 -0.327023
v 3.886161 0.804166 -0.344721
v 3.876138 0.824093 -0.356084
v 3.865029 0.846182 -0.360000
v 3.934821 0.879673 0.360000
v 3.945091 0.857181 0.356085
v 3.954355 0.836890 0.344722
v 3.961707 0.820787 0.327023
v 3.966428 0.810449 0.304722
v 3.968054 0.806886 0.280000
v 3.968054 0.806886 -0.280000
v 3.966428 0.810449 -0.304721
v 3.961707 0.820787 -0.327023
v 3.954355 0.836890 -0.344721
v 3.945091 0.857181 -0.356084
v 3.934821 0.879673 -0.360000
v 4.004951 0.910088 0.360000
v 4.014343 0.887215 0.356085
v 4.022815 0.866581 0.344722
v 4.029540 0.850206 0.327023
v 4.033856 0.839693 0.304722
v 4.035344 0.836070 0.280000
v 4.035344 0.836070 -0.280000
v 4.033856 0.839693 -0.304721
v 4.029540 0.850206 -0.327022
v 4.022815 0.866581 -0.344721
v 4.014343 0.887215 -0.356084
v 4.004951 0.910088 -0.360000
v 4.075368 0.937404 0.360000
v 4.083846 0.914176 0.356085
v 4.091493 0.893222 0.344722
v 4.097563 0.876593 0.327023
v 4.101460 0.865916 0.304722
v 4.102802 0.862238 0.280000
v 4.102802 0.862238 -0.280000
v 4.101460 0.865916 -0.304721
v 4.097563 0.876593 -0.327022
v 4.091493 0.893222 -0.344721
v 4.083846 0.914176 -0.356084
v 4.075368 0.937404 -0.360000
v 4.146026 0.961596 0.360000
v 4.153552 0.938043 0.356085
v 4.160342 0.916795 0.344722
v 4.165730 0.899933 0.327023
v 4.169190 0.889106 0.304722
v 4.170382 0.885376 0.280000
v 4.170382 0.885376 -0.280000
v 4.169190 0.889106 -0.304721
v 4.165730 0.899933 -0.327022
v 4.160342 0.916795 -0.344721
v 4.153552 0.938043 -0.356084
v 4.146026 0.961596 -0.360000
v 4.216876 0.982640 0.360000
v 4.223415 0.958794 0.356085
v 4.229315 0.937282 0.344722
v 4.233997 0.920210 0.327023
v 4.237004 0.909249 0.304722
v 4.238039 0.905472 0.280000
v 4.238039 0.905472 -0.280000
v 4.237004 0.909249 -0.304721
v 4.233997 0.920210 -0.327022
v 4.229315 0.937282 -0.344721
v 4.223415 0.958794 -0.356084
v 4.216876 0.982640 -0.360000
v 4.287869 1.000513 0.360000
v 4.293389 0.976409 0.356085
v 4.298368 0.954666 0.344722
v 4.302320 0.937410 0.327023
v 4.304856 0.926331 0.304722
v 4.305731 0.922513 0.280000
v 4.305731 0.922513 -0.280000
v 4.304856 0.926331 -0.304721
v 4.302320 0.937410 -0.327022
v 4.298368 0.954666 -0.344721
v 4.293389 0.976409 -0.356084
v 4.287869 1.000513 -0.360000
v 4.358960 1.015190 0.360000
v 4.363427 0.990869 0.356085
v 4.367456 0.968929 0.344722
v 4.370654 0.951518 0.327023
v 4.372707 0.940339 0.304722
v 4.373415 0.936487 0.280000
v 4.373415 0.936487 -0.280000
v 4.372707 0.940339 -0.304721
v 4.370654 0.951518 -0.327022
v 4.367456 0.968929 -0.344721
v 4.363427 0.990869 -0.356084
v 4.358960 1.015190 -0.360000
v 4.430098 1.026647 0.360000
v 4.433483 1.002152 0.356085
v 4.436536 0.980055 0.344722
v 4.438960 0.962519 0.327023
v 4.440516 0.951260 0.304722
v 4.441051 0.947380 0.280000
v 4.441051 0.947380 -0.280000
v 4.440516 0.951260 -0.304721
v 4.438960 0.962519 -0.327022
v 4.436536 0.980055 -0.344721
v 4.433483 1.002152 -0.356084
v 4.430098 1.026647 -0.360000
v 4.501236 1.034860 0.360000
v 4.503513 1.010238 0.356085
v 4.505567 0.988025 0.344722
v 4.507197 0.970397 0.327023
v 4.508244 0.959079 0.304722
v 4.508604 0.955180 0.280000
v 4.508604 0.955180 -0.280000
v 4.508244 0.959079 -0.304721
v 4.507197 0.970397 -0.327022
v 4.505567 0.988025 -0.344721
v 4.503513 1.010238 -0.356084
v 4.501236 1.034860 -0.360000
v 4.572327 1.039806 0.360000
v 4.573473 1.015105 0.356085
v 4.574507 0.992821 0.344722
v 4.575328 0.975137 0.327023
v 4.575855 0.963783 0.304722
v 4.576036 0.959871 0.280000
v 4.576036 0.959871 -0.280000
v 4.575855 0.963783 -0.304721
v 4.575328 0.975137 -0.327022
v 4.574507 0.992821 -0.344721
v 4.573473 1.015105 -0.356084
v 4.572327 1.039806 -0.360000
v 4.643321 1.041460 0.360000
v 4.642822 1.016720 0.356085
v 4.642373 0.994402 0.344722
v 4.642015 0.976691 0.327023
v 4.641787 0.965319 0.304722
v 4.641707 0.961401 0.280000
v 4.641707 0.961401 -0.280000
v 4.641787 0.965319 -0.304721
v 4.642015 0.976691 -0.327022
v 4.642373 0.994402 -0.344721
v 4.642822 1.016720 -0.356084
v 4.643321 1.041460 -0.360000
v 4.768798 1.033471 0.360000
v 4.765634 1.008901 0.356085
v 4.762780 0.986736 0.344722
v 4.760515 0.969146 0.327023
v 4.759061 0.957852 0.304722
v 4.758560 0.953961 0.280000
v 4.758560 0.953961 -0.280000
v 4.759061 0.957852 -0.304721
v 4.760515 0.969146 -0.327022
v 4.762780 0.986736 -0.344721
v 4.765634 1.008901 -0.356084
v 4.768798 1.033471 -0.360000
v 4.888532 1.010128 0.360000
v 4.882223 0.986171 0.356085
v 4.876532 0.964559 0.344722
v 4.872015 0.947408 0.327023
v 4.869115 0.936397 0.304722
v 4.868115 0.932602 0.280000
v 4.868115 0.932602 -0.280000
v 4.869115 0.936397 -0.304721
v 4.872015 0.947408 -0.327022
v 4.876532 0.964559 -0.344721
v 4.882223 0.986171 -0.356084
v 4.888532 1.010128 -0.360000
v 5.001539 0.972368 0.360000
v 4.992173 0.949433 0.356085
v 4.983724 0.928742 0.344722
v 4.977019 0.912323 0.327023
v 4.972714 0.901780 0.304722
v 4.971231 0.898148 0.280000
v 4.971231 0.898148 -0.280000
v 4.972714 0.901780 -0.304721
v 4.977019 0.912323 -0.327022
v 4.983724 0.928742 -0.344721
v 4.992173 0.949433 -0.356084
v 5.001539 0.972368 -0.360000
v 5.106833 0.921129 0.360000
v 5.094561 0.899608 0.356085
v 5.083490 0.880193 0.344722
v 5.074704 0.864786 0.327023
v 5.069064 0.854894 0.304722
v 5.067120 0.851485 0.280000
v 5.067120 0.851485 -0.280000
v 5.069064 0.854894 -0.304721
v 5.074704 0.864786 -0.327022
v 5.083490 0.880193 -0.344721
v 5.094561 0.899608 -0.356084
v 5.106833 0.921129 -0.360000
v 5.203428 0.857347 0.360000
v 5.188454 0.837610 0.356085
v 5.174945 0.819806 0.344722
v 5.164225 0.805676 0.327023
v 5.157342 0.796603 0.304722
v 5.154971 0.793477 0.280000
v 5.154971 0.793477 -0.280000
v 5.157342 0.796603 -0.304721
v 5.164225 0.805676 -0.327022
v 5.174945 0.819806 -0.344721
v 5.188454 0.837610 -0.356084
v 5.203428 0.857347 -0.360000
v 5.290341 0.781960 0.360000
v 5.272915 0.764350 0.356085
v 5.257195 0.748463 0.344722
v 5.244719 0.735856 0.327023
v 5.236709 0.727761 0.304722
v 5.233949 0.724972 0.280000
v 5.233949 0.724972 -0.280000
v 5.236709 0.727761 -0.304721
v 5.244719 0.735856 -0.327022
v 5.257195 0.748463 -0.344721
v 5.272915 0.764350 -0.356084
v 5.290341 0.781960 -0.360000
v 5.366585 0.695905 0.360000
v 5.347000 0.680731 0.356085
v 5.329332 0.667043 0.344722
v 5.315311 0.656180 0.327023
v 5.306309 0.649206 0.304722
v 5.303207 0.646803 0.280000
v 5.303207 0.646803 -0.280000
v 5.306309 0.649206 -0.304721
v 5.315311 0.656180 -0.327022
v 5.329332 0.667043 -0.344721
v 5.347000 0.680731 -0.356084
v 5.366585 0.695905 -0.360000
v 5.431176 0.600118 0.360000
v 5.409764 0.587654 0.356085
v 5.390448 0.576410 0.344722
v 5.375119 0.567486 0.327023
v 5.365277 0.561757 0.304722
v 5.361886 0.559783 0.280000
v 5.361886 0.559783 -0.280000
v 5.365277 0.561757 -0.304721
v 5.375119 0.567486 -0.327022
v 5.390448 0.576410 -0.344721
v 5.409764 0.587654 -0.356084
v 5.431176 0.600118 -0.360000
v 5.483128 0.495537 0.360000
v 5.460258 0.486008 0.356085
v 5.439627 0.477411 0.344722
v 5.423254 0.470589 0.327023
v 5.412741 0.466209 0.304722
v 5.409119 0.464700 0.280000
v 5.409119 0.464700 -0.280000
v 5.412741 0.466209 -0.304721
v 5.423254 0.470589 -0.327022
v 5.439627 0.477411 -0.344721
v 5.460258 0.486008 -0.356084
v 5.483128 0.495537 -0.360000
v 5.521456 0.383099 0.360000
v 5.497528 0.376673 0.356085
v 5.475942 0.370877 0.344722
v 5.458812 0.366277 0.327023
v 5.447814 0.363323 0.304722
v 5.444024 0.362305 0.280000
v 5.444024 0.362305 -0.280000
v 5.447814 0.363323 -0.304721
v 5.458812 0.366277 -0.327022
v 5.475942 0.370877 -0.344721
v 5.497528 0.376673 -0.356084
v 5.521456 0.383099 -0.360000
v 5.545175 0.263741 0.360000
v 5.520611 0.260518 0.356085
v 5.498451 0.257611 0.344722
v 5.480865 0.255304 0.327023
v 5.469574 0.253822 0.304722
v 5.465683 0.253312 0.280000
v 5.465683 0.253312 -0.280000
v 5.469574 0.253822 -0.304721
v 5.480865 0.255304 -0.327022
v 5.498451 0.257611 -0.344721
v 5.520611 0.260518 -0.356084
v 5.545175 0.263741 -0.360000
v 5.553300 0.138400 0.360000
v 5.528529 0.138379 0.356085
v 5.506181 0.138360 0.344722
v 5.488447 0.138344 0.327023
v 5.477060 0.138335 0.304722
v 5.473137 0.138331 0.280000
v 5.473137 0.138331 -0.280000
v 5.477060 0.138335 -0.304721
v 5.488447 0.138344 -0.327022
v 5.506181 0.138360 -0.344721
v 5.528529 0.138379 -0.356084
v 5.553300 0.138400 -0.360000
v 5.545216 0.010288 0.360000
v 5.520645 0.013461 0.356085
v 5.498480 0.016323 0.344722
v 5.480890 0.018595 0.327023
v 5.469596 0.020053 0.304722
v 5.465704 0.020556 0.280000
v 5.465704 0.020556 -0.280000
v 5.469596 0.020053 -0.304721
v 5.480890 0.018595 -0.327022
v 5.498480 0.016323 -0.344721
v 5.520645 0.013461 -0.356084
v 5.545216 0.010288 -0.360000
v 5.521488 -0.110592 0.360000
v 5.497553 -0.104185 0.356085
v 5.475960 -0.098406 0.344722
v 5.458824 -0.093819 0.327023
v 5.447822 -0.090874 0.304722
v 5.444031 -0.089859 0.280000
v 5.444031 -0.089859 -0.280000
v 5.447822 -0.090874 -0.304721
v 5.458824 -0.093819 -0.327022
v 5.475960 -0.098406 -0.344721
v 5.497553 -0.104185 -0.356084
v 5.521488 -0.110592 -0.360000
v 5.482912 -0.223494 0.360000
v 5.460073 -0.213878 0.356085
v 5.439469 -0.205203 0.344722
v 5.423119 -0.198318 0.327023
v 5.412621 -0.193898 0.304722
v 5.409004 -0.192375 0.280000
v 5.409004 -0.192375 -0.280000
v 5.412621 -0.193898 -0.304721
v 5.423119 -0.198318 -0.327022
v 5.439469 -0.205203 -0.344721
v 5.460073 -0.213878 -0.356084
v 5.482912 -0.223494 -0.360000
v 5.430279 -0.327675 0.360000
v 5.408996 -0.314979 0.356085
v 5.389795 -0.303527 0.344722
v 5.374558 -0.294438 0.327023
v 5.364775 -0.288603 0.304722
v 5.361404 -0.286592 0.280000
v 5.361404 -0.286592 -0.280000
v 5.364775 -0.288603 -0.304721
v 5.374558 -0.294438 -0.327022
v 5.389795 -0.303527 -0.344721
v 5.408996 -0.314980 -0.356084
v 5.430279 -0.327675 -0.360000
v 5.364383 -0.422388 0.360000
v 5.345079 -0.406848 0.356085
v 5.327664 -0.392829 0.344722
v 5.313844 -0.381703 0.327023
v 5.304971 -0.374560 0.304722
v 5.301914 -0.372099 0.280000
v 5.301914 -0.372099 -0.280000
v 5.304971 -0.374560 -0.304721
v 5.313844 -0.381703 -0.327022
v 5.327664 -0.392829 -0.344721
v 5.345079 -0.406848 -0.356084
v 5.364383 -0.422388 -0.360000
v 5.286016 -0.506890 0.360000
v 5.269053 -0.488826 0.356085
v 5.253750 -0.472529 0.344722
v 5.241606 -0.459597 0.327023
v 5.233809 -0.451293 0.304722
v 5.231122 -0.448432 0.280000
v 5.231122 -0.448432 -0.280000
v 5.233809 -0.451293 -0.304721
v 5.241606 -0.459597 -0.327022
v 5.253750 -0.472529 -0.344721
v 5.269053 -0.488826 -0.356084
v 5.286016 -0.506890 -0.360000
v 5.195972 -0.580435 0.360000
v 5.181630 -0.560230 0.356085
v 5.168691 -0.542003 0.344722
v 5.158423 -0.527538 0.327023
v 5.151830 -0.518251 0.304722
v 5.149559 -0.515051 0.280000
v 5.149559 -0.515051 -0.280000
v 5.151830 -0.518251 -0.304721
v 5.158423 -0.527538 -0.327022
v 5.168691 -0.542003 -0.344721
v 5.181630 -0.560230 -0.356084
v 5.195972 -0.580435 -0.360000
v 5.095043 -0.642279 0.360000
v 5.083511 -0.620352 0.356085
v 5.073108 -0.600571 0.344722
v 5.064851 -0.584873 0.327023
v 5.059550 -0.574795 0.304722
v 5.057724 -0.571322 0.280000
v 5.057724 -0.571322 -0.280000
v 5.059550 -0.574795 -0.304721
v 5.064851 -0.584873 -0.327022
v 5.073108 -0.600571 -0.344721
v 5.083511 -0.620352 -0.356084
v 5.095043 -0.642279 -0.360000
v 4.984023 -0.691676 0.360000
v 4.975402 -0.668453 0.356085
v 4.967625 -0.647504 0.344722
v 4.961453 -0.630879 0.327023
v 4.957490 -0.620205 0.304722
v 4.956125 -0.616527 0.280000
v 4.956125 -0.616527 -0.280000
v 4.957490 -0.620205 -0.304721
v 4.961453 -0.630879 -0.327022
v 4.967625 -0.647504 -0.344721
v 4.975402 -0.668453 -0.356084
v 4.984023 -0.691676 -0.360000
v 4.863704 -0.727882 0.360000
v 4.858016 -0.703777 0.356085
v 4.852884 -0.682032 0.344722
v 4.848812 -0.664775 0.327023
v 4.846198 -0.653695 0.304722
v 4.845296 -0.649877 0.280000
v 4.845296 -0.649877 -0.280000
v 4.846198 -0.653695 -0.304721
v 4.848812 -0.664775 -0.327022
v 4.852884 -0.682032 -0.344721
v 4.858016 -0.703777 -0.356084
v 4.863704 -0.727882 -0.360000
v 4.734879 -0.750151 0.360000
v 4.732078 -0.725547 0.356085
v 4.729551 -0.703352 0.344722
v 4.727546 -0.685738 0.327023
v 4.726258 -0.674428 0.304722
v 4.725815 -0.670532 0.280000
v 4.725815 -0.670532 -0.280000
v 4.726258 -0.674428 -0.304721
v 4.727546 -0.685738 -0.327022
v 4.729551 -0.703352 -0.344721
v 4.732078 -0.725547 -0.356084
v 4.734879 -0.750151 -0.360000
v 4.598341 -0.757740 0.360000
v 4.597884 -0.733006 0.356085
v 4.597472 -0.710693 0.344722
v 4.597146 -0.692985 0.327023
v 4.596936 -0.681616 0.304722
v 4.596863 -0.677699 0.280000
v 4.596863 -0.677699 -0.280000
v 4.596936 -0.681616 -0.304721
v 4.597146 -0.692985 -0.327022
v 4.597472 -0.710693 -0.344721
v 4.597884 -0.733006 -0.356084
v 4.598341 -0.757740 -0.360000
v 4.552848 -0.756893 0.360000
v 4.553759 -0.732184 0.356085
v 4.554580 -0.709894 0.344722
v 4.555232 -0.692205 0.327023
v 4.555650 -0.680847 0.304722
v 4.555794 -0.676934 0.280000
v 4.555794 -0.676934 -0.280000
v 4.555650 -0.680847 -0.304721
v 4.555232 -0.692205 -0.327022
v 4.554580 -0.709894 -0.344721
v 4.553759 -0.732184 -0.356084
v 4.552848 -0.756893 -0.360000
v 4.508029 -0.754424 0.360000
v 4.509818 -0.729764 0.356085
v 4.511433 -0.707518 0.344722
v 4.512714 -0.689863 0.327023
v 4.513537 -0.678528 0.304722
v 4.513820 -0.674622 0.280000
v 4.513820 -0.674622 -0.280000
v 4.513537 -0.678528 -0.304721
v 4.512714 -0.689863 -0.327022
v 4.511433 -0.707518 -0.344721
v 4.509818 -0.729764 -0.356084
v 4.508029 -0.754424 -0.360000
v 4.463833 -0.750442 0.360000
v 4.466459 -0.725857 0.356085
v 4.468827 -0.703678 0.344722
v 4.470707 -0.686077 0.327023
v 4.471914 -0.674777 0.304722
v 4.472330 -0.670883 0.280000
v 4.472330 -0.670883 -0.280000
v 4.471914 -0.674777 -0.304721
v 4.470707 -0.686077 -0.327022
v 4.468827 -0.703678 -0.344721
v 4.466459 -0.725857 -0.356084
v 4.463833 -0.750442 -0.360000
v 4.420215 -0.745053 0.360000
v 4.423626 -0.720565 0.356085
v 4.426703 -0.698475 0.344722
v 4.429146 -0.680943 0.327023
v 4.430714 -0.669688 0.304722
v 4.431254 -0.665809 0.280000
v 4.431254 -0.665809 -0.280000
v 4.430714 -0.669688 -0.304721
v 4.429146 -0.680943 -0.327022
v 4.426703 -0.698475 -0.344721
v 4.423626 -0.720565 -0.356084
v 4.420215 -0.745053 -0.360000
v 4.377125 -0.738368 0.360000
v 4.381267 -0.713993 0.356085
v 4.385005 -0.692005 0.344722
v 4.387970 -0.674555 0.327023
v 4.389874 -0.663351 0.304722
v 4.390530 -0.659490 0.280000
v 4.390530 -0.659490 -0.280000
v 4.389874 -0.663351 -0.304721
v 4.387970 -0.674555 -0.327022
v 4.385005 -0.692005 -0.344721
v 4.381267 -0.713993 -0.356084
v 4.377125 -0.738368 -0.360000
v 4.334516 -0.730493 0.360000
v 4.339331 -0.706242 0.356085
v 4.343674 -0.684366 0.344722
v 4.347121 -0.667005 0.327023
v 4.349334 -0.655858 0.304722
v 4.350097 -0.652017 0.280000
v 4.350097 -0.652017 -0.280000
v 4.349334 -0.655858 -0.304721
v 4.347121 -0.667005 -0.327022
v 4.343674 -0.684366 -0.344721
v 4.339331 -0.706242 -0.356084
v 4.334516 -0.730493 -0.360000
v 4.292339 -0.721536 0.360000
v 4.297764 -0.697416 0.356085
v 4.302659 -0.675656 0.344722
v 4.306543 -0.658388 0.327023
v 4.309037 -0.647301 0.304722
v 4.309896 -0.643481 0.280000
v 4.309896 -0.643481 -0.280000
v 4.309037 -0.647301 -0.304721
v 4.306543 -0.658388 -0.327022
v 4.302659 -0.675656 -0.344721
v 4.297764 -0.697416 -0.356084
v 4.292339 -0.721536 -0.360000
v 4.250546 -0.711607 0.360000
v 4.256519 -0.687616 0.356085
v 4.261907 -0.665974 0.344722
v 4.266183 -0.648799 0.327023
v 4.268928 -0.637772 0.304722
v 4.269874 -0.633972 0.280000
v 4.269874 -0.633972 -0.280000
v 4.268928 -0.637772 -0.304721
v 4.266183 -0.648799 -0.327022
v 4.261907 -0.665974 -0.344721
v 4.256519 -0.687616 -0.356084
v 4.250546 -0.711607 -0.360000
v 4.209091 -0.700812 0.360000
v 4.215545 -0.676947 0.356085
v 4.221368 -0.655418 0.344722
v 4.225989 -0.638333 0.327023
v 4.228956 -0.627363 0.304722
v 4.229978 -0.623583 0.280000
v 4.229978 -0.623583 -0.280000
v 4.228956 -0.627363 -0.304721
v 4.225989 -0.638333 -0.327022
v 4.221368 -0.655418 -0.344721
v 4.215545 -0.676947 -0.356084
v 4.209091 -0.700812 -0.360000
v 4.167923 -0.689261 0.360000
v 4.174794 -0.665513 0.356085
v 4.180992 -0.644089 0.344722
v 4.185911 -0.627087 0.327023
v 4.189069 -0.616171 0.304722
v 4.190157 -0.612410 0.280000
v 4.190157 -0.612410 -0.280000
v 4.189069 -0.616171 -0.304721
v 4.185911 -0.627087 -0.327022
v 4.180992 -0.644089 -0.344721
v 4.174794 -0.665513 -0.356084
v 4.167923 -0.689261 -0.360000
v 4.126996 -0.677061 0.360000
v 4.134217 -0.653417 0.356085
v 4.140731 -0.632088 0.344722
v 4.145901 -0.615161 0.327023
v 4.149220 -0.604293 0.304722
v 4.150364 -0.600548 0.280000
v 4.150364 -0.600548 -0.280000
v 4.149220 -0.604293 -0.304721
v 4.145901 -0.615161 -0.327022
v 4.140731 -0.632088 -0.344721
v 4.134217 -0.653417 -0.356084
v 4.126996 -0.677061 -0.360000
v 4.086260 -0.664320 0.360000
v 4.110981 -0.646150 0.356085
v 4.133283 -0.629758 0.344722
v 4.150982 -0.616750 0.327023
v 4.162345 -0.608398 0.304722
v 4.166260 -0.605520 0.280000
v 4.166260 -0.605520 -0.280000
v 4.162345 -0.608398 -0.304721
v 4.150982 -0.616750 -0.327022
v 4.133283 -0.629758 -0.344721
v 4.110981 -0.646150 -0.356084
v 4.086260 -0.664320 -0.360000
v 4.086260 -0.179920 0.360000
v 4.110981 -0.204641 0.356085
v 4.133283 -0.226943 0.344722
v 4.150982 -0.244641 0.327023
v 4.162345 -0.256005 0.304722
v 4.166260 -0.259920 0.280000
v 4.166260 -0.259920 -0.280000
v 4.162345 -0.256005 -0.304721
v 4.150982 -0.244641 -0.327022
v 4.133283 -0.226943 -0.344721
v 4.110981 -0.204641 -0.356084
v 4.086260 -0.179920 -0.360000
v 4.539521 -0.179920 0.360000
v 4.564242 -0.204641 0.356085
v 4.586544 -0.226943 0.344722
v 4.604242 -0.244641 0.327023
v 4.615605 -0.256005 0.304722
v 4.619521 -0.259920 0.280000
v 4.619521 -0.259920 -0.280000
v 4.615605 -0.256005 -0.304721
v 4.604242 -0.244641 -0.327022
v 4.586544 -0.226943 -0.344721
v 4.564242 -0.204641 -0.356084
v 4.539521 -0.179920 -0.360000
v 4.539521 0.124560 0.360000
v 4.564242 0.149281 0.356085
v 4.586544 0.171583 0.344722
v 4.604242 0.189281 0.327023
v 4.615605 0.200645 0.304722
v 4.619521 0.204560 0.280000
v 4.619521 0.204560 -0.280000
v 4.615605 0.200645 -0.304721
v 4.604242 0.189281 -0.327022
v 4.586544 0.171583 -0.344721
v 4.564242 0.149281 -0.356084
v 4.539521 0.124560 -0.360000
v 3.747181 0.124560 0.360000
v 3.722459 0.149281 0.356085
v 3.700158 0.171583 0.344722
v 3.682459 0.189281 0.327023
v 3.671096 0.200645 0.304722
v 3.667181 0.204560 0.280000
v 3.667181 0.204560 -0.280000
v 3.671096 0.200645 -0.304721
v 3.682459 0.189281 -0.327022
v 3.700158 0.171583 -0.344721
v 3.722459 0.149281 -0.356084
v 3.747181 0.124560 -0.360000
v 3.747181 -0.875380 0.360000
v 3.722459 -0.891750 0.356085
v 3.700158 -0.906518 0.344722
v 3.682459 -0.918238 0.327023
v 3.671096 -0.925762 0.304722
v 3.667181 -0.928355 0.280000
v 3.667181 -0.928355 -0.280000
v 3.671096 -0.925762 -0.304721
v 3.682459 -0.918238 -0.327022
v 3.700158 -0.906518 -0.344721
v 3.722459 -0.891750 -0.356084
v 3.747181 -0.875380 -0.360000
v 1.731776 1.341587 0.360000
v 1.728762 1.366172 0.356085
v 1.726043 1.388351 0.344721
v 1.723884 1.405952 0.327023
v 1.722499 1.417253 0.304721
v 1.722021 1.421146 0.280000
v 1.722021 1.421146 -0.280000
v 1.722499 1.417253 -0.304721
v 1.723884 1.405952 -0.327023
v 1.726043 1.388351 -0.344721
v 1.728762 1.366172 -0.356084
v 1.731776 1.341587 -0.360000
v 1.555927 1.308809 0.360000
v 1.549821 1.332818 0.356085
v 1.544313 1.354477 0.344721
v 1.539942 1.371665 0.327023
v 1.537135 1.382701 0.304721
v 1.536168 1.386504 0.280000
v 1.536168 1.386504 -0.280000
v 1.537135 1.382701 -0.304721
v 1.539942 1.371665 -0.327023
v 1.544313 1.354477 -0.344721
v 1.549821 1.332818 -0.356084
v 1.555927 1.308809 -0.360000
v 1.393461 1.256088 0.360000
v 1.384264 1.279094 0.356085
v 1.375966 1.299847 0.344721
v 1.369382 1.316318 0.327023
v 1.365154 1.326892 0.304721
v 1.363697 1.330536 0.280000
v 1.363697 1.330536 -0.280000
v 1.365154 1.326892 -0.304721
v 1.369382 1.316318 -0.327023
v 1.375966 1.299847 -0.344721
v 1.384264 1.279094 -0.356084
v 1.393461 1.256088 -0.360000
v 1.245088 1.184986 0.360000
v 1.232894 1.206556 0.356085
v 1.221894 1.226015 0.344721
v 1.213165 1.241457 0.327023
v 1.207560 1.251372 0.304721
v 1.205629 1.254788 0.280000
v 1.205629 1.254788 -0.280000
v 1.207560 1.251372 -0.304721
v 1.213165 1.241457 -0.327023
v 1.221894 1.226015 -0.344721
v 1.232894 1.206556 -0.356084
v 1.245088 1.184986 -0.360000
v 1.111515 1.097064 0.360000
v 1.096516 1.116787 0.356085
v 1.082985 1.134580 0.344721
v 1.072246 1.148700 0.327023
v 1.065352 1.157766 0.304721
v 1.062976 1.160890 0.280000
v 1.062976 1.160890 -0.280000
v 1.065352 1.157766 -0.304721
v 1.072246 1.148700 -0.327023
v 1.082985 1.134580 -0.344721
v 1.096516 1.116787 -0.356084
v 1.111515 1.097064 -0.360000
v 0.993453 0.993885 0.360000
v 0.975919 1.011393 0.356085
v 0.960102 1.027188 0.344721
v 0.947549 1.039722 0.327023
v 0.939490 1.047770 0.304721
v 0.936713 1.050543 0.280000
v 0.936713 1.050543 -0.280000
v 0.939490 1.047770 -0.304721
v 0.947549 1.039722 -0.327023
v 0.960102 1.027188 -0.344721
v 0.975919 1.011393 -0.356084
v 0.993453 0.993885 -0.360000
v 0.891609 0.877010 0.360000
v 0.871876 0.891994 0.356085
v 0.854074 0.905512 0.344721
v 0.839947 0.916239 0.327023
v 0.830877 0.923127 0.304721
v 0.827751 0.925500 0.280000
v 0.827751 0.925500 -0.280000
v 0.830877 0.923127 -0.304721
v 0.839947 0.916239 -0.327023
v 0.854074 0.905512 -0.344721
v 0.871876 0.891994 -0.356084
v 0.891609 0.877010 -0.360000
v 0.806693 0.748001 0.360000
v 0.785138 0.760218 0.356085
v 0.765693 0.771239 0.344721
v 0.750262 0.779985 0.327023
v 0.740355 0.785601 0.304721
v 0.736941 0.787536 0.280000
v 0.736941 0.787536 -0.280000
v 0.740355 0.785601 -0.304721
v 0.750262 0.779985 -0.327023
v 0.765694 0.771239 -0.344721
v 0.785138 0.760218 -0.356084
v 0.806693 0.748001 -0.360000
v 0.739413 0.608419 0.360000
v 0.716439 0.617693 0.356085
v 0.695715 0.626058 0.344721
v 0.679268 0.632697 0.327023
v 0.668708 0.636959 0.304721
v 0.665069 0.638428 0.280000
v 0.665069 0.638428 -0.280000
v 0.668708 0.636959 -0.304721
v 0.679268 0.632697 -0.327023
v 0.695715 0.626058 -0.344721
v 0.716440 0.617693 -0.356084
v 0.739413 0.608419 -0.360000
v 0.690478 0.459828 0.360000
v 0.666498 0.466045 0.356085
v 0.644866 0.471653 0.344721
v 0.627698 0.476104 0.327023
v 0.616675 0.478961 0.304721
v 0.612877 0.479946 0.280000
v 0.612877 0.479946 -0.280000
v 0.616675 0.478961 -0.304721
v 0.627698 0.476104 -0.327023
v 0.644866 0.471653 -0.344721
v 0.666499 0.466044 -0.356084
v 0.690479 0.459828 -0.360000
v 0.660598 0.303787 0.360000
v 0.636023 0.306895 0.356085
v 0.613853 0.309699 0.344721
v 0.596259 0.311924 0.327023
v 0.584963 0.313353 0.304721
v 0.581070 0.313845 0.280000
v 0.581070 0.313845 -0.280000
v 0.584963 0.313353 -0.304721
v 0.596259 0.311924 -0.327023
v 0.613853 0.309699 -0.344721
v 0.636023 0.306895 -0.356084
v 0.660598 0.303787 -0.360000
v 0.650480 0.141860 0.360000
v 0.625711 0.141859 0.356085
v 0.603366 0.141858 0.344721
v 0.585633 0.141858 0.327023
v 0.574247 0.141857 0.304721
v 0.570324 0.141857 0.280000
v 0.570324 0.141857 -0.280000
v 0.574247 0.141857 -0.304721
v 0.585633 0.141858 -0.327023
v 0.603366 0.141858 -0.344721
v 0.625711 0.141859 -0.356084
v 0.650480 0.141860 -0.360000
v 0.660338 -0.015706 0.360000
v 0.635762 -0.018805 0.356085
v 0.613592 -0.021601 0.344721
v 0.595997 -0.023820 0.327023
v 0.584701 -0.025245 0.304721
v 0.580809 -0.025736 0.280000
v 0.580809 -0.025736 -0.280000
v 0.584701 -0.025245 -0.304721
v 0.595997 -0.023820 -0.327023
v 0.613592 -0.021601 -0.344721
v 0.635762 -0.018805 -0.356084
v 0.660338 -0.015706 -0.360000
v 0.689549 -0.168899 0.360000
v 0.665561 -0.175077 0.356085
v 0.643920 -0.180650 0.344721
v 0.626746 -0.185073 0.327023
v 0.615720 -0.187913 0.304721
v 0.611920 -0.188891 0.280000
v 0.611920 -0.188891 -0.280000
v 0.615720 -0.187913 -0.304721
v 0.626746 -0.185073 -0.327023
v 0.643920 -0.180650 -0.344721
v 0.665561 -0.175077 -0.356084
v 0.689549 -0.168899 -0.360000
v 0.737575 -0.315941 0.360000
v 0.714571 -0.325135 0.356085
v 0.693819 -0.333429 0.344721
v 0.677350 -0.340011 0.327023
v 0.666777 -0.344236 0.304721
v 0.663133 -0.345693 0.280000
v 0.663133 -0.345693 -0.280000
v 0.666777 -0.344236 -0.304721
v 0.677350 -0.340011 -0.327023
v 0.693819 -0.333429 -0.344721
v 0.714571 -0.325135 -0.356084
v 0.737575 -0.315941 -0.360000
v 0.803874 -0.455054 0.360000
v 0.782256 -0.467156 0.356085
v 0.762754 -0.478073 0.344721
v 0.747277 -0.486736 0.327023
v 0.737341 -0.492299 0.304721
v 0.733917 -0.494216 0.280000
v 0.733917 -0.494216 -0.280000
v 0.737341 -0.492299 -0.304721
v 0.747277 -0.486736 -0.327023
v 0.762754 -0.478073 -0.344721
v 0.782256 -0.467156 -0.356084
v 0.803874 -0.455054 -0.360000
v 0.887905 -0.584460 0.360000
v 0.868071 -0.599308 0.356085
v 0.850178 -0.612704 0.344721
v 0.835979 -0.623334 0.327023
v 0.826862 -0.630160 0.304721
v 0.823721 -0.632511 0.280000
v 0.823721 -0.632511 -0.280000
v 0.826862 -0.630160 -0.304721
v 0.835979 -0.623334 -0.327023
v 0.850178 -0.612704 -0.344721
v 0.868071 -0.599308 -0.356084
v 0.887905 -0.584460 -0.360000
v 0.989128 -0.702380 0.360000
v 0.971461 -0.719754 0.356085
v 0.955524 -0.735427 0.344721
v 0.942876 -0.747865 0.327023
v 0.934756 -0.755851 0.304721
v 0.931957 -0.758602 0.280000
v 0.931957 -0.758602 -0.280000
v 0.934756 -0.755851 -0.304721
v 0.942876 -0.747865 -0.327023
v 0.955524 -0.735427 -0.344721
v 0.971461 -0.719754 -0.356084
v 0.989128 -0.702380 -0.360000
v 1.107002 -0.807037 0.360000
v 1.091853 -0.826646 0.356085
v 1.078187 -0.844335 0.344721
v 1.067341 -0.858373 0.327023
v 1.060378 -0.867387 0.304721
v 1.057978 -0.870492 0.280000
v 1.057978 -0.870492 -0.280000
v 1.060378 -0.867387 -0.304721
v 1.067341 -0.858373 -0.327023
v 1.078187 -0.844335 -0.344721
v 1.091853 -0.826646 -0.356084
v 1.107002 -0.807037 -0.360000
v 1.240987 -0.896653 0.360000
v 1.228648 -0.918141 0.356085
v 1.217517 -0.937526 0.344722
v 1.208683 -0.952910 0.327023
v 1.203011 -0.962787 0.304722
v 1.201057 -0.966190 0.280000
v 1.201057 -0.966190 -0.280000
v 1.203011 -0.962787 -0.304721
v 1.208683 -0.952910 -0.327023
v 1.217517 -0.937526 -0.344721
v 1.228648 -0.918141 -0.356084
v 1.240987 -0.896653 -0.360000
v 1.390542 -0.969449 0.360000
v 1.381224 -0.992407 0.356085
v 1.372818 -1.013119 0.344722
v 1.366146 -1.029555 0.327023
v 1.361863 -1.040108 0.304722
v 1.360387 -1.043745 0.280000
v 1.360387 -1.043745 -0.280000
v 1.361863 -1.040108 -0.304721
v 1.366146 -1.029555 -0.327023
v 1.372818 -1.013119 -0.344721
v 1.381224 -0.992407 -0.356084
v 1.390542 -0.969449 -0.360000
v 1.555126 -1.023647 0.360000
v 1.548939 -1.047637 0.356085
v 1.543358 -1.069279 0.344722
v 1.538929 -1.086454 0.327023
v 1.536085 -1.097481 0.304722
v 1.535105 -1.101280 0.280000
v 1.535105 -1.101280 -0.280000
v 1.536085 -1.097481 -0.304721
v 1.538929 -1.086454 -0.327023
v 1.543358 -1.069279 -0.344721
v 1.548939 -1.047637 -0.356084
v 1.555126 -1.023647 -0.360000
v 1.734199 -1.057471 0.360000
v 1.731147 -1.082052 0.356085
v 1.728394 -1.104228 0.344722
v 1.726209 -1.121827 0.327023
v 1.724806 -1.133126 0.304722
v 1.724322 -1.137020 0.280000
v 1.724322 -1.137020 -0.280000
v 1.724806 -1.133126 -0.304721
v 1.726209 -1.121827 -0.327023
v 1.728394 -1.104228 -0.344721
v 1.731147 -1.082052 -0.356084
v 1.734199 -1.057471 -0.360000
v 1.927221 -1.069140 0.360000
v 1.927241 -1.093908 0.356085
v 1.927259 -1.116251 0.344722
v 1.927274 -1.133983 0.327023
v 1.927283 -1.145367 0.304722
v 1.927286 -1.149290 0.280000
v 1.927286 -1.149290 -0.280000
v 1.927283 -1.145367 -0.304721
v 1.927274 -1.133983 -0.327023
v 1.927259 -1.116251 -0.344721
v 1.927241 -1.093908 -0.356084
v 1.927221 -1.069140 -0.360000
v 2.114087 -1.057536 0.360000
v 2.117208 -1.082112 0.356085
v 2.120024 -1.104281 0.344722
v 2.122259 -1.121875 0.327023
v 2.123694 -1.133171 0.304722
v 2.124188 -1.137063 0.280000
v 2.124188 -1.137063 -0.280000
v 2.123694 -1.133171 -0.304721
v 2.122259 -1.121875 -0.327023
v 2.120024 -1.104281 -0.344721
v 2.117208 -1.082112 -0.356084
v 2.114087 -1.057536 -0.360000
v 2.288422 -1.023888 0.360000
v 2.294718 -1.047850 0.356085
v 2.300397 -1.069467 0.344722
v 2.304904 -1.086622 0.327023
v 2.307798 -1.097637 0.304722
v 2.308795 -1.101432 0.280000
v 2.308795 -1.101432 -0.280000
v 2.307798 -1.097637 -0.304721
v 2.304904 -1.086622 -0.327023
v 2.300397 -1.069467 -0.344721
v 2.294718 -1.047850 -0.356084
v 2.288422 -1.023888 -0.360000
v 2.449518 -0.969935 0.360000
v 2.458951 -0.992847 0.356085
v 2.467459 -1.013517 0.344722
v 2.474212 -1.029920 0.327023
v 2.478547 -1.040451 0.304722
v 2.480041 -1.044080 0.280000
v 2.480041 -1.044080 -0.280000
v 2.478547 -1.040451 -0.304721
v 2.474212 -1.029920 -0.327023
v 2.467459 -1.013517 -0.344721
v 2.458951 -0.992847 -0.356084
v 2.449518 -0.969935 -0.360000
v 2.596667 -0.897421 0.360000
v 2.609097 -0.918856 0.356085
v 2.620312 -0.938192 0.344722
v 2.629211 -0.953537 0.327023
v 2.634925 -0.963389 0.304722
v 2.636894 -0.966784 0.280000
v 2.636894 -0.966784 -0.280000
v 2.634925 -0.963389 -0.304721
v 2.629211 -0.953537 -0.327023
v 2.620312 -0.938192 -0.344721
v 2.609097 -0.918856 -0.356084
v 2.596667 -0.897421 -0.360000
v 2.729158 -0.808088 0.360000
v 2.744362 -0.827652 0.356085
v 2.758078 -0.845302 0.344722
v 2.768963 -0.859308 0.327023
v 2.775952 -0.868301 0.304722
v 2.778360 -0.871399 0.280000
v 2.778360 -0.871399 -0.280000
v 2.775952 -0.868301 -0.304721
v 2.768963 -0.859308 -0.327023
v 2.758078 -0.845302 -0.344721
v 2.744362 -0.827652 -0.356084
v 2.729158 -0.808088 -0.360000
v 2.846283 -0.703677 0.360000
v 2.863967 -0.721031 0.356085
v 2.879920 -0.736687 0.344722
v 2.892580 -0.749111 0.327023
v 2.900708 -0.757087 0.304722
v 2.903509 -0.759836 0.280000
v 2.903509 -0.759836 -0.280000
v 2.900708 -0.757087 -0.304721
v 2.892580 -0.749111 -0.327023
v 2.879920 -0.736687 -0.344721
v 2.863967 -0.721031 -0.356084
v 2.846283 -0.703677 -0.360000
v 2.947334 -0.585931 0.360000
v 2.967156 -0.600793 0.356085
v 2.985039 -0.614200 0.344722
v 2.999230 -0.624840 0.327023
v 3.008341 -0.631672 0.304722
v 3.011481 -0.634026 0.280000
v 3.011481 -0.634026 -0.280000
v 3.008341 -0.631672 -0.304721
v 2.999230 -0.624840 -0.327023
v 2.985039 -0.614200 -0.344721
v 2.967156 -0.600793 -0.356084
v 2.947334 -0.585931 -0.360000
v 3.031601 -0.456592 0.360000
v 3.053194 -0.468737 0.356085
v 3.072673 -0.479694 0.344722
v 3.088131 -0.488389 0.327023
v 3.098056 -0.493971 0.304722
v 3.101476 -0.495895 0.280000
v 3.101476 -0.495895 -0.280000
v 3.098056 -0.493971 -0.304721
v 3.088131 -0.488389 -0.327023
v 3.072673 -0.479694 -0.344721
v 3.053194 -0.468737 -0.356084
v 3.031601 -0.456592 -0.360000
v 3.098377 -0.317401 0.360000
v 3.121355 -0.326657 0.356085
v 3.142084 -0.335007 0.344722
v 3.158535 -0.341633 0.327023
v 3.169097 -0.345887 0.304722
v 3.172737 -0.347353 0.280000
v 3.172737 -0.347353 -0.280000
v 3.169097 -0.345887 -0.304721
v 3.158535 -0.341633 -0.327023
v 3.142084 -0.335007 -0.344721
v 3.121355 -0.326657 -0.356084
v 3.098377 -0.317401 -0.360000
v 3.146951 -0.170101 0.360000
v 3.170924 -0.176340 0.356085
v 3.192551 -0.181969 0.344722
v 3.209714 -0.186436 0.327023
v 3.220733 -0.189303 0.304722
v 3.224530 -0.190292 0.280000
v 3.224530 -0.190292 -0.280000
v 3.220733 -0.189303 -0.304721
v 3.209714 -0.186436 -0.327023
v 3.192551 -0.181969 -0.344721
v 3.170924 -0.176340 -0.356084
v 3.146951 -0.170101 -0.360000
v 3.176615 -0.016433 0.360000
v 3.201187 -0.019571 0.356085
v 3.223354 -0.022403 0.344722
v 3.240945 -0.024649 0.327023
v 3.252240 -0.026092 0.304722
v 3.256131 -0.026589 0.280000
v 3.256131 -0.026589 -0.280000
v 3.252240 -0.026092 -0.304721
v 3.240945 -0.024649 -0.327023
v 3.223354 -0.022403 -0.344721
v 3.201187 -0.019571 -0.356084
v 3.176615 -0.016433 -0.360000
v 3.186661 0.141860 0.360000
v 3.211432 0.141866 0.356085
v 3.233779 0.141872 0.344722
v 3.251513 0.141877 0.327023
v 3.262899 0.141880 0.304722
v 3.266823 0.141881 0.280000
v 3.266823 0.141881 -0.280000
v 3.262899 0.141880 -0.304721
v 3.251513 0.141877 -0.327023
v 3.233779 0.141872 -0.344721
v 3.211432 0.141866 -0.356084
v 3.186661 0.141860 -0.360000
v 3.176346 0.303061 0.360000
v 3.200915 0.306233 0.356085
v 3.223079 0.309095 0.344722
v 3.240669 0.311366 0.327023
v 3.251962 0.312824 0.304722
v 3.255853 0.313326 0.280000
v 3.255853 0.313326 -0.280000
v 3.251962 0.312824 -0.304721
v 3.240669 0.311366 -0.327023
v 3.223079 0.309095 -0.344721
v 3.200915 0.306233 -0.356084
v 3.176346 0.303061 -0.360000
v 3.145957 0.458626 0.360000
v 3.169911 0.464945 0.356085
v 3.191521 0.470646 0.344722
v 3.208670 0.475169 0.327023
v 3.219681 0.478074 0.304722
v 3.223475 0.479075 0.280000
v 3.223475 0.479075 -0.280000
v 3.219681 0.478074 -0.304721
v 3.208670 0.475169 -0.327023
v 3.191521 0.470646 -0.344721
v 3.169911 0.464945 -0.356084
v 3.145957 0.458626 -0.360000
v 3.096322 0.606960 0.360000
v 3.119251 0.616342 0.356085
v 3.139936 0.624805 0.344722
v 3.156352 0.631522 0.327023
v 3.166891 0.635834 0.304722
v 3.170523 0.637320 0.280000
v 3.170523 0.637320 -0.280000
v 3.166891 0.635834 -0.304721
v 3.156352 0.631522 -0.327023
v 3.139936 0.624805 -0.344721
v 3.119251 0.616342 -0.356084
v 3.096322 0.606960 -0.360000
v 3.028269 0.746463 0.360000
v 3.049772 0.758770 0.356085
v 3.069169 0.769872 0.344722
v 3.084563 0.778683 0.327023
v 3.094447 0.784339 0.304722
v 3.097853 0.786288 0.280000
v 3.097853 0.786288 -0.280000
v 3.094447 0.784339 -0.304721
v 3.084563 0.778683 -0.327023
v 3.069169 0.769872 -0.344721
v 3.049772 0.758770 -0.356084
v 3.028269 0.746463 -0.360000
v 2.942628 0.875538 0.360000
v 2.962318 0.890577 0.356085
v 2.980080 0.904144 0.344722
v 2.994176 0.914911 0.327023
v 3.003227 0.921824 0.304722
v 3.006345 0.924205 0.280000
v 3.006345 0.924205 -0.280000
v 3.003227 0.921824 -0.304721
v 2.994176 0.914911 -0.327023
v 2.980080 0.904144 -0.344721
v 2.962318 0.890577 -0.356084
v 2.942628 0.875538 -0.360000
v 2.840228 0.992588 0.360000
v 2.857744 1.010112 0.356085
v 2.873545 1.025920 0.344722
v 2.886085 1.038466 0.327023
v 2.894136 1.046521 0.304722
v 2.896910 1.049296 0.280000
v 2.896910 1.049296 -0.280000
v 2.894136 1.046521 -0.304721
v 2.886085 1.038466 -0.327023
v 2.873545 1.025920 -0.344721
v 2.857744 1.010112 -0.356084
v 2.840228 0.992588 -0.360000
v 2.721897 1.096013 0.360000
v 2.736915 1.115720 0.356085
v 2.750463 1.133498 0.344722
v 2.761215 1.147606 0.327023
v 2.768119 1.156665 0.304722
v 2.770497 1.159786 0.280000
v 2.770497 1.159786 -0.280000
v 2.768119 1.156665 -0.304721
v 2.761215 1.147606 -0.327023
v 2.750463 1.133498 -0.344721
v 2.736915 1.115720 -0.356084
v 2.721897 1.096013 -0.360000
v 2.588465 1.184217 0.360000
v 2.600715 1.205754 0.356085
v 2.611765 1.225183 0.344722
v 2.620535 1.240602 0.327023
v 2.626166 1.250501 0.304722
v 2.628106 1.253912 0.280000
v 2.628106 1.253912 -0.280000
v 2.626166 1.250501 -0.304721
v 2.620535 1.240602 -0.327023
v 2.611765 1.225183 -0.344721
v 2.600715 1.205754 -0.356084
v 2.588465 1.184217 -0.360000
v 2.440760 1.255602 0.360000
v 2.450039 1.278574 0.356085
v 2.458410 1.299298 0.344722
v 2.465053 1.315745 0.327023
v 2.469318 1.326304 0.304722
v 2.470788 1.329943 0.280000
v 2.470788 1.329943 -0.280000
v 2.469318 1.326304 -0.304721
v 2.465053 1.315745 -0.327023
v 2.458410 1.299298 -0.344721
v 2.450039 1.278574 -0.356084
v 2.440760 1.255602 -0.360000
v 2.279612 1.308569 0.360000
v 2.285801 1.332557 0.356085
v 2.291384 1.354198 0.344722
v 2.295814 1.371371 0.327023
v 2.298659 1.382397 0.304722
v 2.299639 1.386197 0.280000
v 2.299639 1.386197 -0.280000
v 2.298659 1.382397 -0.304721
v 2.295814 1.371371 -0.327023
v 2.291384 1.354198 -0.344721
v 2.285801 1.332557 -0.356084
v 2.279612 1.308569 -0.360000
v 2.105849 1.341521 0.360000
v 2.108918 1.366101 0.356085
v 2.111687 1.388275 0.344721
v 2.113884 1.405872 0.327023
v 2.115295 1.417170 0.304721
v 2.115781 1.421063 0.280000
v 2.115781 1.421063 -0.280000
v 2.115295 1.417170 -0.304721
v 2.113884 1.405872 -0.327023
v 2.111687 1.388275 -0.344721
v 2.108918 1.366101 -0.356084
v 2.105849 1.341521 -0.360000
v 1.920300 1.352860 0.360000
v 1.920317 1.377627 0.356085
v 1.920331 1.399969 0.344721
v 1.920343 1.417700 0.327023
v 1.920350 1.429083 0.304721
v 1.920353 1.433006 0.280000
v 1.920353 1.433006 -0.280000
v 1.920350 1.429083 -0.304721
v 1.920343 1.417700 -0.327023
v 1.920331 1.399969 -0.344721
v 1.920317 1.377627 -0.356084
v 1.920300 1.352860 -0.360000
v 1.790985 -0.749885 0.360000
v 1.794022 -0.725302 0.356085
v 1.796762 -0.703126 0.344722
v 1.798937 -0.685527 0.327023
v 1.800333 -0.674228 0.304722
v 1.800814 -0.670334 0.280000
v 1.800814 -0.670334 -0.280000
v 1.800333 -0.674228 -0.304721
v 1.798937 -0.685527 -0.327023
v 1.796762 -0.703126 -0.344721
v 1.794022 -0.725302 -0.356084
v 1.790985 -0.749885 -0.360000
v 1.668313 -0.726904 0.360000
v 1.674417 -0.702896 0.356085
v 1.679922 -0.681238 0.344722
v 1.684292 -0.664050 0.327023
v 1.687097 -0.653015 0.304722
v 1.688064 -0.649213 0.280000
v 1.688064 -0.649213 -0.280000
v 1.687097 -0.653015 -0.304721
v 1.684292 -0.664050 -0.327023
v 1.679922 -0.681238 -0.344721
v 1.674417 -0.702896 -0.356084
v 1.668313 -0.726904 -0.360000
v 1.553162 -0.689675 0.360000
v 1.562297 -0.666647 0.356085
v 1.570538 -0.645874 0.344722
v 1.577078 -0.629388 0.327023
v 1.581277 -0.618803 0.304722
v 1.582724 -0.615156 0.280000
v 1.582724 -0.615156 -0.280000
v 1.581277 -0.618803 -0.304721
v 1.577078 -0.629388 -0.327023
v 1.570538 -0.645874 -0.344721
v 1.562297 -0.666647 -0.356084
v 1.553162 -0.689675 -0.360000
v 1.446409 -0.639075 0.360000
v 1.458472 -0.617435 0.356085
v 1.469354 -0.597913 0.344722
v 1.477990 -0.582420 0.327023
v 1.483535 -0.572474 0.304722
v 1.485446 -0.569046 0.280000
v 1.485446 -0.569046 -0.280000
v 1.483535 -0.572474 -0.304721
v 1.477990 -0.582420 -0.327023
v 1.469354 -0.597913 -0.344721
v 1.458472 -0.617435 -0.356084
v 1.446409 -0.639075 -0.360000
v 1.348930 -0.575980 0.360000
v 1.363748 -0.556123 0.356085
v 1.377115 -0.538210 0.344722
v 1.387723 -0.523993 0.327023
v 1.394534 -0.514866 0.304722
v 1.396881 -0.511721 0.280000
v 1.396881 -0.511721 -0.280000
v 1.394534 -0.514866 -0.304721
v 1.387723 -0.523993 -0.327023
v 1.377115 -0.538210 -0.344721
v 1.363748 -0.556123 -0.356084
v 1.348930 -0.575980 -0.360000
v 1.261603 -0.501267 0.360000
v 1.278937 -0.483563 0.356085
v 1.294574 -0.467592 0.344721
v 1.306983 -0.454917 0.327023
v 1.314951 -0.446779 0.304722
v 1.317696 -0.443975 0.280000
v 1.317696 -0.443975 -0.280000
v 1.314951 -0.446779 -0.304721
v 1.306983 -0.454917 -0.327023
v 1.294574 -0.467592 -0.344721
v 1.278937 -0.483563 -0.356084
v 1.261603 -0.501267 -0.360000
v 1.185305 -0.415815 0.360000
v 1.204856 -0.400594 0.356085
v 1.222493 -0.386863 0.344721
v 1.236490 -0.375966 0.327023
v 1.245477 -0.368970 0.304721
v 1.248574 -0.366559 0.280000
v 1.248574 -0.366559 -0.280000
v 1.245477 -0.368970 -0.304721
v 1.236490 -0.375966 -0.327023
v 1.222493 -0.386863 -0.344721
v 1.204856 -0.400594 -0.356084
v 1.185305 -0.415815 -0.360000
v 1.120912 -0.320498 0.360000
v 1.142330 -0.308041 0.356085
v 1.161652 -0.296803 0.344721
v 1.176985 -0.287884 0.327023
v 1.186830 -0.282158 0.304721
v 1.190222 -0.280185 0.280000
v 1.190222 -0.280185 -0.280000
v 1.186830 -0.282158 -0.304721
v 1.176985 -0.287884 -0.327023
v 1.161652 -0.296803 -0.344721
v 1.142330 -0.308041 -0.356084
v 1.120912 -0.320499 -0.360000
v 1.069303 -0.216196 0.360000
v 1.092195 -0.206718 0.356085
v 1.112846 -0.198168 0.344721
v 1.129236 -0.191382 0.327023
v 1.139758 -0.187026 0.304721
v 1.143384 -0.185525 0.280000
v 1.143384 -0.185525 -0.280000
v 1.139758 -0.187026 -0.304721
v 1.129236 -0.191382 -0.327023
v 1.112846 -0.198168 -0.344721
v 1.092195 -0.206718 -0.356084
v 1.069303 -0.216196 -0.360000
v 1.031353 -0.103784 0.360000
v 1.055299 -0.097429 0.356085
v 1.076902 -0.091695 0.344721
v 1.094046 -0.087146 0.327023
v 1.105053 -0.084224 0.304721
v 1.108845 -0.083218 0.280000
v 1.108845 -0.083218 -0.280000
v 1.105053 -0.084224 -0.304721
v 1.094046 -0.087146 -0.327023
v 1.076902 -0.091695 -0.344721
v 1.055299 -0.097429 -0.356084
v 1.031353 -0.103784 -0.360000
v 1.007940 0.015860 0.360000
v 1.032509 0.019031 0.356085
v 1.054674 0.021891 0.344721
v 1.072264 0.024160 0.327023
v 1.083558 0.025618 0.304721
v 1.087449 0.026120 0.280000
v 1.087449 0.026120 -0.280000
v 1.083558 0.025618 -0.304721
v 1.072264 0.024160 -0.327023
v 1.054674 0.021891 -0.344721
v 1.032509 0.019031 -0.356084
v 1.007940 0.015860 -0.360000
v 0.999940 0.141860 0.360000
v 1.024711 0.141865 0.356085
v 1.047057 0.141869 0.344721
v 1.064791 0.141872 0.327023
v 1.076177 0.141874 0.304721
v 1.080100 0.141875 0.280000
v 1.080100 0.141875 -0.280000
v 1.076177 0.141874 -0.304721
v 1.064791 0.141872 -0.327023
v 1.047057 0.141869 -0.344721
v 1.024711 0.141865 -0.356084
v 0.999940 0.141860 -0.360000
v 1.007939 0.268586 0.360000
v 1.032511 0.265430 0.356085
v 1.054677 0.262582 0.344721
v 1.072268 0.260322 0.327023
v 1.083562 0.258871 0.304721
v 1.087454 0.258371 0.280000
v 1.087454 0.258371 -0.280000
v 1.083562 0.258871 -0.304721
v 1.072268 0.260322 -0.327023
v 1.054677 0.262582 -0.344721
v 1.032511 0.265430 -0.356084
v 1.007939 0.268586 -0.360000
v 1.031353 0.388705 0.360000
v 1.055304 0.382367 0.356085
v 1.076910 0.376650 0.344721
v 1.094058 0.372112 0.327023
v 1.105067 0.369199 0.304721
v 1.108860 0.368195 0.280000
v 1.108860 0.368195 -0.280000
v 1.105067 0.369199 -0.304721
v 1.094058 0.372112 -0.327023
v 1.076910 0.376650 -0.344721
v 1.055304 0.382367 -0.356084
v 1.031353 0.388705 -0.360000
v 1.069302 0.501376 0.360000
v 1.092200 0.491909 0.356085
v 1.112856 0.483369 0.344721
v 1.129249 0.476591 0.327023
v 1.139773 0.472240 0.304721
v 1.143400 0.470741 0.280000
v 1.143400 0.470741 -0.280000
v 1.139773 0.472240 -0.304721
v 1.129249 0.476591 -0.327023
v 1.112856 0.483369 -0.344721
v 1.092200 0.491909 -0.356084
v 1.069302 0.501376 -0.360000
v 1.120912 0.605756 0.360000
v 1.142330 0.593298 0.356085
v 1.161652 0.582059 0.344721
v 1.176986 0.573140 0.327023
v 1.186831 0.567414 0.304721
v 1.190223 0.565441 0.280000
v 1.190223 0.565441 -0.280000
v 1.186831 0.567414 -0.304721
v 1.176986 0.573140 -0.327023
v 1.161652 0.582059 -0.344721
v 1.142330 0.593298 -0.356084
v 1.120912 0.605756 -0.360000
v 1.185305 0.701006 0.360000
v 1.204846 0.685772 0.356085
v 1.222475 0.672029 0.344721
v 1.236465 0.661122 0.327023
v 1.245447 0.654120 0.304721
v 1.248542 0.651707 0.280000
v 1.248542 0.651707 -0.280000
v 1.245447 0.654120 -0.304721
v 1.236465 0.661122 -0.327023
v 1.222475 0.672029 -0.344721
v 1.204846 0.685772 -0.356084
v 1.185305 0.701006 -0.360000
v 1.261603 0.786285 0.360000
v 1.278913 0.768557 0.356085
v 1.294530 0.752565 0.344721
v 1.306923 0.739873 0.327023
v 1.314880 0.731725 0.304721
v 1.317621 0.728917 0.280000
v 1.317621 0.728917 -0.280000
v 1.314880 0.731725 -0.304721
v 1.306923 0.739873 -0.327023
v 1.294530 0.752565 -0.344721
v 1.278913 0.768557 -0.356084
v 1.261603 0.786285 -0.360000
v 1.348930 0.860751 0.360000
v 1.363711 0.840867 0.356085
v 1.377046 0.822929 0.344721
v 1.387628 0.808693 0.327023
v 1.394422 0.799553 0.304721
v 1.396764 0.796404 0.280000
v 1.396764 0.796404 -0.280000
v 1.394422 0.799553 -0.304721
v 1.387628 0.808693 -0.327023
v 1.377046 0.822929 -0.344721
v 1.363711 0.840867 -0.356084
v 1.348930 0.860751 -0.360000
v 1.446409 0.923564 0.360000
v 1.458426 0.901898 0.356085
v 1.469267 0.882354 0.344721
v 1.477871 0.866843 0.327023
v 1.483395 0.856884 0.304721
v 1.485298 0.853453 0.280000
v 1.485298 0.853453 -0.280000
v 1.483395 0.856884 -0.304721
v 1.477871 0.866843 -0.327023
v 1.469267 0.882354 -0.344721
v 1.458426 0.901898 -0.356084
v 1.446409 0.923564 -0.360000
v 1.553162 0.973882 0.360000
v 1.562250 0.950836 0.356085
v 1.570448 0.930045 0.344721
v 1.576955 0.913546 0.327023
v 1.581132 0.902953 0.304721
v 1.582571 0.899302 0.280000
v 1.582571 0.899302 -0.280000
v 1.581132 0.902953 -0.304721
v 1.576955 0.913546 -0.327023
v 1.570448 0.930045 -0.344721
v 1.562250 0.950836 -0.356084
v 1.553162 0.973882 -0.360000
v 1.668313 1.010865 0.360000
v 1.674376 0.986847 0.356085
v 1.679846 0.965180 0.344721
v 1.684187 0.947985 0.327023
v 1.686974 0.936946 0.304721
v 1.687935 0.933142 0.280000
v 1.687935 0.933142 -0.280000
v 1.686974 0.936946 -0.304721
v 1.684187 0.947985 -0.327023
v 1.679846 0.965180 -0.344721
v 1.674376 0.986847 -0.356084
v 1.668313 1.010865 -0.360000
v 1.790985 1.033671 0.360000
v 1.793999 1.009086 0.356085
v 1.796718 0.986908 0.344721
v 1.798876 0.969308 0.327023
v 1.800261 0.958007 0.304721
v 1.800738 0.954113 0.280000
v 1.800738 0.954113 -0.280000
v 1.800261 0.958007 -0.304721
v 1.798876 0.969308 -0.327023
v 1.796718 0.986908 -0.344721
v 1.793999 1.009086 -0.356084
v 1.790985 1.033671 -0.360000
v 1.920300 1.041460 0.360000
v 1.920296 1.016694 0.356085
v 1.920292 0.994352 0.344721
v 1.920288 0.976621 0.327023
v 1.920286 0.965237 0.304721
v 1.920286 0.961314 0.280000
v 1.920286 0.961314 -0.280000
v 1.920286 0.965237 -0.304721
v 1.920288 0.976621 -0.327023
v 1.920292 0.994352 -0.344721
v 1.920296 1.016694 -0.356084
v 1.920300 1.041460 -0.360000
v 2.048821 1.033671 0.360000
v 2.045790 1.009088 0.356085
v 2.043056 0.986911 0.344722
v 2.040887 0.969312 0.327023
v 2.039494 0.958012 0.304722
v 2.039014 0.954119 0.280000
v 2.039014 0.954119 -0.280000
v 2.039494 0.958012 -0.304721
v 2.040887 0.969312 -0.327023
v 2.043056 0.986911 -0.344721
v 2.045790 1.009088 -0.356084
v 2.048821 1.033671 -0.360000
v 2.170830 1.010865 0.360000
v 2.164738 0.986854 0.356085
v 2.159243 0.965193 0.344722
v 2.154881 0.948004 0.327023
v 2.152081 0.936967 0.304722
v 2.151117 0.933164 0.280000
v 2.151117 0.933164 -0.280000
v 2.152081 0.936967 -0.304721
v 2.154881 0.948004 -0.327023
v 2.159243 0.965193 -0.344721
v 2.164738 0.986854 -0.356084
v 2.170830 1.010865 -0.360000
v 2.285438 0.973882 0.360000
v 2.276316 0.950849 0.356085
v 2.268087 0.930071 0.344722
v 2.261556 0.913581 0.327023
v 2.257364 0.902994 0.304722
v 2.255919 0.899346 0.280000
v 2.255919 0.899346 -0.280000
v 2.257364 0.902994 -0.304721
v 2.261556 0.913581 -0.327023
v 2.268087 0.930071 -0.344721
v 2.276316 0.950849 -0.356084
v 2.285438 0.973882 -0.360000
v 2.391757 0.923564 0.360000
v 2.379705 0.901917 0.356085
v 2.368833 0.882390 0.344722
v 2.360205 0.866893 0.327023
v 2.354666 0.856943 0.304722
v 2.352757 0.853515 0.280000
v 2.352757 0.853515 -0.280000
v 2.354666 0.856943 -0.304721
v 2.360205 0.866893 -0.327023
v 2.368833 0.882390 -0.344721
v 2.379705 0.901917 -0.356084
v 2.391757 0.923564 -0.360000
v 2.488898 0.860751 0.360000
v 2.474086 0.840889 0.356085
v 2.460725 0.822971 0.344722
v 2.450121 0.808752 0.327023
v 2.443313 0.799622 0.304722
v 2.440967 0.796476 0.280000
v 2.440967 0.796476 -0.280000
v 2.443313 0.799622 -0.304721
v 2.450121 0.808752 -0.327023
v 2.460725 0.822971 -0.344721
v 2.474086 0.840889 -0.356084
v 2.488898 0.860751 -0.360000
v 2.575970 0.786285 0.360000
v 2.558636 0.768580 0.356085
v 2.542999 0.752609 0.344722
v 2.530590 0.739933 0.327023
v 2.522622 0.731795 0.304722
v 2.519877 0.728991 0.280000
v 2.519877 0.728991 -0.280000
v 2.522622 0.731795 -0.304721
v 2.530590 0.739933 -0.327023
v 2.542999 0.752609 -0.344721
v 2.558636 0.768580 -0.356084
v 2.575970 0.786285 -0.360000
v 2.652086 0.701007 0.360000
v 2.632529 0.685793 0.356085
v 2.614887 0.672068 0.344722
v 2.600885 0.661176 0.327023
v 2.591896 0.654183 0.304722
v 2.588798 0.651773 0.280000
v 2.588798 0.651773 -0.280000
v 2.591896 0.654183 -0.304721
v 2.600885 0.661176 -0.327023
v 2.614887 0.672068 -0.344721
v 2.632529 0.685793 -0.356084
v 2.652086 0.701007 -0.360000
v 2.716357 0.605756 0.360000
v 2.694929 0.593314 0.356085
v 2.675600 0.582089 0.344722
v 2.660259 0.573182 0.327023
v 2.650411 0.567462 0.304722
v 2.647017 0.565492 0.280000
v 2.647017 0.565492 -0.280000
v 2.650411 0.567462 -0.304721
v 2.660259 0.573182 -0.327023
v 2.675600 0.582089 -0.344721
v 2.694929 0.593314 -0.356084
v 2.716357 0.605756 -0.360000
v 2.767892 0.501376 0.360000
v 2.744991 0.491919 0.356085
v 2.724331 0.483388 0.344722
v 2.707936 0.476618 0.327023
v 2.697409 0.472271 0.304722
v 2.693782 0.470774 0.280000
v 2.693782 0.470774 -0.280000
v 2.697409 0.472271 -0.304721
v 2.707936 0.476618 -0.327023
v 2.724331 0.483388 -0.344721
v 2.744991 0.491919 -0.356084
v 2.767892 0.501376 -0.360000
v 2.805804 0.388705 0.360000
v 2.781852 0.382372 0.356085
v 2.760244 0.376659 0.344722
v 2.743096 0.372125 0.327023
v 2.732086 0.369214 0.304722
v 2.728292 0.368211 0.280000
v 2.728292 0.368211 -0.280000
v 2.732086 0.369214 -0.304721
v 2.743096 0.372125 -0.327023
v 2.760244 0.376659 -0.344721
v 2.781852 0.382372 -0.356084
v 2.805804 0.388705 -0.360000
v 2.829203 0.268587 0.360000
v 2.804632 0.265431 0.356085
v 2.782465 0.262585 0.344722
v 2.764874 0.260326 0.327023
v 2.753580 0.258876 0.304722
v 2.749688 0.258376 0.280000
v 2.749688 0.258376 -0.280000
v 2.753580 0.258876 -0.304721
v 2.764874 0.260326 -0.327023
v 2.782465 0.262585 -0.344721
v 2.804632 0.265431 -0.356084
v 2.829203 0.268587 -0.360000
v 2.837200 0.141860 0.360000
v 2.812430 0.141865 0.356085
v 2.790083 0.141869 0.344722
v 2.772350 0.141872 0.327023
v 2.760964 0.141874 0.304722
v 2.757040 0.141875 0.280000
v 2.757040 0.141874 -0.280000
v 2.760964 0.141874 -0.304721
v 2.772350 0.141872 -0.327023
v 2.790083 0.141869 -0.344721
v 2.812430 0.141864 -0.356084
v 2.837200 0.141860 -0.360000
v 2.829203 0.015860 0.360000
v 2.804633 0.019029 0.356085
v 2.782469 0.021888 0.344722
v 2.764878 0.024156 0.327023
v 2.753585 0.025613 0.304722
v 2.749693 0.026115 0.280000
v 2.749693 0.026115 -0.280000
v 2.753585 0.025613 -0.304721
v 2.764878 0.024156 -0.327023
v 2.782469 0.021888 -0.344721
v 2.804633 0.019029 -0.356084
v 2.829203 0.015860 -0.360000
v 2.805804 -0.103784 0.360000
v 2.781857 -0.097434 0.356085
v 2.760253 -0.091705 0.344722
v 2.743108 -0.087159 0.327023
v 2.732101 -0.084240 0.304722
v 2.728308 -0.083234 0.280000
v 2.728308 -0.083234 -0.280000
v 2.732101 -0.084240 -0.304721
v 2.743108 -0.087159 -0.327023
v 2.760253 -0.091705 -0.344721
v 2.781857 -0.097434 -0.356084
v 2.805804 -0.103784 -0.360000
v 2.767892 -0.216196 0.360000
v 2.744996 -0.206728 0.356085
v 2.724341 -0.198187 0.344722
v 2.707949 -0.191409 0.327023
v 2.697425 -0.187057 0.304722
v 2.693798 -0.185557 0.280000
v 2.693798 -0.185557 -0.280000
v 2.697425 -0.187057 -0.304721
v 2.707949 -0.191409 -0.327023
v 2.724341 -0.198187 -0.344721
v 2.744996 -0.206728 -0.356084
v 2.767892 -0.216196 -0.360000
v 2.716357 -0.320498 0.360000
v 2.694930 -0.308056 0.356085
v 2.675601 -0.296832 0.344722
v 2.660261 -0.287925 0.327023
v 2.650412 -0.282206 0.304722
v 2.647018 -0.280235 0.280000
v 2.647018 -0.280235 -0.280000
v 2.650412 -0.282206 -0.304721
v 2.660261 -0.287925 -0.327023
v 2.675601 -0.296832 -0.344721
v 2.694930 -0.308057 -0.356084
v 2.716357 -0.320498 -0.360000
v 2.652086 -0.415815 0.360000
v 2.632520 -0.400614 0.356085
v 2.614868 -0.386902 0.344722
v 2.600860 -0.376019 0.327023
v 2.591866 -0.369032 0.304722
v 2.588767 -0.366625 0.280000
v 2.588767 -0.366625 -0.280000
v 2.591866 -0.369032 -0.304721
v 2.600860 -0.376019 -0.327023
v 2.614868 -0.386902 -0.344721
v 2.632520 -0.400614 -0.356084
v 2.652086 -0.415815 -0.360000
v 2.575970 -0.501267 0.360000
v 2.558614 -0.483586 0.356085
v 2.542956 -0.467635 0.344722
v 2.530529 -0.454977 0.327023
v 2.522551 -0.446849 0.304722
v 2.519802 -0.444049 0.280000
v 2.519802 -0.444049 -0.280000
v 2.522551 -0.446849 -0.304721
v 2.530529 -0.454977 -0.327023
v 2.542956 -0.467635 -0.344721
v 2.558614 -0.483586 -0.356084
v 2.575970 -0.501267 -0.360000
v 2.488898 -0.575980 0.360000
v 2.474050 -0.556145 0.356085
v 2.460656 -0.538252 0.344722
v 2.450026 -0.524053 0.327023
v 2.443201 -0.514936 0.304722
v 2.440850 -0.511794 0.280000
v 2.440850 -0.511794 -0.280000
v 2.443201 -0.514936 -0.304721
v 2.450026 -0.524053 -0.327023
v 2.460656 -0.538252 -0.344721
v 2.474050 -0.556145 -0.356084
v 2.488898 -0.575980 -0.360000
v 2.391757 -0.639075 0.360000
v 2.379660 -0.617454 0.356085
v 2.368747 -0.597949 0.344722
v 2.360086 -0.582471 0.327023
v 2.354526 -0.572533 0.304722
v 2.352610 -0.569108 0.280000
v 2.352610 -0.569108 -0.280000
v 2.354526 -0.572533 -0.304721
v 2.360086 -0.582471 -0.327023
v 2.368747 -0.597949 -0.344721
v 2.379660 -0.617454 -0.356084
v 2.391757 -0.639075 -0.360000
v 2.285439 -0.689675 0.360000
v 2.276269 -0.666661 0.356085
v 2.267997 -0.645899 0.344722
v 2.261433 -0.629423 0.327023
v 2.257218 -0.618844 0.304722
v 2.255766 -0.615199 0.280000
v 2.255766 -0.615199 -0.280000
v 2.257218 -0.618844 -0.304721
v 2.261433 -0.629423 -0.327023
v 2.267997 -0.645899 -0.344721
v 2.276269 -0.666661 -0.356084
v 2.285439 -0.689675 -0.360000
v 2.170830 -0.726904 0.360000
v 2.164698 -0.702903 0.356085
v 2.159167 -0.681252 0.344722
v 2.154777 -0.664069 0.327023
v 2.151958 -0.653037 0.304722
v 2.150987 -0.649235 0.280000
v 2.150987 -0.649235 -0.280000
v 2.151958 -0.653037 -0.304721
v 2.154777 -0.664069 -0.327023
v 2.159167 -0.681252 -0.344721
v 2.164698 -0.702903 -0.356084
v 2.170830 -0.726904 -0.360000
v 2.048821 -0.749885 0.360000
v 2.045767 -0.725304 0.356085
v 2.043012 -0.703129 0.344722
v 2.040826 -0.685531 0.327023
v 2.039422 -0.674233 0.304722
v 2.038938 -0.670340 0.280000
v 2.038938 -0.670340 -0.280000
v 2.039422 -0.674233 -0.304721
v 2.040826 -0.685531 -0.327023
v 2.043012 -0.703129 -0.344721
v 2.045767 -0.725304 -0.356084
v 2.048821 -0.749885 -0.360000
v 1.920300 -0.757740 0.360000
v 1.920296 -0.732973 0.356085
v 1.920292 -0.710630 0.344722
v 1.920288 -0.692899 0.327023
v 1.920286 -0.681514 0.304722
v 1.920285 -0.677592 0.280000
v 1.920285 -0.677592 -0.280000
v 1.920286 -0.681514 -0.304721
v 1.920288 -0.692899 -0.327023
v 1.920292 -0.710630 -0.344721
v 1.920296 -0.732973 -0.356084
v 1.920300 -0.757740 -0.360000
v -1.640040 -1.038000 0.360000
v -1.624095 -1.062721 0.356084
v -1.609711 -1.085023 0.344721
v -1.598296 -1.102721 0.327023
v -1.590967 -1.114085 0.304721
v -1.588442 -1.118000 0.280000
v -1.588442 -1.118000 -0.280000
v -1.590967 -1.114085 -0.304721
v -1.598296 -1.102721 -0.327023
v -1.609711 -1.085023 -0.344721
v -1.624095 -1.062721 -0.356085
v -1.640040 -1.038000 -0.360000
v -1.325180 -0.342540 0.360000
v -1.309235 -0.367261 0.356084
v -1.294851 -0.389563 0.344721
v -1.283436 -0.407261 0.327023
v -1.276107 -0.418625 0.304721
v -1.273582 -0.422540 0.280000
v -1.273582 -0.422540 -0.280000
v -1.276107 -0.418625 -0.304721
v -1.283436 -0.407261 -0.327023
v -1.294851 -0.389563 -0.344721
v -1.309235 -0.367261 -0.356085
v -1.325180 -0.342540 -0.360000
v -0.321780 -0.342540 0.360000
v -0.338092 -0.367261 0.356085
v -0.352807 -0.389563 0.344721
v -0.364485 -0.407261 0.327023
v -0.371982 -0.418625 0.304721
v -0.374566 -0.422540 0.280000
v -0.374566 -0.422540 -0.280000
v -0.371982 -0.418625 -0.304721
v -0.364485 -0.407261 -0.327023
v -0.352807 -0.389563 -0.344721
v -0.338092 -0.367261 -0.356085
v -0.321780 -0.342540 -0.360000
v -0.024220 -1.038000 0.360000
v -0.040532 -1.062721 0.356085
v -0.055247 -1.085023 0.344721
v -0.066925 -1.102721 0.327023
v -0.074422 -1.114085 0.304721
v -0.077006 -1.118000 0.280000
v -0.077006 -1.118000 -0.280000
v -0.074422 -1.114085 -0.304721
v -0.066925 -1.102721 -0.327023
v -0.055247 -1.085023 -0.344721
v -0.040532 -1.062721 -0.356084
v -0.024220 -1.038000 -0.360000
v 0.321780 -1.038000 0.360000
v 0.359221 -1.062721 0.356085
v 0.392997 -1.085023 0.344721
v 0.419801 -1.102721 0.327023
v 0.437011 -1.114085 0.304721
v 0.442941 -1.118000 0.280000
v 0.442941 -1.118000 -0.280000
v 0.437011 -1.114085 -0.304721
v 0.419801 -1.102721 -0.327023
v 0.392997 -1.085023 -0.344721
v 0.359221 -1.062721 -0.356084
v 0.321780 -1.038000 -0.360000
v -0.692000 1.335560 0.360000
v -0.675677 1.360282 0.356084
v -0.660952 1.382583 0.344721
v -0.649266 1.400282 0.327023
v -0.641763 1.411645 0.304721
v -0.639177 1.415560 0.280000
v -0.639177 1.415560 -0.280000
v -0.641763 1.411645 -0.304721
v -0.649266 1.400282 -0.327023
v -0.660952 1.382583 -0.344721
v -0.675677 1.360282 -0.356085
v -0.692000 1.335560 -0.360000
v -0.930740 1.335560 0.360000
v -0.946803 1.360282 0.356084
v -0.961294 1.382583 0.344721
v -0.972794 1.400282 0.327023
v -0.980178 1.411645 0.304721
v -0.982722 1.415560 0.280000
v -0.982722 1.415560 -0.280000
v -0.980178 1.411645 -0.304722
v -0.972794 1.400282 -0.327023
v -0.961294 1.382583 -0.344722
v -0.946803 1.360282 -0.356085
v -0.930740 1.335560 -0.360000
v -1.986040 -1.038000 0.360000
v -2.024086 -1.062721 0.356084
v -2.058408 -1.085023 0.344721
v -2.085645 -1.102721 0.327023
v -2.103133 -1.114085 0.304721
v -2.109159 -1.118000 0.280000
v -2.109159 -1.118000 -0.280000
v -2.103133 -1.114085 -0.304722
v -2.085645 -1.102721 -0.327023
v -2.058408 -1.085023 -0.344721
v -2.024086 -1.062721 -0.356085
v -1.986040 -1.038000 -0.360000
v -1.186780 -0.038060 0.360000
v -1.148708 -0.013339 0.356084
v -1.114363 0.008963 0.344721
v -1.087107 0.026661 0.327023
v -1.069608 0.038025 0.304721
v -1.063578 0.041940 0.280000
v -1.063578 0.041940 -0.280000
v -1.069608 0.038024 -0.304721
v -1.087107 0.026661 -0.327023
v -1.114363 0.008963 -0.344721
v -1.148708 -0.013339 -0.356085
v -1.186780 -0.038060 -0.360000
v -0.806180 0.816560 0.360000
v -0.807037 0.753868 0.356084
v -0.807811 0.697313 0.344721
v -0.808424 0.652431 0.327023
v -0.808819 0.623614 0.304721
v -0.808954 0.613685 0.280000
v -0.808954 0.613685 -0.280000
v -0.808819 0.623614 -0.304721
v -0.808424 0.652431 -0.327023
v -0.807811 0.697313 -0.344721
v -0.807037 0.753868 -0.356085
v -0.806180 0.816560 -0.360000
v -0.453260 -0.038060 0.360000
v -0.490215 -0.013339 0.356084
v -0.523553 0.008963 0.344721
v -0.550010 0.026661 0.327023
v -0.566996 0.038025 0.304721
v -0.572849 0.041940 0.280000
v -0.572849 0.041940 -0.280000
v -0.566996 0.038024 -0.304721
v -0.550010 0.026661 -0.327023
v -0.523553 0.008963 -0.344721
v -0.490215 -0.013339 -0.356085
v -0.453260 -0.038060 -0.360000
v -3.819840 -0.733520 0.360000
v -3.844561 -0.708799 0.356084
v -3.866863 -0.686497 0.344721
v -3.884561 -0.668799 0.327023
v -3.895925 -0.657436 0.304721
v -3.899840 -0.653520 0.280000
v -3.899840 -0.653520 -0.280000
v -3.895925 -0.657436 -0.304722
v -3.884561 -0.668799 -0.327023
v -3.866863 -0.686497 -0.344722
v -3.844561 -0.708799 -0.356085
v -3.819840 -0.733520 -0.360000
v -3.819840 -1.038000 0.360000
v -3.844561 -1.062721 0.356084
v -3.866863 -1.085023 0.344721
v -3.884561 -1.102721 0.327023
v -3.895925 -1.114085 0.304721
v -3.899840 -1.118000 0.280000
v -3.899840 -1.118000 -0.280000
v -3.895925 -1.114085 -0.304722
v -3.884561 -1.102721 -0.327023
v -3.866863 -1.085023 -0.344722
v -3.844561 -1.062721 -0.356085
v -3.819840 -1.038000 -0.360000
v -2.415080 -1.038000 0.360000
v -2.390358 -1.062721 0.356084
v -2.368057 -1.085023 0.344721
v -2.350358 -1.102721 0.327023
v -2.338995 -1.114085 0.304721
v -2.335080 -1.118000 0.280000
v -2.335080 -1.118000 -0.280000
v -2.338995 -1.114085 -0.304722
v -2.350358 -1.102721 -0.327023
v -2.368057 -1.085023 -0.344722
v -2.390358 -1.062721 -0.356085
v -2.415080 -1.038000 -0.360000
v -2.415080 1.321720 0.360000
v -2.390358 1.346442 0.356084
v -2.368057 1.368743 0.344721
v -2.350358 1.386441 0.327023
v -2.338995 1.397805 0.304721
v -2.335080 1.401720 0.280000
v -2.335080 1.401720 -0.280000
v -2.338995 1.397805 -0.304722
v -2.350358 1.386441 -0.327023
v -2.368057 1.368743 -0.344722
v -2.390358 1.346442 -0.356085
v -2.415080 1.321720 -0.360000
v -2.754160 1.321720 0.360000
v -2.778881 1.346442 0.356084
v -2.801183 1.368743 0.344721
v -2.818881 1.386441 0.327023
v -2.830245 1.397805 0.304721
v -2.834160 1.401720 0.280000
v -2.834160 1.401720 -0.280000
v -2.830245 1.397805 -0.304722
v -2.818881 1.386441 -0.327023
v -2.801183 1.368743 -0.344722
v -2.778881 1.346442 -0.356085
v -2.754160 1.321720 -0.360000
v -2.754160 -0.733520 0.360000
v -2.778881 -0.708799 0.356084
v -2.801183 -0.686497 0.344721
v -2.818881 -0.668799 0.327023
v -2.830245 -0.657436 0.304721
v -2.834160 -0.653520 0.280000
v -2.834160 -0.653520 -0.280000
v -2.830245 -0.657436 -0.304722
v -2.818881 -0.668799 -0.327023
v -2.801183 -0.686497 -0.344722
v -2.778881 -0.708799 -0.356085
v -2.754160 -0.733520 -0.360000
v -4.525972 1.349326 0.360000
v -4.531742 1.373554 0.356084
v -4.536946 1.395411 0.344721
v -4.541076 1.412757 0.327022
v -4.543728 1.423893 0.304721
v -4.544641 1.427731 0.280000
v -4.544641 1.427731 -0.280000
v -4.543728 1.423893 -0.304722
v -4.541076 1.412757 -0.327023
v -4.536946 1.395411 -0.344722
v -4.531742 1.373554 -0.356085
v -4.525972 1.349326 -0.360000
v -4.554545 1.338716 0.360000
v -4.566026 1.360823 0.356084
v -4.576383 1.380767 0.344721
v -4.584602 1.396594 0.327022
v -4.589879 1.406756 0.304721
v -4.591697 1.410257 0.280000
v -4.591697 1.410257 -0.280000
v -4.589879 1.406756 -0.304722
v -4.584602 1.396594 -0.327023
v -4.576383 1.380767 -0.344722
v -4.566026 1.360823 -0.356085
v -4.554545 1.338716 -0.360000
v -4.580283 1.321017 0.360000
v -4.596563 1.339825 0.356084
v -4.611250 1.356791 0.344721
v -4.622905 1.370255 0.327022
v -4.630388 1.378900 0.304721
v -4.632967 1.381879 0.280000
v -4.632967 1.381879 -0.280000
v -4.630388 1.378900 -0.304722
v -4.622905 1.370255 -0.327023
v -4.611250 1.356791 -0.344722
v -4.596563 1.339825 -0.356085
v -4.580283 1.321017 -0.360000
v -4.603209 1.296219 0.360000
v -4.622903 1.311333 0.356084
v -4.640670 1.324968 0.344721
v -4.654769 1.335789 0.327022
v -4.663822 1.342736 0.304721
v -4.666941 1.345130 0.280000
v -4.666941 1.345130 -0.280000
v -4.663822 1.342736 -0.304722
v -4.654769 1.335789 -0.327023
v -4.640670 1.324968 -0.344722
v -4.622903 1.311333 -0.356085
v -4.603209 1.296219 -0.360000
v -4.623349 1.264308 0.360000
v -4.645207 1.275992 0.356084
v -4.664927 1.286533 0.344721
v -4.680576 1.294898 0.327022
v -4.690623 1.300268 0.304721
v -4.694086 1.302119 0.280000
v -4.694086 1.302119 -0.280000
v -4.690623 1.300268 -0.304722
v -4.680576 1.294898 -0.327023
v -4.664927 1.286533 -0.344722
v -4.645207 1.275992 -0.356085
v -4.623349 1.264308 -0.360000
v -4.640725 1.225273 0.360000
v -4.663872 1.234062 0.356084
v -4.684754 1.241991 0.344721
v -4.701325 1.248284 0.327022
v -4.711965 1.252324 0.304721
v -4.715631 1.253716 0.280000
v -4.715631 1.253716 -0.280000
v -4.711965 1.252324 -0.304722
v -4.701325 1.248284 -0.327023
v -4.684754 1.241991 -0.344722
v -4.663872 1.234062 -0.356085
v -4.640725 1.225273 -0.360000
v -4.655362 1.179101 0.360000
v -4.679253 1.185546 0.356084
v -4.700805 1.191360 0.344721
v -4.717908 1.195974 0.327022
v -4.728890 1.198936 0.304721
v -4.732674 1.199957 0.280000
v -4.732674 1.199957 -0.280000
v -4.728890 1.198936 -0.304722
v -4.717908 1.195974 -0.327023
v -4.700805 1.191360 -0.344722
v -4.679253 1.185546 -0.356085
v -4.655362 1.179101 -0.360000
v -4.667284 1.125782 0.360000
v -4.691594 1.130349 0.356084
v -4.713525 1.134469 0.344721
v -4.730929 1.137739 0.327022
v -4.742104 1.139839 0.304721
v -4.745954 1.140562 0.280000
v -4.745954 1.140562 -0.280000
v -4.742104 1.139839 -0.304722
v -4.730929 1.137739 -0.327023
v -4.713525 1.134469 -0.344722
v -4.691594 1.130349 -0.356085
v -4.667284 1.125782 -0.360000
v -4.676514 1.065302 0.360000
v -4.701055 1.068362 0.356084
v -4.723193 1.071124 0.344721
v -4.740762 1.073315 0.327022
v -4.752042 1.074722 0.304721
v -4.755929 1.075207 0.280000
v -4.755929 1.075207 -0.280000
v -4.752042 1.074722 -0.304722
v -4.740762 1.073315 -0.327023
v -4.723193 1.071124 -0.344722
v -4.701055 1.068362 -0.356085
v -4.676514 1.065302 -0.360000
v -4.683078 0.997649 0.360000
v -4.707736 0.999491 0.356084
v -4.729981 1.001152 0.344721
v -4.747635 1.002470 0.327022
v -4.758970 1.003316 0.304721
v -4.762876 1.003608 0.280000
v -4.762876 1.003608 -0.280000
v -4.758970 1.003316 -0.304722
v -4.747635 1.002470 -0.327023
v -4.729981 1.001152 -0.344722
v -4.707736 0.999491 -0.356085
v -4.683078 0.997649 -0.360000
v -4.686998 0.922813 0.360000
v -4.711709 0.923656 0.356084
v -4.734002 0.924416 0.344721
v -4.751693 0.925020 0.327022
v -4.763052 0.925407 0.304721
v -4.766965 0.925541 0.280000
v -4.766965 0.925541 -0.280000
v -4.763052 0.925407 -0.304722
v -4.751693 0.925020 -0.327023
v -4.734002 0.924416 -0.344722
v -4.711709 0.923656 -0.356085
v -4.686998 0.922813 -0.360000
v -4.688300 0.840780 0.360000
v -4.713022 0.840929 0.356084
v -4.735324 0.841063 0.344721
v -4.753023 0.841169 0.327022
v -4.764387 0.841237 0.304721
v -4.768302 0.841261 0.280000
v -4.768302 0.841261 -0.280000
v -4.764387 0.841237 -0.304722
v -4.753023 0.841169 -0.327023
v -4.735324 0.841063 -0.344722
v -4.713022 0.840929 -0.356085
v -4.688300 0.840780 -0.360000
v -4.688156 0.803299 0.360000
v -4.712876 0.803104 0.356084
v -4.735178 0.802929 0.344721
v -4.752875 0.802789 0.327022
v -4.764238 0.802700 0.304721
v -4.768154 0.802669 0.280000
v -4.768154 0.802669 -0.280000
v -4.764238 0.802700 -0.304722
v -4.752875 0.802789 -0.327023
v -4.735178 0.802929 -0.344722
v -4.712876 0.803104 -0.356085
v -4.688156 0.803299 -0.360000
v -4.687723 0.766983 0.360000
v -4.712441 0.766582 0.356084
v -4.734740 0.766221 0.344721
v -4.752437 0.765934 0.327022
v -4.763798 0.765749 0.304721
v -4.767714 0.765686 0.280000
v -4.767714 0.765686 -0.280000
v -4.763798 0.765749 -0.304722
v -4.752437 0.765934 -0.327023
v -4.734740 0.766221 -0.344722
v -4.712441 0.766582 -0.356085
v -4.687723 0.766983 -0.360000
v -4.687002 0.731844 0.360000
v -4.711716 0.731223 0.356084
v -4.734011 0.730663 0.344721
v -4.751704 0.730219 0.327022
v -4.763063 0.729934 0.304721
v -4.766978 0.729835 0.280000
v -4.766978 0.729835 -0.280000
v -4.763063 0.729934 -0.304722
v -4.751704 0.730219 -0.327023
v -4.734011 0.730663 -0.344722
v -4.711716 0.731223 -0.356085
v -4.687002 0.731844 -0.360000
v -4.685993 0.697895 0.360000
v -4.710700 0.697038 0.356084
v -4.732988 0.696266 0.344721
v -4.750677 0.695652 0.327022
v -4.762033 0.695259 0.304721
v -4.765946 0.695123 0.280000
v -4.765946 0.695123 -0.280000
v -4.762033 0.695259 -0.304722
v -4.750677 0.695652 -0.327023
v -4.732988 0.696266 -0.344722
v -4.710700 0.697038 -0.356085
v -4.685993 0.697895 -0.360000
v -4.684696 0.665147 0.360000
v -4.709393 0.664037 0.356084
v -4.731672 0.663035 0.344721
v -4.749353 0.662240 0.327022
v -4.760705 0.661730 0.304721
v -4.764616 0.661554 0.280000
v -4.764616 0.661554 -0.280000
v -4.760705 0.661730 -0.304722
v -4.749353 0.662240 -0.327023
v -4.731672 0.663035 -0.344722
v -4.709393 0.664037 -0.356085
v -4.684696 0.665147 -0.360000
v -4.683110 0.633613 0.360000
v -4.707793 0.632229 0.356084
v -4.730060 0.630981 0.344721
v -4.747731 0.629990 0.327022
v -4.759076 0.629354 0.304721
v -4.762986 0.629135 0.280000
v -4.762986 0.629135 -0.280000
v -4.759076 0.629354 -0.304722
v -4.747731 0.629990 -0.327023
v -4.730060 0.630981 -0.344722
v -4.707793 0.632229 -0.356085
v -4.683110 0.633613 -0.360000
v -4.681236 0.603303 0.360000
v -4.705901 0.601624 0.356084
v -4.728151 0.600108 0.344721
v -4.745809 0.598906 0.327022
v -4.757146 0.598134 0.304721
v -4.761053 0.597868 0.280000
v -4.761053 0.597868 -0.280000
v -4.757146 0.598134 -0.304722
v -4.745809 0.598906 -0.327023
v -4.728151 0.600108 -0.344722
v -4.705901 0.601624 -0.356085
v -4.681236 0.603303 -0.360000
v -4.679073 0.574232 0.360000
v -4.703714 0.572230 0.356084
v -4.725943 0.570424 0.344721
v -4.743584 0.568991 0.327022
v -4.754910 0.568071 0.304721
v -4.758812 0.567754 0.280000
v -4.758812 0.567754 -0.280000
v -4.754910 0.568071 -0.304722
v -4.743584 0.568991 -0.327023
v -4.725943 0.570424 -0.344722
v -4.703714 0.572230 -0.356085
v -4.679073 0.574232 -0.360000
v -4.676622 0.546410 0.360000
v -4.701232 0.544057 0.356084
v -4.723433 0.541935 0.344721
v -4.741052 0.540250 0.327022
v -4.752364 0.539169 0.304721
v -4.756261 0.538796 0.280000
v -4.756261 0.538796 -0.280000
v -4.752364 0.539169 -0.304722
v -4.741052 0.540250 -0.327023
v -4.723433 0.541935 -0.344722
v -4.701232 0.544057 -0.356085
v -4.676622 0.546410 -0.360000
v -4.673883 0.519849 0.360000
v -4.698453 0.517112 0.356084
v -4.720619 0.514642 0.344721
v -4.738209 0.512682 0.327022
v -4.749503 0.511424 0.304721
v -4.753394 0.510990 0.280000
v -4.753394 0.510990 -0.280000
v -4.749503 0.511424 -0.304722
v -4.738209 0.512682 -0.327023
v -4.720619 0.514642 -0.344722
v -4.698453 0.517112 -0.356085
v -4.673883 0.519849 -0.360000
v -4.670856 0.494562 0.360000
v -4.695375 0.491401 0.356084
v -4.717495 0.488549 0.344721
v -4.735049 0.486286 0.327022
v -4.746319 0.484833 0.304721
v -4.750203 0.484332 0.280000
v -4.750203 0.484332 -0.280000
v -4.746319 0.484833 -0.304722
v -4.735049 0.486286 -0.327023
v -4.717495 0.488549 -0.344722
v -4.695375 0.491401 -0.356085
v -4.670856 0.494562 -0.360000
v -4.667540 0.470560 0.360000
v -4.692017 0.467090 0.356084
v -4.714098 0.463961 0.344721
v -4.731621 0.461477 0.327022
v -4.742872 0.459882 0.304721
v -4.746749 0.459332 0.280000
v -4.746749 0.459332 -0.280000
v -4.742872 0.459882 -0.304722
v -4.731621 0.461477 -0.327023
v -4.714098 0.463960 -0.344722
v -4.692017 0.467090 -0.356085
v -4.667540 0.470560 -0.360000
v -4.581039 -0.124560 0.360000
v -4.605507 -0.128093 0.356084
v -4.627580 -0.131281 0.344721
v -4.645096 -0.133810 0.327022
v -4.656343 -0.135434 0.304721
v -4.660218 -0.135994 0.280000
v -4.660218 -0.135994 -0.280000
v -4.656343 -0.135434 -0.304722
v -4.645096 -0.133810 -0.327023
v -4.627580 -0.131281 -0.344722
v -4.605507 -0.128093 -0.356085
v -4.581039 -0.124560 -0.360000
v -4.575836 -0.160830 0.360000
v -4.600276 -0.164557 0.356084
v -4.622324 -0.167918 0.344721
v -4.639821 -0.170586 0.327022
v -4.651054 -0.172299 0.304721
v -4.654925 -0.172890 0.280000
v -4.654925 -0.172890 -0.280000
v -4.651054 -0.172299 -0.304722
v -4.639821 -0.170586 -0.327023
v -4.622324 -0.167918 -0.344722
v -4.600276 -0.164557 -0.356085
v -4.575836 -0.160830 -0.360000
v -4.570548 -0.193568 0.360000
v -4.594905 -0.197804 0.356084
v -4.616879 -0.201626 0.344721
v -4.634317 -0.204659 0.327022
v -4.645513 -0.206606 0.304721
v -4.649371 -0.207277 0.280000
v -4.649371 -0.207277 -0.280000
v -4.645513 -0.206606 -0.304722
v -4.634317 -0.204659 -0.327023
v -4.616879 -0.201626 -0.344722
v -4.594905 -0.197804 -0.356085
v -4.570548 -0.193568 -0.360000
v -4.565092 -0.222846 0.360000
v -4.589320 -0.227773 0.356084
v -4.611177 -0.232218 0.344721
v -4.628523 -0.235746 0.327022
v -4.639660 -0.238011 0.304721
v -4.643497 -0.238791 0.280000
v -4.643497 -0.238792 -0.280000
v -4.639660 -0.238011 -0.304722
v -4.628523 -0.235746 -0.327023
v -4.611177 -0.232218 -0.344722
v -4.589320 -0.227773 -0.356085
v -4.565092 -0.222846 -0.360000
v -4.559383 -0.248736 0.360000
v -4.583405 -0.254597 0.356084
v -4.605077 -0.259885 0.344721
v -4.622275 -0.264082 0.327022
v -4.633317 -0.266776 0.304721
v -4.637122 -0.267705 0.280000
v -4.637122 -0.267705 -0.280000
v -4.633317 -0.266776 -0.304722
v -4.622275 -0.264082 -0.327023
v -4.605077 -0.259885 -0.344722
v -4.583405 -0.254597 -0.356085
v -4.559383 -0.248736 -0.360000
v -4.553338 -0.271310 0.360000
v -4.577023 -0.278434 0.356084
v -4.598389 -0.284862 0.344721
v -4.615345 -0.289962 0.327022
v -4.626231 -0.293237 0.304721
v -4.629982 -0.294366 0.280000
v -4.629982 -0.294366 -0.280000
v -4.626231 -0.293237 -0.304722
v -4.615345 -0.289962 -0.327023
v -4.598389 -0.284862 -0.344722
v -4.577023 -0.278434 -0.356085
v -4.553338 -0.271310 -0.360000
v -4.546873 -0.290640 0.360000
v -4.569986 -0.299472 0.356084
v -4.590837 -0.307440 0.344721
v -4.607384 -0.313763 0.327022
v -4.618008 -0.317823 0.304721
v -4.621669 -0.319222 0.280000
v -4.621669 -0.319222 -0.280000
v -4.618008 -0.317823 -0.304722
v -4.607384 -0.313763 -0.327023
v -4.590837 -0.307440 -0.344722
v -4.569986 -0.299472 -0.356085
v -4.546873 -0.290640 -0.360000
v -4.539903 -0.306799 0.360000
v -4.562027 -0.317925 0.356084
v -4.581985 -0.327962 0.344721
v -4.597824 -0.335927 0.327022
v -4.607993 -0.341041 0.304721
v -4.611497 -0.342804 0.280000
v -4.611497 -0.342804 -0.280000
v -4.607993 -0.341041 -0.304722
v -4.597824 -0.335927 -0.327023
v -4.581985 -0.327962 -0.344722
v -4.562027 -0.317925 -0.356085
v -4.539903 -0.306799 -0.360000
v -4.532344 -0.319858 0.360000
v -4.552732 -0.333984 0.356084
v -4.571123 -0.346727 0.344721
v -4.585719 -0.356840 0.327022
v -4.595090 -0.363333 0.304721
v -4.598320 -0.365571 0.280000
v -4.598320 -0.365571 -0.280000
v -4.595090 -0.363333 -0.304722
v -4.585719 -0.356840 -0.327023
v -4.571123 -0.346727 -0.344722
v -4.552732 -0.333984 -0.356085
v -4.532344 -0.319858 -0.360000
v -4.524112 -0.329889 0.360000
v -4.541517 -0.347650 0.356084
v -4.557219 -0.363672 0.344721
v -4.569679 -0.376388 0.327022
v -4.577679 -0.384551 0.304721
v -4.580436 -0.387364 0.280000
v -4.580436 -0.387364 -0.280000
v -4.577679 -0.384551 -0.304722
v -4.569679 -0.376388 -0.327023
v -4.557219 -0.363672 -0.344722
v -4.541517 -0.347650 -0.356085
v -4.524112 -0.329889 -0.360000
v -4.515124 -0.336966 0.360000
v -4.527839 -0.358418 0.356084
v -4.539310 -0.377771 0.344721
v -4.548414 -0.393129 0.327022
v -4.554258 -0.402990 0.304721
v -4.556272 -0.406387 0.280000
v -4.556272 -0.406387 -0.280000
v -4.554258 -0.402990 -0.304722
v -4.548414 -0.393129 -0.327023
v -4.539310 -0.377771 -0.344722
v -4.527839 -0.358418 -0.356085
v -4.515124 -0.336966 -0.360000
v -4.505294 -0.341158 0.360000
v -4.511842 -0.365242 0.356084
v -4.517750 -0.386968 0.344721
v -4.522438 -0.404209 0.327022
v -4.525447 -0.415279 0.304721
v -4.526484 -0.419094 0.280000
v -4.526484 -0.419094 -0.280000
v -4.525447 -0.415279 -0.304722
v -4.522438 -0.404209 -0.327023
v -4.517750 -0.386968 -0.344722
v -4.511842 -0.365242 -0.356085
v -4.505294 -0.341158 -0.360000
v -4.494540 -0.342540 0.360000
v -4.494540 -0.367465 0.356084
v -4.494540 -0.389949 0.344721
v -4.494539 -0.407793 0.327022
v -4.494539 -0.419250 0.304721
v -4.494539 -0.423198 0.280000
v -4.494539 -0.423198 -0.280000
v -4.494539 -0.419250 -0.304722
v -4.494539 -0.407793 -0.327023
v -4.494540 -0.389949 -0.344722
v -4.494540 -0.367465 -0.356085
v -4.494540 -0.342540 -0.360000
v -4.483786 -0.341158 0.360000
v -4.477237 -0.365242 0.356084
v -4.471330 -0.386967 0.344721
v -4.466642 -0.404209 0.327022
v -4.463632 -0.415279 0.304721
v -4.462595 -0.419093 0.280000
v -4.462595 -0.419093 -0.280000
v -4.463632 -0.415279 -0.304722
v -4.466642 -0.404209 -0.327023
v -4.471330 -0.386968 -0.344722
v -4.477237 -0.365242 -0.356085
v -4.483786 -0.341158 -0.360000
v -4.473956 -0.336966 0.360000
v -4.461241 -0.358418 0.356084
v -4.449769 -0.377771 0.344721
v -4.440666 -0.393129 0.327022
v -4.434822 -0.402990 0.304721
v -4.432808 -0.406387 0.280000
v -4.432808 -0.406387 -0.280000
v -4.434822 -0.402990 -0.304722
v -4.440666 -0.393129 -0.327023
v -4.449769 -0.377771 -0.344722
v -4.461241 -0.358418 -0.356085
v -4.473956 -0.336966 -0.360000
v -4.464968 -0.329889 0.360000
v -4.447563 -0.347650 0.356084
v -4.431861 -0.363672 0.344721
v -4.419401 -0.376388 0.327022
v -4.411401 -0.384551 0.304721
v -4.408644 -0.387364 0.280000
v -4.408644 -0.387364 -0.280000
v -4.411401 -0.384551 -0.304722
v -4.419401 -0.376388 -0.327023
v -4.431861 -0.363672 -0.344722
v -4.447563 -0.347650 -0.356085
v -4.464968 -0.329889 -0.360000
v -4.456736 -0.319858 0.360000
v -4.436348 -0.333984 0.356084
v -4.417957 -0.346727 0.344721
v -4.403361 -0.356840 0.327022
v -4.393990 -0.363333 0.304721
v -4.390760 -0.365571 0.280000
v -4.390760 -0.365571 -0.280000
v -4.393990 -0.363333 -0.304722
v -4.403361 -0.356840 -0.327023
v -4.417957 -0.346727 -0.344722
v -4.436348 -0.333984 -0.356085
v -4.456736 -0.319858 -0.360000
v -4.449177 -0.306799 0.360000
v -4.427053 -0.317925 0.356084
v -4.407095 -0.327962 0.344721
v -4.391256 -0.335927 0.327022
v -4.381087 -0.341041 0.304721
v -4.377583 -0.342804 0.280000
v -4.377583 -0.342804 -0.280000
v -4.381087 -0.341041 -0.304722
v -4.391256 -0.335927 -0.327023
v -4.407095 -0.327962 -0.344722
v -4.427053 -0.317925 -0.356085
v -4.449177 -0.306799 -0.360000
v -4.442207 -0.290640 0.360000
v -4.419094 -0.299472 0.356084
v -4.398243 -0.307440 0.344721
v -4.381696 -0.313763 0.327022
v -4.371072 -0.317823 0.304721
v -4.367411 -0.319222 0.280000
v -4.367411 -0.319222 -0.280000
v -4.371072 -0.317823 -0.304722
v -4.381696 -0.313763 -0.327023
v -4.398243 -0.307440 -0.344722
v -4.419094 -0.299472 -0.356085
v -4.442207 -0.290640 -0.360000
v -4.435742 -0.271310 0.360000
v -4.412057 -0.278434 0.356084
v -4.390691 -0.284862 0.344721
v -4.373735 -0.289962 0.327022
v -4.362848 -0.293237 0.304721
v -4.359097 -0.294366 0.280000
v -4.359097 -0.294366 -0.280000
v -4.362848 -0.293237 -0.304722
v -4.373735 -0.289962 -0.327023
v -4.390691 -0.284862 -0.344722
v -4.412057 -0.278434 -0.356085
v -4.435742 -0.271310 -0.360000
v -4.429697 -0.248736 0.360000
v -4.405674 -0.254597 0.356084
v -4.384003 -0.259885 0.344721
v -4.366805 -0.264082 0.327022
v -4.355763 -0.266776 0.304721
v -4.351958 -0.267705 0.280000
v -4.351958 -0.267705 -0.280000
v -4.355763 -0.266776 -0.304722
v -4.366805 -0.264082 -0.327023
v -4.384003 -0.259885 -0.344722
v -4.405674 -0.254597 -0.356085
v -4.429697 -0.248736 -0.360000
v -4.423988 -0.222846 0.360000
v -4.399760 -0.227773 0.356084
v -4.377903 -0.232218 0.344721
v -4.360557 -0.235746 0.327022
v -4.349420 -0.238011 0.304721
v -4.345582 -0.238791 0.280000
v -4.345582 -0.238792 -0.280000
v -4.349420 -0.238011 -0.304722
v -4.360557 -0.235746 -0.327023
v -4.377903 -0.232218 -0.344722
v -4.399760 -0.227773 -0.356085
v -4.423988 -0.222846 -0.360000
v -4.418532 -0.193568 0.360000
v -4.394175 -0.197804 0.356084
v -4.372201 -0.201626 0.344721
v -4.354763 -0.204659 0.327022
v -4.343567 -0.206606 0.304721
v -4.339709 -0.207277 0.280000
v -4.339709 -0.207277 -0.280000
v -4.343567 -0.206606 -0.304722
v -4.354763 -0.204659 -0.327023
v -4.372201 -0.201626 -0.344722
v -4.394175 -0.197804 -0.356085
v -4.418532 -0.193568 -0.360000
v -4.413244 -0.160830 0.360000
v -4.388804 -0.164557 0.356084
v -4.366756 -0.167919 0.344721
v -4.349259 -0.170587 0.327022
v -4.338026 -0.172300 0.304721
v -4.334155 -0.172891 0.280000
v -4.334155 -0.172891 -0.280000
v -4.338026 -0.172300 -0.304722
v -4.349259 -0.170587 -0.327023
v -4.366756 -0.167919 -0.344722
v -4.388804 -0.164557 -0.356085
v -4.413244 -0.160830 -0.360000
v -4.408040 -0.124560 0.360000
v -4.383572 -0.128094 0.356084
v -4.361500 -0.131281 0.344721
v -4.343983 -0.133811 0.327022
v -4.332736 -0.135435 0.304721
v -4.328861 -0.135995 0.280000
v -4.328861 -0.135995 -0.280000
v -4.332736 -0.135435 -0.304722
v -4.343983 -0.133811 -0.327023
v -4.361500 -0.131281 -0.344722
v -4.383572 -0.128094 -0.356085
v -4.408040 -0.124560 -0.360000
v -4.321540 0.470560 0.360000
v -4.297063 0.467090 0.356084
v -4.274982 0.463960 0.344721
v -4.257459 0.461476 0.327022
v -4.246208 0.459881 0.304721
v -4.242332 0.459332 0.280000
v -4.242332 0.459332 -0.280000
v -4.246208 0.459881 -0.304722
v -4.257459 0.461476 -0.327023
v -4.274982 0.463960 -0.344722
v -4.297063 0.467090 -0.356085
v -4.321540 0.470560 -0.360000
v -4.318223 0.494562 0.360000
v -4.293704 0.491400 0.356084
v -4.271585 0.488548 0.344721
v -4.254031 0.486285 0.327022
v -4.242761 0.484832 0.304721
v -4.238877 0.484331 0.280000
v -4.238877 0.484331 -0.280000
v -4.242761 0.484832 -0.304722
v -4.254031 0.486285 -0.327023
v -4.271585 0.488548 -0.344722
v -4.293704 0.491400 -0.356085
v -4.318223 0.494562 -0.360000
v -4.315196 0.519849 0.360000
v -4.290626 0.517112 0.356084
v -4.268461 0.514642 0.344721
v -4.250871 0.512682 0.327022
v -4.239577 0.511424 0.304721
v -4.235685 0.510990 0.280000
v -4.235685 0.510990 -0.280000
v -4.239577 0.511424 -0.304722
v -4.250871 0.512682 -0.327023
v -4.268461 0.514642 -0.344722
v -4.290626 0.517112 -0.356085
v -4.315196 0.519849 -0.360000
v -4.312457 0.546410 0.360000
v -4.287847 0.544057 0.356084
v -4.265646 0.541935 0.344721
v -4.248028 0.540250 0.327022
v -4.236716 0.539169 0.304721
v -4.232818 0.538796 0.280000
v -4.232818 0.538796 -0.280000
v -4.236716 0.539169 -0.304722
v -4.248028 0.540250 -0.327023
v -4.265646 0.541935 -0.344722
v -4.287847 0.544057 -0.356085
v -4.312457 0.546410 -0.360000
v -4.310006 0.574232 0.360000
v -4.285366 0.572230 0.356084
v -4.263136 0.570424 0.344721
v -4.245496 0.568991 0.327022
v -4.234169 0.568071 0.304721
v -4.230267 0.567754 0.280000
v -4.230267 0.567754 -0.280000
v -4.234169 0.568071 -0.304722
v -4.245496 0.568991 -0.327023
v -4.263136 0.570424 -0.344722
v -4.285366 0.572230 -0.356085
v -4.310006 0.574232 -0.360000
v -4.307844 0.603303 0.360000
v -4.283179 0.601624 0.356084
v -4.260929 0.600108 0.344721
v -4.243271 0.598906 0.327022
v -4.231934 0.598134 0.304721
v -4.228027 0.597868 0.280000
v -4.228027 0.597868 -0.280000
v -4.231934 0.598134 -0.304722
v -4.243271 0.598906 -0.327023
v -4.260929 0.600108 -0.344722
v -4.283179 0.601624 -0.356085
v -4.307844 0.603303 -0.360000
v -4.305970 0.633613 0.360000
v -4.281287 0.632229 0.356084
v -4.259020 0.630981 0.344721
v -4.241349 0.629990 0.327022
v -4.230003 0.629354 0.304721
v -4.226094 0.629135 0.280000
v -4.226094 0.629135 -0.280000
v -4.230003 0.629354 -0.304722
v -4.241349 0.629990 -0.327023
v -4.259020 0.630981 -0.344722
v -4.281287 0.632229 -0.356085
v -4.305970 0.633613 -0.360000
v -4.304384 0.665147 0.360000
v -4.279687 0.664037 0.356084
v -4.257408 0.663035 0.344721
v -4.239727 0.662240 0.327022
v -4.228375 0.661730 0.304721
v -4.224463 0.661554 0.280000
v -4.224463 0.661554 -0.280000
v -4.228375 0.661730 -0.304722
v -4.239727 0.662240 -0.327023
v -4.257408 0.663035 -0.344722
v -4.279687 0.664037 -0.356085
v -4.304384 0.665147 -0.360000
v -4.303086 0.697895 0.360000
v -4.278379 0.697038 0.356084
v -4.256091 0.696266 0.344721
v -4.238403 0.695652 0.327022
v -4.227046 0.695259 0.304721
v -4.223134 0.695123 0.280000
v -4.223134 0.695123 -0.280000
v -4.227046 0.695259 -0.304722
v -4.238403 0.695652 -0.327023
v -4.256091 0.696266 -0.344722
v -4.278379 0.697038 -0.356085
v -4.303086 0.697895 -0.360000
v -4.302077 0.731844 0.360000
v -4.277363 0.731223 0.356084
v -4.255069 0.730663 0.344721
v -4.237376 0.730219 0.327022
v -4.226016 0.729934 0.304721
v -4.222102 0.729835 0.280000
v -4.222102 0.729835 -0.280000
v -4.226016 0.729934 -0.304722
v -4.237376 0.730219 -0.327023
v -4.255069 0.730663 -0.344722
v -4.277363 0.731223 -0.356085
v -4.302077 0.731844 -0.360000
v -4.301356 0.766983 0.360000
v -4.276638 0.766582 0.356084
v -4.254339 0.766220 0.344721
v -4.236643 0.765934 0.327022
v -4.225281 0.765749 0.304721
v -4.221366 0.765686 0.280000
v -4.221366 0.765686 -0.280000
v -4.225281 0.765749 -0.304722
v -4.236643 0.765934 -0.327023
v -4.254339 0.766220 -0.344722
v -4.276638 0.766582 -0.356085
v -4.301356 0.766983 -0.360000
v -4.300924 0.803299 0.360000
v -4.276203 0.803104 0.356084
v -4.253902 0.802928 0.344721
v -4.236204 0.802789 0.327022
v -4.224841 0.802700 0.304721
v -4.220926 0.802669 0.280000
v -4.220926 0.802669 -0.280000
v -4.224841 0.802700 -0.304722
v -4.236204 0.802789 -0.327023
v -4.253902 0.802928 -0.344722
v -4.276203 0.803104 -0.356085
v -4.300924 0.803299 -0.360000
v -4.300780 0.840780 0.360000
v -4.276058 0.840929 0.356084
v -4.253756 0.841063 0.344721
v -4.236056 0.841169 0.327022
v -4.224693 0.841238 0.304721
v -4.220778 0.841261 0.280000
v -4.220778 0.841261 -0.280000
v -4.224693 0.841238 -0.304722
v -4.236056 0.841169 -0.327023
v -4.253756 0.841063 -0.344722
v -4.276058 0.840929 -0.356085
v -4.300780 0.840780 -0.360000
v -4.302082 0.922813 0.360000
v -4.277370 0.923656 0.356084
v -4.255078 0.924417 0.344721
v -4.237387 0.925020 0.327022
v -4.226028 0.925408 0.304721
v -4.222115 0.925541 0.280000
v -4.222115 0.925541 -0.280000
v -4.226028 0.925408 -0.304722
v -4.237387 0.925020 -0.327023
v -4.255078 0.924417 -0.344722
v -4.277370 0.923656 -0.356085
v -4.302082 0.922813 -0.360000
v -4.306002 0.997650 0.360000
v -4.281343 0.999491 0.356084
v -4.259099 1.001152 0.344721
v -4.241445 1.002470 0.327022
v -4.230110 1.003316 0.304721
v -4.226204 1.003608 0.280000
v -4.226204 1.003608 -0.280000
v -4.230110 1.003316 -0.304722
v -4.241445 1.002470 -0.327023
v -4.259099 1.001152 -0.344722
v -4.281343 0.999491 -0.356085
v -4.306002 0.997650 -0.360000
v -4.312566 1.065302 0.360000
v -4.288025 1.068363 0.356084
v -4.265887 1.071124 0.344721
v -4.248318 1.073315 0.327022
v -4.237038 1.074722 0.304721
v -4.233151 1.075207 0.280000
v -4.233151 1.075207 -0.280000
v -4.237038 1.074722 -0.304722
v -4.248318 1.073315 -0.327023
v -4.265887 1.071124 -0.344722
v -4.288025 1.068363 -0.356085
v -4.312566 1.065302 -0.360000
v -4.321796 1.125782 0.360000
v -4.297486 1.130349 0.356084
v -4.275555 1.134469 0.344721
v -4.258151 1.137739 0.327022
v -4.246976 1.139839 0.304721
v -4.243126 1.140562 0.280000
v -4.243126 1.140562 -0.280000
v -4.246976 1.139839 -0.304722
v -4.258151 1.137739 -0.327023
v -4.275555 1.134469 -0.344722
v -4.297486 1.130349 -0.356085
v -4.321796 1.125782 -0.360000
v -4.333718 1.179101 0.360000
v -4.309827 1.185546 0.356084
v -4.288275 1.191360 0.344721
v -4.271172 1.195974 0.327022
v -4.260190 1.198936 0.304721
v -4.256406 1.199957 0.280000
v -4.256406 1.199957 -0.280000
v -4.260190 1.198936 -0.304722
v -4.271172 1.195974 -0.327023
v -4.288275 1.191360 -0.344722
v -4.309827 1.185546 -0.356085
v -4.333718 1.179101 -0.360000
v -4.348355 1.225273 0.360000
v -4.325208 1.234062 0.356084
v -4.304326 1.241991 0.344721
v -4.287755 1.248284 0.327022
v -4.277115 1.252324 0.304721
v -4.273448 1.253716 0.280000
v -4.273448 1.253716 -0.280000
v -4.277115 1.252324 -0.304722
v -4.287755 1.248284 -0.327023
v -4.304326 1.241991 -0.344722
v -4.325208 1.234062 -0.356085
v -4.348355 1.225273 -0.360000
v -4.365731 1.264308 0.360000
v -4.343873 1.275992 0.356084
v -4.324153 1.286533 0.344721
v -4.308504 1.294898 0.327022
v -4.298457 1.300268 0.304721
v -4.294994 1.302119 0.280000
v -4.294994 1.302119 -0.280000
v -4.298457 1.300268 -0.304722
v -4.308504 1.294898 -0.327023
v -4.324153 1.286533 -0.344722
v -4.343873 1.275992 -0.356085
v -4.365731 1.264308 -0.360000
v -4.385870 1.296219 0.360000
v -4.366177 1.311333 0.356084
v -4.348410 1.324968 0.344721
v -4.334311 1.335789 0.327022
v -4.325258 1.342736 0.304721
v -4.322139 1.345130 0.280000
v -4.322139 1.345130 -0.280000
v -4.325258 1.342736 -0.304722
v -4.334311 1.335789 -0.327023
v -4.348410 1.324968 -0.344722
v -4.366177 1.311333 -0.356085
v -4.385870 1.296219 -0.360000
v -4.408797 1.321017 0.360000
v -4.392517 1.339825 0.356084
v -4.377830 1.356791 0.344721
v -4.366175 1.370255 0.327022
v -4.358692 1.378900 0.304721
v -4.356113 1.381879 0.280000
v -4.356113 1.381879 -0.280000
v -4.358692 1.378900 -0.304722
v -4.366175 1.370255 -0.327023
v -4.377830 1.356791 -0.344722
v -4.392517 1.339825 -0.356085
v -4.408797 1.321017 -0.360000
v -4.434535 1.338716 0.360000
v -4.423054 1.360823 0.356084
v -4.412697 1.380767 0.344721
v -4.404478 1.396594 0.327022
v -4.399201 1.406756 0.304721
v -4.397383 1.410258 0.280000
v -4.397383 1.410258 -0.280000
v -4.399201 1.406756 -0.304722
v -4.404478 1.396594 -0.327023
v -4.412697 1.380767 -0.344722
v -4.423054 1.360823 -0.356085
v -4.434535 1.338716 -0.360000
v -4.463108 1.349326 0.360000
v -4.457338 1.373554 0.356084
v -4.452134 1.395411 0.344721
v -4.448004 1.412757 0.327022
v -4.445352 1.423894 0.304721
v -4.444438 1.427731 0.280000
v -4.444438 1.427731 -0.280000
v -4.445352 1.423894 -0.304722
v -4.448004 1.412757 -0.327023
v -4.452134 1.395411 -0.344722
v -4.457338 1.373554 -0.356085
v -4.463108 1.349326 -0.360000
v -4.494540 1.352860 0.360000
v -4.494540 1.377737 0.356084
v -4.494540 1.400179 0.344721
v -4.494540 1.417989 0.327022
v -4.494540 1.429424 0.304721
v -4.494540 1.433364 0.280000
v -4.494540 1.433364 -0.280000
v -4.494540 1.429424 -0.304722
v -4.494540 1.417989 -0.327023
v -4.494540 1.400179 -0.344722
v -4.494540 1.377737 -0.356085
v -4.494540 1.352860 -0.360000
v -4.703695 -0.889611 0.360000
v -4.728246 -0.892953 0.356084
v -4.750394 -0.895968 0.344721
v -4.767971 -0.898362 0.327022
v -4.779256 -0.899898 0.304721
v -4.783145 -0.900427 0.280000
v -4.783145 -0.900427 -0.280000
v -4.779256 -0.899898 -0.304722
v -4.767971 -0.898362 -0.327023
v -4.750394 -0.895968 -0.344722
v -4.728246 -0.892953 -0.356085
v -4.703695 -0.889611 -0.360000
v -4.698151 -0.916564 0.360000
v -4.722033 -0.923158 0.356084
v -4.743578 -0.929106 0.344721
v -4.760676 -0.933827 0.327022
v -4.771654 -0.936858 0.304721
v -4.775436 -0.937902 0.280000
v -4.775436 -0.937902 -0.280000
v -4.771654 -0.936858 -0.304722
v -4.760676 -0.933827 -0.327023
v -4.743578 -0.929106 -0.344722
v -4.722033 -0.923158 -0.356085
v -4.698151 -0.916564 -0.360000
v -4.689219 -0.942147 0.360000
v -4.712025 -0.951823 0.356084
v -4.732599 -0.960551 0.344721
v -4.748927 -0.967478 0.327022
v -4.759410 -0.971925 0.304721
v -4.763022 -0.973458 0.280000
v -4.763022 -0.973458 -0.280000
v -4.759410 -0.971925 -0.304722
v -4.748927 -0.967478 -0.327023
v -4.732599 -0.960551 -0.344722
v -4.712025 -0.951823 -0.356085
v -4.689219 -0.942147 -0.360000
v -4.677151 -0.966109 0.360000
v -4.698514 -0.978649 0.356084
v -4.717787 -0.989962 0.344721
v -4.733082 -0.998940 0.327022
v -4.742902 -1.004705 0.304721
v -4.746285 -1.006691 0.280000
v -4.746285 -1.006691 -0.280000
v -4.742902 -1.004705 -0.304722
v -4.733082 -0.998940 -0.327023
v -4.717787 -0.989962 -0.344722
v -4.698514 -0.978649 -0.356085
v -4.677151 -0.966109 -0.360000
v -4.662199 -0.988197 0.360000
v -4.681790 -1.003357 0.356084
v -4.699463 -1.017033 0.344721
v -4.713488 -1.027886 0.327022
v -4.722493 -1.034855 0.304721
v -4.725596 -1.037256 0.280000
v -4.725596 -1.037256 -0.280000
v -4.722493 -1.034855 -0.304722
v -4.713488 -1.027886 -0.327023
v -4.699463 -1.017033 -0.344722
v -4.681790 -1.003357 -0.356085
v -4.662199 -0.988197 -0.360000
v -4.644617 -1.008158 0.360000
v -4.662133 -1.025673 0.356084
v -4.677934 -1.041474 0.344721
v -4.690474 -1.054014 0.327022
v -4.698525 -1.062065 0.304721
v -4.701299 -1.064839 0.280000
v -4.701299 -1.064839 -0.280000
v -4.698525 -1.062065 -0.304722
v -4.690474 -1.054014 -0.327023
v -4.677934 -1.041474 -0.344722
v -4.662133 -1.025673 -0.356085
v -4.644617 -1.008158 -0.360000
v -4.624656 -1.025740 0.360000
v -4.639816 -1.045330 0.356084
v -4.653492 -1.063003 0.344721
v -4.664346 -1.077029 0.327022
v -4.671314 -1.086033 0.304721
v -4.673716 -1.089136 0.280000
v -4.673716 -1.089136 -0.280000
v -4.671314 -1.086033 -0.304722
v -4.664346 -1.077029 -0.327023
v -4.653492 -1.063003 -0.344722
v -4.639816 -1.045330 -0.356085
v -4.624656 -1.025740 -0.360000
v -4.602569 -1.040691 0.360000
v -4.615109 -1.062055 0.356084
v -4.626422 -1.081327 0.344721
v -4.635400 -1.096622 0.327022
v -4.641164 -1.106442 0.304721
v -4.643151 -1.109826 0.280000
v -4.643151 -1.109826 -0.280000
v -4.641164 -1.106442 -0.304722
v -4.635400 -1.096622 -0.327023
v -4.626422 -1.081327 -0.344722
v -4.615109 -1.062055 -0.356085
v -4.602569 -1.040691 -0.360000
v -4.578607 -1.052759 0.360000
v -4.588283 -1.075566 0.356084
v -4.597011 -1.096140 0.344721
v -4.603938 -1.112468 0.327022
v -4.608386 -1.122951 0.304721
v -4.609918 -1.126563 0.280000
v -4.609918 -1.126563 -0.280000
v -4.608386 -1.122951 -0.304722
v -4.603938 -1.112468 -0.327023
v -4.597011 -1.096140 -0.344722
v -4.588283 -1.075566 -0.356085
v -4.578607 -1.052759 -0.360000
v -4.553023 -1.061691 0.360000
v -4.559618 -1.085574 0.356084
v -4.565566 -1.107119 0.344721
v -4.570287 -1.124217 0.327022
v -4.573318 -1.135194 0.304721
v -4.574362 -1.138977 0.280000
v -4.574362 -1.138977 -0.280000
v -4.573318 -1.135194 -0.304722
v -4.570287 -1.124217 -0.327023
v -4.565566 -1.107119 -0.344722
v -4.559618 -1.085574 -0.356085
v -4.553023 -1.061691 -0.360000
v -4.526070 -1.067236 0.360000
v -4.529412 -1.091787 0.356084
v -4.532428 -1.113935 0.344721
v -4.534821 -1.131512 0.327022
v -4.536357 -1.142797 0.304721
v -4.536886 -1.146686 0.280000
v -4.536886 -1.146686 -0.280000
v -4.536357 -1.142797 -0.304722
v -4.534821 -1.131512 -0.327023
v -4.532428 -1.113935 -0.344722
v -4.529412 -1.091787 -0.356085
v -4.526070 -1.067236 -0.360000
v -4.498000 -1.069140 0.360000
v -4.498000 -1.093918 0.356084
v -4.498000 -1.116271 0.344721
v -4.498000 -1.134010 0.327022
v -4.498000 -1.145399 0.304721
v -4.498000 -1.149324 0.280000
v -4.498000 -1.149324 -0.280000
v -4.498000 -1.145399 -0.304722
v -4.498000 -1.134010 -0.327023
v -4.498000 -1.116271 -0.344722
v -4.498000 -1.093918 -0.356085
v -4.498000 -1.069140 -0.360000
v -4.469929 -1.067236 0.360000
v -4.466587 -1.091787 0.356084
v -4.463572 -1.113935 0.344721
v -4.461179 -1.131512 0.327022
v -4.459642 -1.142797 0.304721
v -4.459113 -1.146686 0.280000
v -4.459113 -1.146686 -0.280000
v -4.459642 -1.142797 -0.304722
v -4.461179 -1.131512 -0.327023
v -4.463572 -1.113935 -0.344722
v -4.466587 -1.091787 -0.356085
v -4.469929 -1.067236 -0.360000
v -4.442976 -1.061691 0.360000
v -4.436382 -1.085574 0.356084
v -4.430433 -1.107119 0.344721
v -4.425713 -1.124217 0.327022
v -4.422681 -1.135194 0.304721
v -4.421637 -1.138977 0.280000
v -4.421637 -1.138977 -0.280000
v -4.422681 -1.135194 -0.304722
v -4.425713 -1.124217 -0.327023
v -4.430433 -1.107119 -0.344722
v -4.436382 -1.085574 -0.356085
v -4.442976 -1.061691 -0.360000
v -4.417392 -1.052759 0.360000
v -4.407717 -1.075566 0.356084
v -4.398988 -1.096140 0.344721
v -4.392061 -1.112468 0.327022
v -4.387614 -1.122951 0.304721
v -4.386081 -1.126563 0.280000
v -4.386081 -1.126563 -0.280000
v -4.387614 -1.122951 -0.304722
v -4.392061 -1.112468 -0.327023
v -4.398988 -1.096140 -0.344722
v -4.407717 -1.075566 -0.356085
v -4.417392 -1.052759 -0.360000
v -4.393431 -1.040691 0.360000
v -4.380890 -1.062055 0.356084
v -4.369577 -1.081327 0.344721
v -4.360599 -1.096622 0.327022
v -4.354835 -1.106442 0.304721
v -4.352849 -1.109826 0.280000
v -4.352849 -1.109826 -0.280000
v -4.354835 -1.106442 -0.304722
v -4.360599 -1.096622 -0.327023
v -4.369577 -1.081327 -0.344722
v -4.380890 -1.062055 -0.356085
v -4.393431 -1.040691 -0.360000
v -4.371343 -1.025740 0.360000
v -4.356183 -1.045330 0.356084
v -4.342507 -1.063003 0.344721
v -4.331653 -1.077029 0.327022
v -4.324685 -1.086033 0.304721
v -4.322284 -1.089136 0.280000
v -4.322284 -1.089136 -0.280000
v -4.324685 -1.086033 -0.304722
v -4.331653 -1.077029 -0.327023
v -4.342507 -1.063003 -0.344722
v -4.356183 -1.045330 -0.356085
v -4.371343 -1.025740 -0.360000
v -4.351382 -1.008158 0.360000
v -4.333867 -1.025673 0.356084
v -4.318065 -1.041474 0.344721
v -4.305525 -1.054014 0.327022
v -4.297474 -1.062065 0.304721
v -4.294700 -1.064839 0.280000
v -4.294700 -1.064839 -0.280000
v -4.297474 -1.062065 -0.304722
v -4.305525 -1.054014 -0.327023
v -4.318065 -1.041474 -0.344722
v -4.333867 -1.025673 -0.356085
v -4.351382 -1.008158 -0.360000
v -4.333800 -0.988196 0.360000
v -4.314209 -1.003357 0.356084
v -4.296536 -1.017033 0.344721
v -4.282511 -1.027886 0.327022
v -4.273506 -1.034855 0.304721
v -4.270403 -1.037256 0.280000
v -4.270403 -1.037256 -0.280000
v -4.273506 -1.034855 -0.304722
v -4.282511 -1.027886 -0.327023
v -4.296536 -1.017033 -0.344722
v -4.314209 -1.003357 -0.356085
v -4.333800 -0.988196 -0.360000
v -4.318849 -0.966109 0.360000
v -4.297485 -0.978649 0.356084
v -4.278212 -0.989962 0.344721
v -4.262918 -0.998940 0.327022
v -4.253098 -1.004705 0.304721
v -4.249714 -1.006691 0.280000
v -4.249714 -1.006691 -0.280000
v -4.253098 -1.004705 -0.304722
v -4.262918 -0.998940 -0.327023
v -4.278212 -0.989962 -0.344722
v -4.297485 -0.978649 -0.356085
v -4.318849 -0.966109 -0.360000
v -4.306781 -0.942147 0.360000
v -4.283974 -0.951823 0.356084
v -4.263400 -0.960551 0.344721
v -4.247072 -0.967478 0.327022
v -4.236589 -0.971926 0.304721
v -4.232977 -0.973458 0.280000
v -4.232977 -0.973458 -0.280000
v -4.236589 -0.971926 -0.304722
v -4.247072 -0.967478 -0.327023
v -4.263400 -0.960551 -0.344722
v -4.283974 -0.951823 -0.356085
v -4.306781 -0.942147 -0.360000
v -4.297848 -0.916564 0.360000
v -4.273966 -0.923158 0.356084
v -4.252421 -0.929107 0.344721
v -4.235323 -0.933828 0.327022
v -4.224346 -0.936859 0.304721
v -4.220563 -0.937903 0.280000
v -4.220563 -0.937903 -0.280000
v -4.224346 -0.936859 -0.304722
v -4.235323 -0.933828 -0.327023
v -4.252421 -0.929107 -0.344722
v -4.273966 -0.923158 -0.356085
v -4.297848 -0.916564 -0.360000
v -4.292304 -0.889611 0.360000
v -4.267752 -0.892953 0.356084
v -4.245604 -0.895968 0.344721
v -4.228027 -0.898361 0.327022
v -4.216742 -0.899897 0.304721
v -4.212853 -0.900427 0.280000
v -4.212853 -0.900427 -0.280000
v -4.216742 -0.899897 -0.304722
v -4.228027 -0.898361 -0.327023
v -4.245604 -0.895968 -0.344722
v -4.267752 -0.892953 -0.356085
v -4.292304 -0.889611 -0.360000
v -4.290400 -0.861540 0.360000
v -4.265621 -0.861540 0.356084
v -4.243268 -0.861540 0.344721
v -4.225530 -0.861540 0.327022
v -4.214140 -0.861540 0.304721
v -4.210216 -0.861540 0.280000
v -4.210216 -0.861540 -0.280000
v -4.214140 -0.861540 -0.304722
v -4.225530 -0.861540 -0.327023
v -4.243268 -0.861540 -0.344722
v -4.265621 -0.861540 -0.356085
v -4.290400 -0.861540 -0.360000
v -4.292304 -0.833470 0.360000
v -4.267752 -0.830127 0.356084
v -4.245604 -0.827112 0.344721
v -4.228027 -0.824719 0.327022
v -4.216742 -0.823183 0.304721
v -4.212853 -0.822654 0.280000
v -4.212853 -0.822654 -0.280000
v -4.216742 -0.823183 -0.304722
v -4.228027 -0.824719 -0.327023
v -4.245604 -0.827112 -0.344722
v -4.267752 -0.830127 -0.356085
v -4.292304 -0.833470 -0.360000
v -4.297848 -0.806516 0.360000
v -4.273966 -0.799922 0.356084
v -4.252421 -0.793973 0.344721
v -4.235323 -0.789252 0.327022
v -4.224346 -0.786221 0.304721
v -4.220563 -0.785177 0.280000
v -4.220563 -0.785177 -0.280000
v -4.224346 -0.786221 -0.304722
v -4.235323 -0.789252 -0.327023
v -4.252421 -0.793973 -0.344722
v -4.273966 -0.799922 -0.356085
v -4.297848 -0.806516 -0.360000
v -4.306781 -0.780933 0.360000
v -4.283974 -0.771257 0.356084
v -4.263400 -0.762529 0.344721
v -4.247072 -0.755602 0.327022
v -4.236589 -0.751154 0.304721
v -4.232977 -0.749622 0.280000
v -4.232977 -0.749622 -0.280000
v -4.236589 -0.751154 -0.304722
v -4.247072 -0.755602 -0.327023
v -4.263400 -0.762529 -0.344722
v -4.283974 -0.771257 -0.356085
v -4.306781 -0.780933 -0.360000
v -4.318849 -0.756971 0.360000
v -4.297485 -0.744431 0.356084
v -4.278212 -0.733118 0.344721
v -4.262918 -0.724140 0.327022
v -4.253098 -0.718376 0.304721
v -4.249714 -0.716389 0.280000
v -4.249714 -0.716389 -0.280000
v -4.253098 -0.718376 -0.304722
v -4.262918 -0.724140 -0.327023
v -4.278212 -0.733118 -0.344722
v -4.297485 -0.744431 -0.356085
v -4.318849 -0.756971 -0.360000
v -4.333800 -0.734884 0.360000
v -4.314209 -0.719724 0.356084
v -4.296536 -0.706047 0.344721
v -4.282511 -0.695194 0.327022
v -4.273507 -0.688225 0.304721
v -4.270403 -0.685824 0.280000
v -4.270403 -0.685824 -0.280000
v -4.273507 -0.688225 -0.304722
v -4.282511 -0.695194 -0.327023
v -4.296536 -0.706047 -0.344722
v -4.314209 -0.719724 -0.356085
v -4.333800 -0.734884 -0.360000
v -4.351382 -0.714923 0.360000
v -4.333867 -0.697407 0.356084
v -4.318065 -0.681606 0.344721
v -4.305525 -0.669066 0.327022
v -4.297474 -0.661015 0.304721
v -4.294700 -0.658241 0.280000
v -4.294700 -0.658241 -0.280000
v -4.297474 -0.661015 -0.304722
v -4.305525 -0.669066 -0.327023
v -4.318065 -0.681606 -0.344722
v -4.333867 -0.697407 -0.356085
v -4.351382 -0.714923 -0.360000
v -4.371343 -0.697340 0.360000
v -4.356183 -0.677750 0.356084
v -4.342507 -0.660077 0.344721
v -4.331653 -0.646052 0.327022
v -4.324685 -0.637047 0.304721
v -4.322284 -0.633944 0.280000
v -4.322284 -0.633944 -0.280000
v -4.324685 -0.637047 -0.304722
v -4.331653 -0.646052 -0.327023
v -4.342507 -0.660077 -0.344722
v -4.356183 -0.677750 -0.356085
v -4.371343 -0.697340 -0.360000
v -4.393431 -0.682389 0.360000
v -4.380890 -0.661025 0.356084
v -4.369577 -0.641753 0.344721
v -4.360599 -0.626458 0.327022
v -4.354835 -0.616638 0.304721
v -4.352849 -0.613254 0.280000
v -4.352849 -0.613254 -0.280000
v -4.354835 -0.616638 -0.304722
v -4.360599 -0.626458 -0.327023
v -4.369577 -0.641753 -0.344722
v -4.380890 -0.661025 -0.356085
v -4.393431 -0.682389 -0.360000
v -4.417392 -0.670321 0.360000
v -4.407717 -0.647514 0.356084
v -4.398988 -0.626940 0.344721
v -4.392061 -0.610612 0.327022
v -4.387614 -0.600129 0.304721
v -4.386081 -0.596517 0.280000
v -4.386081 -0.596517 -0.280000
v -4.387614 -0.600129 -0.304722
v -4.392061 -0.610612 -0.327023
v -4.398988 -0.626940 -0.344722
v -4.407717 -0.647514 -0.356085
v -4.417392 -0.670321 -0.360000
v -4.442976 -0.661389 0.360000
v -4.436382 -0.637506 0.356084
v -4.430433 -0.615961 0.344721
v -4.425713 -0.598863 0.327022
v -4.422681 -0.587886 0.304721
v -4.421637 -0.584103 0.280000
v -4.421637 -0.584103 -0.280000
v -4.422681 -0.587886 -0.304722
v -4.425713 -0.598863 -0.327023
v -4.430433 -0.615961 -0.344722
v -4.436382 -0.637506 -0.356085
v -4.442976 -0.661389 -0.360000
v -4.469929 -0.655844 0.360000
v -4.466587 -0.631293 0.356084
v -4.463572 -0.609145 0.344721
v -4.461179 -0.591568 0.327022
v -4.459642 -0.580283 0.304721
v -4.459113 -0.576394 0.280000
v -4.459113 -0.576394 -0.280000
v -4.459642 -0.580283 -0.304722
v -4.461179 -0.591568 -0.327023
v -4.463572 -0.609145 -0.344722
v -4.466587 -0.631293 -0.356085
v -4.469929 -0.655844 -0.360000
v -4.498000 -0.653940 0.360000
v -4.498000 -0.629162 0.356084
v -4.498000 -0.606809 0.344721
v -4.498000 -0.589070 0.327022
v -4.498000 -0.577681 0.304721
v -4.498000 -0.573756 0.280000
v -4.498000 -0.573756 -0.280000
v -4.498000 -0.577681 -0.304722
v -4.498000 -0.589070 -0.327023
v -4.498000 -0.606809 -0.344722
v -4.498000 -0.629162 -0.356085
v -4.498000 -0.653940 -0.360000
v -4.526071 -0.655844 0.360000
v -4.529413 -0.631293 0.356084
v -4.532428 -0.609145 0.344721
v -4.534822 -0.591568 0.327022
v -4.536357 -0.580283 0.304721
v -4.536887 -0.576394 0.280000
v -4.536887 -0.576394 -0.280000
v -4.536357 -0.580283 -0.304722
v -4.534822 -0.591568 -0.327023
v -4.532428 -0.609145 -0.344722
v -4.529413 -0.631293 -0.356085
v -4.526071 -0.655844 -0.360000
v -4.553024 -0.661389 0.360000
v -4.559618 -0.637506 0.356084
v -4.565567 -0.615961 0.344721
v -4.570288 -0.598863 0.327022
v -4.573319 -0.587886 0.304721
v -4.574363 -0.584103 0.280000
v -4.574363 -0.584103 -0.280000
v -4.573319 -0.587886 -0.304722
v -4.570288 -0.598863 -0.327023
v -4.565567 -0.615961 -0.344722
v -4.559618 -0.637506 -0.356085
v -4.553024 -0.661389 -0.360000
v -4.578608 -0.670321 0.360000
v -4.588284 -0.647514 0.356084
v -4.597012 -0.626940 0.344721
v -4.603939 -0.610612 0.327022
v -4.608387 -0.600129 0.304721
v -4.609919 -0.596517 0.280000
v -4.609919 -0.596517 -0.280000
v -4.608387 -0.600129 -0.304722
v -4.603939 -0.610612 -0.327023
v -4.597012 -0.626940 -0.344722
v -4.588284 -0.647514 -0.356085
v -4.578608 -0.670321 -0.360000
v -4.602570 -0.682389 0.360000
v -4.615110 -0.661025 0.356084
v -4.626423 -0.641753 0.344721
v -4.635401 -0.626458 0.327022
v -4.641165 -0.616638 0.304721
v -4.643152 -0.613254 0.280000
v -4.643152 -0.613254 -0.280000
v -4.641165 -0.616638 -0.304722
v -4.635401 -0.626458 -0.327023
v -4.626423 -0.641753 -0.344722
v -4.615110 -0.661025 -0.356085
v -4.602570 -0.682389 -0.360000
v -4.624657 -0.697340 0.360000
v -4.639817 -0.677750 0.356084
v -4.653493 -0.660077 0.344721
v -4.664347 -0.646052 0.327022
v -4.671316 -0.637047 0.304721
v -4.673717 -0.633944 0.280000
v -4.673717 -0.633944 -0.280000
v -4.671316 -0.637047 -0.304722
v -4.664347 -0.646052 -0.327023
v -4.653493 -0.660077 -0.344722
v -4.639817 -0.677750 -0.356085
v -4.624657 -0.697340 -0.360000
v -4.644618 -0.714923 0.360000
v -4.662134 -0.697407 0.356084
v -4.677935 -0.681606 0.344721
v -4.690475 -0.669066 0.327022
v -4.698526 -0.661015 0.304721
v -4.701300 -0.658241 0.280000
v -4.701300 -0.658241 -0.280000
v -4.698526 -0.661015 -0.304722
v -4.690475 -0.669066 -0.327023
v -4.677935 -0.681606 -0.344722
v -4.662134 -0.697407 -0.356085
v -4.644618 -0.714923 -0.360000
v -4.662200 -0.734884 0.360000
v -4.681791 -0.719724 0.356084
v -4.699464 -0.706047 0.344721
v -4.713489 -0.695194 0.327022
v -4.722494 -0.688225 0.304721
v -4.725597 -0.685824 0.280000
v -4.725597 -0.685824 -0.280000
v -4.722494 -0.688225 -0.304722
v -4.713489 -0.695194 -0.327023
v -4.699464 -0.706047 -0.344722
v -4.681791 -0.719724 -0.356085
v -4.662200 -0.734884 -0.360000
v -4.677152 -0.756971 0.360000
v -4.698515 -0.744431 0.356084
v -4.717788 -0.733118 0.344721
v -4.733083 -0.724140 0.327022
v -4.742903 -0.718376 0.304721
v -4.746286 -0.716389 0.280000
v -4.746286 -0.716389 -0.280000
v -4.742903 -0.718376 -0.304722
v -4.733083 -0.724140 -0.327023
v -4.717788 -0.733118 -0.344722
v -4.698515 -0.744431 -0.356085
v -4.677152 -0.756971 -0.360000
v -4.689219 -0.780933 0.360000
v -4.712026 -0.771257 0.356084
v -4.732600 -0.762529 0.344721
v -4.748928 -0.755602 0.327022
v -4.759411 -0.751155 0.304721
v -4.763023 -0.749622 0.280000
v -4.763023 -0.749622 -0.280000
v -4.759411 -0.751155 -0.304722
v -4.748928 -0.755602 -0.327023
v -4.732600 -0.762529 -0.344722
v -4.712026 -0.771257 -0.356085
v -4.689219 -0.780933 -0.360000
v -4.698152 -0.806516 0.360000
v -4.722034 -0.799923 0.356084
v -4.743579 -0.793974 0.344721
v -4.760677 -0.789253 0.327022
v -4.771655 -0.786223 0.304721
v -4.775437 -0.785178 0.280000
v -4.775437 -0.785178 -0.280000
v -4.771655 -0.786223 -0.304722
v -4.760677 -0.789253 -0.327023
v -4.743579 -0.793974 -0.344722
v -4.722034 -0.799923 -0.356085
v -4.698152 -0.806516 -0.360000
v -4.703696 -0.833470 0.360000
v -4.728247 -0.830127 0.356084
v -4.750395 -0.827112 0.344721
v -4.767972 -0.824720 0.327022
v -4.779257 -0.823184 0.304721
v -4.783146 -0.822654 0.280000
v -4.783146 -0.822654 -0.280000
v -4.779257 -0.823184 -0.304722
v -4.767972 -0.824720 -0.327023
v -4.750395 -0.827112 -0.344722
v -4.728247 -0.830127 -0.356085
v -4.703696 -0.833470 -0.360000
v -4.705600 -0.861540 0.360000
v -4.730378 -0.861540 0.356084
v -4.752731 -0.861541 0.344721
v -4.770470 -0.861541 0.327022
v -4.781859 -0.861541 0.304721
v -4.785784 -0.861541 0.280000
v -4.785784 -0.861541 -0.280000
v -4.781859 -0.861541 -0.304722
v -4.770470 -0.861541 -0.327023
v -4.752731 -0.861541 -0.344722
v -4.730378 -0.861540 -0.356085
v -4.705600 -0.861540 -0.360000
v -5.636633 1.349326 0.359999
v -5.642402 1.373554 0.356084
v -5.647606 1.395411 0.344721
v -5.651737 1.412757 0.327022
v -5.654388 1.423893 0.304721
v -5.655302 1.427731 0.279999
v -5.655302 1.427731 -0.280001
v -5.654388 1.423893 -0.304722
v -5.651737 1.412757 -0.327023
v -5.647606 1.395411 -0.344722
v -5.642402 1.373554 -0.356085
v -5.636633 1.349326 -0.360001
v -5.665206 1.338716 0.359999
v -5.676686 1.360823 0.356084
v -5.687043 1.380767 0.344721
v -5.695262 1.396594 0.327022
v -5.700540 1.406756 0.304721
v -5.702358 1.410257 0.279999
v -5.702358 1.410257 -0.280001
v -5.700540 1.406756 -0.304722
v -5.695262 1.396594 -0.327023
v -5.687043 1.380767 -0.344722
v -5.676686 1.360823 -0.356085
v -5.665206 1.338716 -0.360001
v -5.690944 1.321017 0.359999
v -5.707224 1.339825 0.356084
v -5.721910 1.356791 0.344721
v -5.733565 1.370255 0.327022
v -5.741049 1.378900 0.304721
v -5.743627 1.381879 0.279999
v -5.743627 1.381879 -0.280001
v -5.741049 1.378900 -0.304722
v -5.733565 1.370255 -0.327023
v -5.721910 1.356791 -0.344722
v -5.707224 1.339825 -0.356085
v -5.690944 1.321017 -0.360001
v -5.713870 1.296219 0.359999
v -5.733564 1.311333 0.356084
v -5.751330 1.324968 0.344721
v -5.765430 1.335789 0.327022
v -5.774482 1.342736 0.304721
v -5.777601 1.345130 0.279999
v -5.777601 1.345130 -0.280001
v -5.774482 1.342736 -0.304722
v -5.765430 1.335789 -0.327023
v -5.751330 1.324968 -0.344722
v -5.733564 1.311333 -0.356085
v -5.713870 1.296219 -0.360001
v -5.734009 1.264308 0.359999
v -5.755868 1.275992 0.356084
v -5.775587 1.286533 0.344721
v -5.791236 1.294898 0.327022
v -5.801284 1.300268 0.304721
v -5.804746 1.302119 0.279999
v -5.804746 1.302119 -0.280001
v -5.801284 1.300268 -0.304722
v -5.791236 1.294898 -0.327023
v -5.775587 1.286533 -0.344722
v -5.755868 1.275992 -0.356085
v -5.734009 1.264308 -0.360001
v -5.751385 1.225273 0.359999
v -5.774533 1.234062 0.356084
v -5.795414 1.241991 0.344721
v -5.811986 1.248284 0.327022
v -5.822626 1.252324 0.304721
v -5.826292 1.253716 0.279999
v -5.826292 1.253716 -0.280001
v -5.822626 1.252324 -0.304722
v -5.811986 1.248284 -0.327023
v -5.795414 1.241991 -0.344722
v -5.774533 1.234062 -0.356085
v -5.751385 1.225273 -0.360001
v -5.766022 1.179101 0.359999
v -5.789913 1.185546 0.356084
v -5.811465 1.191360 0.344721
v -5.828569 1.195974 0.327022
v -5.839550 1.198936 0.304721
v -5.843335 1.199957 0.279999
v -5.843335 1.199957 -0.280001
v -5.839550 1.198936 -0.304722
v -5.828569 1.195974 -0.327023
v -5.811465 1.191360 -0.344722
v -5.789913 1.185546 -0.356085
v -5.766022 1.179101 -0.360001
v -5.777944 1.125782 0.359999
v -5.802255 1.130349 0.356084
v -5.824185 1.134469 0.344721
v -5.841590 1.137739 0.327022
v -5.852764 1.139839 0.304721
v -5.856615 1.140562 0.279999
v -5.856615 1.140562 -0.280001
v -5.852764 1.139839 -0.304722
v -5.841590 1.137739 -0.327023
v -5.824185 1.134469 -0.344722
v -5.802255 1.130349 -0.356085
v -5.777944 1.125782 -0.360001
v -5.787175 1.065302 0.359999
v -5.811715 1.068362 0.356084
v -5.833853 1.071124 0.344721
v -5.851422 1.073315 0.327022
v -5.862702 1.074722 0.304721
v -5.866590 1.075207 0.279999
v -5.866590 1.075207 -0.280001
v -5.862702 1.074722 -0.304722
v -5.851422 1.073315 -0.327023
v -5.833853 1.071124 -0.344722
v -5.811715 1.068362 -0.356085
v -5.787175 1.065302 -0.360001
v -5.793738 0.997649 0.359999
v -5.818397 0.999491 0.356084
v -5.840642 1.001152 0.344721
v -5.858296 1.002470 0.327022
v -5.869630 1.003316 0.304721
v -5.873536 1.003608 0.279999
v -5.873536 1.003608 -0.280001
v -5.869630 1.003316 -0.304722
v -5.858296 1.002470 -0.327023
v -5.840642 1.001152 -0.344722
v -5.818397 0.999491 -0.356085
v -5.793738 0.997649 -0.360001
v -5.797659 0.922813 0.359999
v -5.822370 0.923656 0.356084
v -5.844662 0.924416 0.344721
v -5.862353 0.925020 0.327022
v -5.873712 0.925407 0.304721
v -5.877625 0.925541 0.279999
v -5.877625 0.925541 -0.280001
v -5.873712 0.925407 -0.304722
v -5.862353 0.925020 -0.327023
v -5.844662 0.924416 -0.344722
v -5.822370 0.923656 -0.356085
v -5.797659 0.922813 -0.360001
v -5.798960 0.840780 0.359999
v -5.823682 0.840929 0.356084
v -5.845984 0.841062 0.344721
v -5.863684 0.841169 0.327022
v -5.875047 0.841237 0.304721
v -5.878963 0.841260 0.279999
v -5.878963 0.841260 -0.280001
v -5.875047 0.841237 -0.304722
v -5.863684 0.841169 -0.327023
v -5.845984 0.841062 -0.344722
v -5.823682 0.840929 -0.356085
v -5.798960 0.840780 -0.360001
v -5.798816 0.803299 0.359999
v -5.823536 0.803104 0.356084
v -5.845838 0.802928 0.344721
v -5.863535 0.802789 0.327022
v -5.874898 0.802699 0.304721
v -5.878814 0.802668 0.279999
v -5.878814 0.802668 -0.280001
v -5.874898 0.802699 -0.304722
v -5.863535 0.802789 -0.327023
v -5.845838 0.802928 -0.344722
v -5.823536 0.803104 -0.356085
v -5.798816 0.803299 -0.360001
v -5.798383 0.766983 0.359999
v -5.823102 0.766582 0.356084
v -5.845400 0.766221 0.344721
v -5.863097 0.765934 0.327022
v -5.874458 0.765749 0.304721
v -5.878374 0.765686 0.279999
v -5.878374 0.765686 -0.280001
v -5.874458 0.765749 -0.304722
v -5.863097 0.765934 -0.327023
v -5.845400 0.766221 -0.344722
v -5.823102 0.766582 -0.356085
v -5.798383 0.766983 -0.360001
v -5.797662 0.731844 0.359999
v -5.822376 0.731223 0.356084
v -5.844671 0.730663 0.344721
v -5.862364 0.730219 0.327022
v -5.873724 0.729934 0.304721
v -5.877638 0.729835 0.279999
v -5.877638 0.729835 -0.280001
v -5.873724 0.729934 -0.304722
v -5.862364 0.730219 -0.327023
v -5.844671 0.730663 -0.344722
v -5.822376 0.731223 -0.356085
v -5.797662 0.731844 -0.360001
v -5.796653 0.697895 0.359999
v -5.821360 0.697038 0.356084
v -5.843648 0.696266 0.344721
v -5.861337 0.695652 0.327022
v -5.872693 0.695259 0.304721
v -5.876606 0.695123 0.279999
v -5.876606 0.695123 -0.280001
v -5.872693 0.695259 -0.304722
v -5.861337 0.695652 -0.327023
v -5.843648 0.696266 -0.344722
v -5.821360 0.697038 -0.356085
v -5.796653 0.697895 -0.360001
v -5.795356 0.665147 0.359999
v -5.820053 0.664037 0.356084
v -5.842332 0.663035 0.344721
v -5.860013 0.662240 0.327022
v -5.871365 0.661730 0.304721
v -5.875276 0.661554 0.279999
v -5.875276 0.661554 -0.280001
v -5.871365 0.661730 -0.304722
v -5.860013 0.662240 -0.327023
v -5.842332 0.663035 -0.344722
v -5.820053 0.664037 -0.356085
v -5.795356 0.665147 -0.360001
v -5.793770 0.633613 0.359999
v -5.818453 0.632229 0.356084
v -5.840720 0.630981 0.344721
v -5.858391 0.629990 0.327022
v -5.869736 0.629354 0.304721
v -5.873646 0.629135 0.279999
v -5.873646 0.629135 -0.280001
v -5.869736 0.629354 -0.304722
v -5.858391 0.629990 -0.327023
v -5.840720 0.630981 -0.344722
v -5.818453 0.632229 -0.356085
v -5.793770 0.633613 -0.360001
v -5.791896 0.603303 0.359999
v -5.816561 0.601624 0.356084
v -5.838811 0.600108 0.344721
v -5.856469 0.598906 0.327022
v -5.867806 0.598134 0.304721
v -5.871713 0.597868 0.279999
v -5.871713 0.597868 -0.280001
v -5.867806 0.598134 -0.304722
v -5.856469 0.598906 -0.327023
v -5.838811 0.600108 -0.344722
v -5.816561 0.601624 -0.356085
v -5.791896 0.603303 -0.360001
v -5.789733 0.574232 0.359999
v -5.814374 0.572230 0.356084
v -5.836603 0.570424 0.344721
v -5.854244 0.568991 0.327022
v -5.865570 0.568071 0.304721
v -5.869473 0.567754 0.279999
v -5.869473 0.567754 -0.280001
v -5.865570 0.568071 -0.304722
v -5.854244 0.568991 -0.327023
v -5.836603 0.570424 -0.344722
v -5.814374 0.572230 -0.356085
v -5.789733 0.574232 -0.360001
v -5.787282 0.546410 0.359999
v -5.811893 0.544057 0.356084
v -5.834093 0.541935 0.344721
v -5.851712 0.540250 0.327022
v -5.863024 0.539169 0.304721
v -5.866921 0.538796 0.279999
v -5.866921 0.538796 -0.280001
v -5.863024 0.539169 -0.304722
v -5.851712 0.540250 -0.327023
v -5.834093 0.541935 -0.344722
v -5.811893 0.544057 -0.356085
v -5.787282 0.546410 -0.360001
v -5.784544 0.519849 0.359999
v -5.809114 0.517112 0.356084
v -5.831279 0.514642 0.344721
v -5.848869 0.512682 0.327022
v -5.860163 0.511424 0.304721
v -5.864054 0.510990 0.279999
v -5.864054 0.510990 -0.280001
v -5.860163 0.511424 -0.304722
v -5.848869 0.512682 -0.327023
v -5.831279 0.514642 -0.344722
v -5.809114 0.517112 -0.356085
v -5.784544 0.519849 -0.360001
v -5.781516 0.494562 0.359999
v -5.806036 0.491401 0.356084
v -5.828155 0.488549 0.344721
v -5.845709 0.486286 0.327022
v -5.856979 0.484833 0.304721
v -5.860863 0.484332 0.279999
v -5.860863 0.484332 -0.280001
v -5.856979 0.484833 -0.304722
v -5.845709 0.486286 -0.327023
v -5.828155 0.488549 -0.344722
v -5.806036 0.491401 -0.356085
v -5.781516 0.494562 -0.360001
v -5.778200 0.470560 0.359999
v -5.802677 0.467090 0.356084
v -5.824758 0.463961 0.344721
v -5.842281 0.461477 0.327022
v -5.853532 0.459882 0.304721
v -5.857409 0.459332 0.279999
v -5.857409 0.459332 -0.280001
v -5.853532 0.459882 -0.304722
v -5.842281 0.461477 -0.327023
v -5.824758 0.463960 -0.344722
v -5.802677 0.467090 -0.356085
v -5.778200 0.470560 -0.360001
v -5.691700 -0.124560 0.360000
v -5.716167 -0.128093 0.356084
v -5.738240 -0.131281 0.344721
v -5.755757 -0.133810 0.327022
v -5.767004 -0.135434 0.304721
v -5.770879 -0.135994 0.279999
v -5.770879 -0.135994 -0.280001
v -5.767004 -0.135434 -0.304722
v -5.755757 -0.133810 -0.327023
v -5.738240 -0.131281 -0.344722
v -5.716167 -0.128093 -0.356085
v -5.691700 -0.124560 -0.360001
v -5.686497 -0.160830 0.360000
v -5.710937 -0.164557 0.356084
v -5.732984 -0.167918 0.344721
v -5.750481 -0.170586 0.327022
v -5.761715 -0.172299 0.304721
v -5.765586 -0.172890 0.279999
v -5.765586 -0.172890 -0.280001
v -5.761715 -0.172299 -0.304722
v -5.750481 -0.170586 -0.327023
v -5.732984 -0.167918 -0.344722
v -5.710937 -0.164557 -0.356085
v -5.686497 -0.160830 -0.360000
v -5.681209 -0.193568 0.360000
v -5.705566 -0.197804 0.356084
v -5.727540 -0.201626 0.344721
v -5.744977 -0.204659 0.327022
v -5.756173 -0.206606 0.304721
v -5.760031 -0.207277 0.279999
v -5.760031 -0.207277 -0.280001
v -5.756173 -0.206606 -0.304722
v -5.744977 -0.204659 -0.327023
v -5.727540 -0.201626 -0.344722
v -5.705566 -0.197804 -0.356085
v -5.681209 -0.193568 -0.360000
v -5.675752 -0.222846 0.360000
v -5.699981 -0.227773 0.356084
v -5.721838 -0.232218 0.344721
v -5.739184 -0.235746 0.327022
v -5.750320 -0.238011 0.304721
v -5.754158 -0.238791 0.279999
v -5.754158 -0.238792 -0.280001
v -5.750320 -0.238011 -0.304722
v -5.739184 -0.235746 -0.327023
v -5.721838 -0.232218 -0.344722
v -5.699981 -0.227773 -0.356085
v -5.675752 -0.222846 -0.360000
v -5.670043 -0.248736 0.360000
v -5.694066 -0.254597 0.356084
v -5.715737 -0.259885 0.344721
v -5.732936 -0.264082 0.327022
v -5.743978 -0.266776 0.304721
v -5.747783 -0.267705 0.280000
v -5.747783 -0.267705 -0.280000
v -5.743978 -0.266776 -0.304722
v -5.732936 -0.264082 -0.327023
v -5.715737 -0.259885 -0.344722
v -5.694066 -0.254597 -0.356085
v -5.670043 -0.248736 -0.360000
v -5.663999 -0.271310 0.360000
v -5.687683 -0.278434 0.356084
v -5.709049 -0.284862 0.344721
v -5.726006 -0.289962 0.327022
v -5.736892 -0.293237 0.304721
v -5.740643 -0.294366 0.280000
v -5.740643 -0.294366 -0.280000
v -5.736892 -0.293237 -0.304722
v -5.726006 -0.289962 -0.327023
v -5.709049 -0.284862 -0.344722
v -5.687683 -0.278434 -0.356085
v -5.663999 -0.271310 -0.360000
v -5.657533 -0.290640 0.360000
v -5.680646 -0.299472 0.356084
v -5.701498 -0.307440 0.344721
v -5.718045 -0.313763 0.327022
v -5.728669 -0.317823 0.304721
v -5.732330 -0.319222 0.280000
v -5.732330 -0.319222 -0.280000
v -5.728669 -0.317823 -0.304722
v -5.718045 -0.313763 -0.327023
v -5.701498 -0.307440 -0.344722
v -5.680646 -0.299472 -0.356085
v -5.657533 -0.290640 -0.360000
v -5.650563 -0.306799 0.360000
v -5.672687 -0.317925 0.356084
v -5.692646 -0.327962 0.344721
v -5.708485 -0.335927 0.327022
v -5.718654 -0.341041 0.304721
v -5.722158 -0.342804 0.280000
v -5.722158 -0.342804 -0.280000
v -5.718654 -0.341041 -0.304722
v -5.708485 -0.335927 -0.327023
v -5.692646 -0.327962 -0.344722
v -5.672687 -0.317925 -0.356085
v -5.650563 -0.306799 -0.360000
v -5.643004 -0.319858 0.360000
v -5.663392 -0.333984 0.356084
v -5.681784 -0.346727 0.344721
v -5.696380 -0.356840 0.327022
v -5.705751 -0.363333 0.304721
v -5.708980 -0.365571 0.280000
v -5.708980 -0.365571 -0.280000
v -5.705751 -0.363333 -0.304722
v -5.696380 -0.356840 -0.327023
v -5.681784 -0.346727 -0.344722
v -5.663392 -0.333984 -0.356085
v -5.643004 -0.319858 -0.360000
v -5.634773 -0.329889 0.360000
v -5.652178 -0.347650 0.356084
v -5.667879 -0.363672 0.344721
v -5.680339 -0.376388 0.327022
v -5.688340 -0.384551 0.304721
v -5.691096 -0.387364 0.280000
v -5.691096 -0.387364 -0.280000
v -5.688340 -0.384551 -0.304722
v -5.680339 -0.376388 -0.327023
v -5.667879 -0.363672 -0.344722
v -5.652178 -0.347650 -0.356085
v -5.634773 -0.329889 -0.360000
v -5.625784 -0.336966 0.360000
v -5.638500 -0.358418 0.356084
v -5.649971 -0.377771 0.344721
v -5.659074 -0.393129 0.327022
v -5.664919 -0.402990 0.304721
v -5.666933 -0.406387 0.280000
v -5.666933 -0.406387 -0.280000
v -5.664919 -0.402990 -0.304722
v -5.659074 -0.393129 -0.327023
v -5.649971 -0.377771 -0.344722
v -5.638500 -0.358418 -0.356085
v -5.625784 -0.336966 -0.360000
v -5.615955 -0.341158 0.360000
v -5.622503 -0.365242 0.356084
v -5.628410 -0.386968 0.344721
v -5.633098 -0.404209 0.327022
v -5.636108 -0.415279 0.304721
v -5.637145 -0.419094 0.280000
v -5.637145 -0.419094 -0.280000
v -5.636108 -0.415279 -0.304722
v -5.633098 -0.404209 -0.327023
v -5.628410 -0.386968 -0.344722
v -5.622503 -0.365242 -0.356085
v -5.615955 -0.341158 -0.360000
v -5.605200 -0.342540 0.360000
v -5.605200 -0.367465 0.356084
v -5.605200 -0.389949 0.344721
v -5.605200 -0.407793 0.327022
v -5.605200 -0.419250 0.304721
v -5.605200 -0.423198 0.280000
v -5.605200 -0.423198 -0.280000
v -5.605200 -0.419250 -0.304722
v -5.605200 -0.407793 -0.327023
v -5.605200 -0.389949 -0.344722
v -5.605200 -0.367465 -0.356085
v -5.605200 -0.342540 -0.360000
v -5.594446 -0.341158 0.360000
v -5.587898 -0.365242 0.356084
v -5.581991 -0.386967 0.344721
v -5.577302 -0.404209 0.327022
v -5.574293 -0.415279 0.304721
v -5.573256 -0.419093 0.280000
v -5.573256 -0.419093 -0.280000
v -5.574293 -0.415279 -0.304722
v -5.577302 -0.404209 -0.327023
v -5.581991 -0.386968 -0.344722
v -5.587898 -0.365242 -0.356085
v -5.594446 -0.341158 -0.360000
v -5.584617 -0.336966 0.360000
v -5.571901 -0.358418 0.356084
v -5.560430 -0.377771 0.344721
v -5.551327 -0.393129 0.327022
v -5.545482 -0.402990 0.304721
v -5.543468 -0.406387 0.280000
v -5.543468 -0.406387 -0.280000
v -5.545482 -0.402990 -0.304722
v -5.551327 -0.393129 -0.327023
v -5.560430 -0.377771 -0.344722
v -5.571901 -0.358418 -0.356085
v -5.584617 -0.336966 -0.360000
v -5.575628 -0.329889 0.360000
v -5.558223 -0.347650 0.356084
v -5.542522 -0.363672 0.344721
v -5.530062 -0.376388 0.327022
v -5.522061 -0.384551 0.304721
v -5.519305 -0.387364 0.280000
v -5.519305 -0.387364 -0.280000
v -5.522061 -0.384551 -0.304722
v -5.530062 -0.376388 -0.327023
v -5.542522 -0.363672 -0.344722
v -5.558223 -0.347650 -0.356085
v -5.575628 -0.329889 -0.360000
v -5.567397 -0.319858 0.360000
v -5.547009 -0.333984 0.356084
v -5.528617 -0.346727 0.344721
v -5.514021 -0.356840 0.327022
v -5.504650 -0.363333 0.304721
v -5.501421 -0.365571 0.280000
v -5.501421 -0.365571 -0.280000
v -5.504650 -0.363333 -0.304722
v -5.514021 -0.356840 -0.327023
v -5.528617 -0.346727 -0.344722
v -5.547009 -0.333984 -0.356085
v -5.567397 -0.319858 -0.360000
v -5.559838 -0.306799 0.360000
v -5.537714 -0.317925 0.356084
v -5.517756 -0.327962 0.344721
v -5.501916 -0.335927 0.327022
v -5.491747 -0.341041 0.304721
v -5.488243 -0.342804 0.280000
v -5.488243 -0.342804 -0.280000
v -5.491747 -0.341041 -0.304722
v -5.501916 -0.335927 -0.327023
v -5.517756 -0.327962 -0.344722
v -5.537714 -0.317925 -0.356085
v -5.559838 -0.306799 -0.360000
v -5.552868 -0.290640 0.360000
v -5.529755 -0.299472 0.356084
v -5.508904 -0.307440 0.344721
v -5.492356 -0.313763 0.327022
v -5.481732 -0.317823 0.304721
v -5.478071 -0.319222 0.280000
v -5.478071 -0.319222 -0.280000
v -5.481732 -0.317823 -0.304722
v -5.492356 -0.313763 -0.327023
v -5.508904 -0.307440 -0.344722
v -5.529755 -0.299472 -0.356085
v -5.552868 -0.290640 -0.360000
v -5.546402 -0.271310 0.360000
v -5.522718 -0.278434 0.356084
v -5.501352 -0.284862 0.344721
v -5.484396 -0.289962 0.327022
v -5.473509 -0.293237 0.304721
v -5.469758 -0.294366 0.280000
v -5.469758 -0.294366 -0.280000
v -5.473509 -0.293237 -0.304722
v -5.484396 -0.289962 -0.327023
v -5.501352 -0.284862 -0.344722
v -5.522718 -0.278434 -0.356085
v -5.546402 -0.271310 -0.360000
v -5.540358 -0.248736 0.360000
v -5.516335 -0.254597 0.356084
v -5.494664 -0.259885 0.344721
v -5.477465 -0.264082 0.327022
v -5.466424 -0.266776 0.304721
v -5.462618 -0.267705 0.280000
v -5.462618 -0.267705 -0.280000
v -5.466424 -0.266776 -0.304722
v -5.477465 -0.264082 -0.327023
v -5.494664 -0.259885 -0.344722
v -5.516335 -0.254597 -0.356085
v -5.540358 -0.248736 -0.360000
v -5.534649 -0.222846 0.360000
v -5.510420 -0.227773 0.356084
v -5.488563 -0.232218 0.344721
v -5.471217 -0.235746 0.327022
v -5.460081 -0.238011 0.304721
v -5.456243 -0.238791 0.280000
v -5.456243 -0.238792 -0.280000
v -5.460081 -0.238011 -0.304722
v -5.471217 -0.235746 -0.327023
v -5.488563 -0.232218 -0.344722
v -5.510420 -0.227773 -0.356085
v -5.534649 -0.222846 -0.360000
v -5.529192 -0.193568 0.360000
v -5.504835 -0.197804 0.356084
v -5.482862 -0.201626 0.344721
v -5.465424 -0.204659 0.327022
v -5.454228 -0.206606 0.304721
v -5.450370 -0.207277 0.280000
v -5.450370 -0.207277 -0.280000
v -5.454228 -0.206606 -0.304722
v -5.465424 -0.204659 -0.327023
v -5.482862 -0.201626 -0.344722
v -5.504835 -0.197804 -0.356085
v -5.529192 -0.193568 -0.360000
v -5.523904 -0.160830 0.360000
v -5.499465 -0.164557 0.356084
v -5.477417 -0.167919 0.344721
v -5.459920 -0.170587 0.327022
v -5.448687 -0.172300 0.304721
v -5.444816 -0.172891 0.280000
v -5.444816 -0.172891 -0.280000
v -5.448687 -0.172300 -0.304722
v -5.459920 -0.170587 -0.327023
v -5.477417 -0.167919 -0.344722
v -5.499465 -0.164557 -0.356085
v -5.523904 -0.160830 -0.360000
v -5.518700 -0.124560 0.360000
v -5.494233 -0.128094 0.356084
v -5.472160 -0.131281 0.344721
v -5.454643 -0.133811 0.327022
v -5.443397 -0.135435 0.304721
v -5.439521 -0.135995 0.280000
v -5.439521 -0.135995 -0.280000
v -5.443397 -0.135435 -0.304722
v -5.454643 -0.133811 -0.327023
v -5.472160 -0.131281 -0.344722
v -5.494233 -0.128094 -0.356085
v -5.518700 -0.124560 -0.360000
v -5.432200 0.470560 0.360000
v -5.407723 0.467091 0.356084
v -5.385643 0.463961 0.344721
v -5.368119 0.461477 0.327022
v -5.356868 0.459882 0.304721
v -5.352992 0.459332 0.280000
v -5.352992 0.459332 -0.280000
v -5.356868 0.459882 -0.304722
v -5.368119 0.461477 -0.327023
v -5.385643 0.463960 -0.344722
v -5.407723 0.467090 -0.356085
v -5.432200 0.470560 -0.360001
v -5.428885 0.494562 0.360000
v -5.404365 0.491401 0.356084
v -5.382246 0.488549 0.344721
v -5.364692 0.486286 0.327022
v -5.353421 0.484833 0.304721
v -5.349538 0.484332 0.280000
v -5.349538 0.484332 -0.280000
v -5.353421 0.484833 -0.304722
v -5.364692 0.486286 -0.327023
v -5.382246 0.488549 -0.344722
v -5.404365 0.491401 -0.356085
v -5.428885 0.494562 -0.360001
v -5.425857 0.519849 0.360000
v -5.401287 0.517111 0.356084
v -5.379122 0.514642 0.344721
v -5.361532 0.512682 0.327022
v -5.350238 0.511423 0.304721
v -5.346346 0.510990 0.280000
v -5.346346 0.510990 -0.280000
v -5.350238 0.511423 -0.304722
v -5.361532 0.512682 -0.327023
v -5.379122 0.514642 -0.344722
v -5.401287 0.517111 -0.356085
v -5.425857 0.519849 -0.360001
v -5.423118 0.546410 0.360000
v -5.398508 0.544057 0.356084
v -5.376307 0.541934 0.344721
v -5.358688 0.540250 0.327022
v -5.347376 0.539168 0.304721
v -5.343479 0.538795 0.280000
v -5.343479 0.538795 -0.280000
v -5.347376 0.539168 -0.304722
v -5.358688 0.540250 -0.327023
v -5.376307 0.541934 -0.344722
v -5.398508 0.544057 -0.356085
v -5.423118 0.546410 -0.360001
v -5.420667 0.574232 0.360000
v -5.396026 0.572230 0.356084
v -5.373797 0.570424 0.344721
v -5.356156 0.568991 0.327022
v -5.344830 0.568071 0.304721
v -5.340928 0.567754 0.280000
v -5.340928 0.567754 -0.280000
v -5.344830 0.568071 -0.304722
v -5.356156 0.568991 -0.327023
v -5.373797 0.570424 -0.344722
v -5.396026 0.572230 -0.356085
v -5.420667 0.574232 -0.360001
v -5.418504 0.603303 0.360000
v -5.393839 0.601624 0.356084
v -5.371589 0.600108 0.344721
v -5.353931 0.598905 0.327022
v -5.342594 0.598133 0.304721
v -5.338687 0.597867 0.279999
v -5.338687 0.597867 -0.280001
v -5.342594 0.598133 -0.304722
v -5.353931 0.598905 -0.327023
v -5.371589 0.600108 -0.344722
v -5.393839 0.601624 -0.356085
v -5.418504 0.603303 -0.360001
v -5.416630 0.633613 0.360000
v -5.391947 0.632229 0.356084
v -5.369680 0.630980 0.344721
v -5.352009 0.629989 0.327022
v -5.340663 0.629353 0.304721
v -5.336754 0.629134 0.279999
v -5.336754 0.629134 -0.280001
v -5.340663 0.629353 -0.304722
v -5.352009 0.629989 -0.327023
v -5.369680 0.630980 -0.344722
v -5.391947 0.632229 -0.356085
v -5.416630 0.633613 -0.360001
v -5.415044 0.665147 0.360000
v -5.390347 0.664037 0.356084
v -5.368068 0.663035 0.344721
v -5.350387 0.662240 0.327022
v -5.339035 0.661730 0.304721
v -5.335124 0.661554 0.279999
v -5.335124 0.661554 -0.280001
v -5.339035 0.661730 -0.304722
v -5.350387 0.662240 -0.327023
v -5.368068 0.663035 -0.344722
v -5.390347 0.664037 -0.356085
v -5.415044 0.665147 -0.360001
v -5.413746 0.697895 0.360000
v -5.389040 0.697038 0.356084
v -5.366751 0.696266 0.344721
v -5.349063 0.695652 0.327022
v -5.337707 0.695259 0.304721
v -5.333794 0.695123 0.279999
v -5.333794 0.695123 -0.280001
v -5.337707 0.695259 -0.304722
v -5.349063 0.695652 -0.327023
v -5.366751 0.696266 -0.344722
v -5.389040 0.697038 -0.356085
v -5.413746 0.697895 -0.360001
v -5.412737 0.731844 0.360000
v -5.388023 0.731223 0.356084
v -5.365729 0.730663 0.344721
v -5.348036 0.730219 0.327022
v -5.336676 0.729934 0.304721
v -5.332762 0.729835 0.279999
v -5.332762 0.729835 -0.280001
v -5.336676 0.729934 -0.304722
v -5.348036 0.730219 -0.327023
v -5.365729 0.730663 -0.344722
v -5.388023 0.731223 -0.356085
v -5.412737 0.731844 -0.360001
v -5.412016 0.766983 0.360000
v -5.387298 0.766582 0.356084
v -5.364999 0.766220 0.344721
v -5.347303 0.765934 0.327022
v -5.335941 0.765749 0.304721
v -5.332026 0.765686 0.279999
v -5.332026 0.765686 -0.280001
v -5.335941 0.765749 -0.304722
v -5.347303 0.765934 -0.327023
v -5.364999 0.766220 -0.344722
v -5.387298 0.766582 -0.356085
v -5.412016 0.766983 -0.360001
v -5.411584 0.803299 0.360000
v -5.386863 0.803104 0.356084
v -5.364562 0.802928 0.344721
v -5.346864 0.802789 0.327022
v -5.335501 0.802700 0.304721
v -5.331586 0.802669 0.279999
v -5.331586 0.802669 -0.280001
v -5.335501 0.802700 -0.304722
v -5.346864 0.802789 -0.327023
v -5.364562 0.802928 -0.344722
v -5.386863 0.803104 -0.356085
v -5.411584 0.803299 -0.360001
v -5.411440 0.840780 0.360000
v -5.386718 0.840929 0.356084
v -5.364416 0.841063 0.344721
v -5.346716 0.841169 0.327022
v -5.335353 0.841238 0.304721
v -5.331438 0.841261 0.279999
v -5.331438 0.841261 -0.280001
v -5.335353 0.841238 -0.304722
v -5.346716 0.841169 -0.327023
v -5.364416 0.841063 -0.344722
v -5.386718 0.840929 -0.356085
v -5.411440 0.840780 -0.360001
v -5.412742 0.922813 0.360000
v -5.388031 0.923656 0.356084
v -5.365738 0.924417 0.344721
v -5.348047 0.925020 0.327022
v -5.336689 0.925408 0.304721
v -5.332775 0.925541 0.279999
v -5.332775 0.925541 -0.280001
v -5.336689 0.925408 -0.304722
v -5.348047 0.925020 -0.327023
v -5.365738 0.924417 -0.344722
v -5.388031 0.923656 -0.356085
v -5.412742 0.922813 -0.360001
v -5.416662 0.997650 0.360000
v -5.392004 0.999491 0.356084
v -5.369759 1.001152 0.344721
v -5.352105 1.002470 0.327022
v -5.340770 1.003316 0.304721
v -5.336864 1.003608 0.279999
v -5.336864 1.003608 -0.280001
v -5.340770 1.003316 -0.304722
v -5.352105 1.002470 -0.327023
v -5.369759 1.001152 -0.344722
v -5.392004 0.999491 -0.356085
v -5.416662 0.997650 -0.360001
v -5.423226 1.065302 0.360000
v -5.398685 1.068363 0.356084
v -5.376547 1.071124 0.344721
v -5.358978 1.073315 0.327022
v -5.347698 1.074722 0.304721
v -5.343811 1.075207 0.279999
v -5.343811 1.075207 -0.280001
v -5.347698 1.074722 -0.304722
v -5.358978 1.073315 -0.327023
v -5.376547 1.071124 -0.344722
v -5.398685 1.068363 -0.356085
v -5.423226 1.065302 -0.360001
v -5.432456 1.125782 0.359999
v -5.408146 1.130349 0.356084
v -5.386215 1.134469 0.344721
v -5.368811 1.137739 0.327022
v -5.357636 1.139839 0.304721
v -5.353786 1.140562 0.279999
v -5.353786 1.140562 -0.280001
v -5.357636 1.139839 -0.304722
v -5.368811 1.137739 -0.327023
v -5.386215 1.134469 -0.344722
v -5.408146 1.130349 -0.356085
v -5.432456 1.125782 -0.360001
v -5.444378 1.179101 0.359999
v -5.420487 1.185546 0.356084
v -5.398935 1.191360 0.344721
v -5.381832 1.195974 0.327022
v -5.370850 1.198936 0.304721
v -5.367066 1.199957 0.279999
v -5.367066 1.199957 -0.280001
v -5.370850 1.198936 -0.304722
v -5.381832 1.195974 -0.327023
v -5.398935 1.191360 -0.344722
v -5.420487 1.185546 -0.356085
v -5.444378 1.179101 -0.360001
v -5.459015 1.225273 0.359999
v -5.435868 1.234062 0.356084
v -5.414986 1.241991 0.344721
v -5.398415 1.248284 0.327022
v -5.387775 1.252324 0.304721
v -5.384109 1.253716 0.279999
v -5.384109 1.253716 -0.280001
v -5.387775 1.252324 -0.304722
v -5.398415 1.248284 -0.327023
v -5.414986 1.241991 -0.344722
v -5.435868 1.234062 -0.356085
v -5.459015 1.225273 -0.360001
v -5.476391 1.264308 0.359999
v -5.454533 1.275992 0.356084
v -5.434813 1.286533 0.344721
v -5.419164 1.294898 0.327022
v -5.409117 1.300268 0.304721
v -5.405654 1.302119 0.279999
v -5.405654 1.302119 -0.280001
v -5.409117 1.300268 -0.304722
v -5.419164 1.294898 -0.327023
v -5.434813 1.286533 -0.344722
v -5.454533 1.275992 -0.356085
v -5.476391 1.264308 -0.360001
v -5.496531 1.296219 0.359999
v -5.476837 1.311333 0.356084
v -5.459070 1.324968 0.344721
v -5.444971 1.335789 0.327022
v -5.435918 1.342736 0.304721
v -5.432799 1.345130 0.279999
v -5.432799 1.345130 -0.280001
v -5.435918 1.342736 -0.304722
v -5.444971 1.335789 -0.327023
v -5.459070 1.324968 -0.344722
v -5.476837 1.311333 -0.356085
v -5.496531 1.296219 -0.360001
v -5.519457 1.321017 0.359999
v -5.503177 1.339825 0.356084
v -5.488490 1.356791 0.344721
v -5.476835 1.370255 0.327022
v -5.469352 1.378900 0.304721
v -5.466774 1.381879 0.279999
v -5.466774 1.381879 -0.280001
v -5.469352 1.378900 -0.304722
v -5.476835 1.370255 -0.327023
v -5.488490 1.356791 -0.344722
v -5.503177 1.339825 -0.356085
v -5.519457 1.321017 -0.360001
v -5.545195 1.338716 0.359999
v -5.533714 1.360823 0.356084
v -5.523357 1.380767 0.344721
v -5.515138 1.396594 0.327022
v -5.509861 1.406756 0.304721
v -5.508043 1.410258 0.279999
v -5.508043 1.410258 -0.280001
v -5.509861 1.406756 -0.304722
v -5.515138 1.396594 -0.327023
v -5.523357 1.380767 -0.344722
v -5.533714 1.360823 -0.356085
v -5.545195 1.338716 -0.360001
v -5.573768 1.349326 0.359999
v -5.567998 1.373554 0.356084
v -5.562794 1.395411 0.344721
v -5.558664 1.412757 0.327022
v -5.556012 1.423894 0.304721
v -5.555099 1.427731 0.279999
v -5.555099 1.427731 -0.280001
v -5.556012 1.423894 -0.304722
v -5.558664 1.412757 -0.327023
v -5.562794 1.395411 -0.344722
v -5.567998 1.373554 -0.356085
v -5.573768 1.349326 -0.360001
v -5.605200 1.352860 0.359999
v -5.605200 1.377737 0.356084
v -5.605200 1.400179 0.344721
v -5.605200 1.417989 0.327022
v -5.605200 1.429424 0.304721
v -5.605200 1.433364 0.279999
v -5.605200 1.433364 -0.280001
v -5.605200 1.429424 -0.304722
v -5.605200 1.417989 -0.327023
v -5.605200 1.400179 -0.344722
v -5.605200 1.377737 -0.356085
v -5.605200 1.352860 -0.360001
v -5.814355 -0.889611 0.360000
v -5.838907 -0.892953 0.356084
v -5.861055 -0.895968 0.344721
v -5.878632 -0.898361 0.327022
v -5.889917 -0.899897 0.304721
v -5.893806 -0.900427 0.280000
v -5.893806 -0.900427 -0.280000
v -5.889917 -0.899897 -0.304722
v -5.878632 -0.898361 -0.327023
v -5.861055 -0.895968 -0.344722
v -5.838907 -0.892953 -0.356085
v -5.814355 -0.889611 -0.360000
v -5.808811 -0.916564 0.360000
v -5.832694 -0.923158 0.356084
v -5.854239 -0.929106 0.344721
v -5.871336 -0.933827 0.327022
v -5.882314 -0.936858 0.304721
v -5.886097 -0.937902 0.280000
v -5.886097 -0.937902 -0.280000
v -5.882314 -0.936858 -0.304722
v -5.871336 -0.933827 -0.327023
v -5.854239 -0.929106 -0.344722
v -5.832694 -0.923158 -0.356085
v -5.808811 -0.916564 -0.360000
v -5.799879 -0.942147 0.360000
v -5.822686 -0.951823 0.356084
v -5.843260 -0.960551 0.344721
v -5.859588 -0.967478 0.327022
v -5.870071 -0.971925 0.304721
v -5.873683 -0.973458 0.280000
v -5.873683 -0.973458 -0.280000
v -5.870071 -0.971925 -0.304722
v -5.859588 -0.967478 -0.327023
v -5.843260 -0.960551 -0.344722
v -5.822686 -0.951823 -0.356085
v -5.799879 -0.942147 -0.360000
v -5.787811 -0.966109 0.360000
v -5.809175 -0.978649 0.356084
v -5.828448 -0.989962 0.344721
v -5.843742 -0.998940 0.327022
v -5.853562 -1.004705 0.304721
v -5.856946 -1.006691 0.280000
v -5.856946 -1.006691 -0.280000
v -5.853562 -1.004705 -0.304722
v -5.843742 -0.998940 -0.327023
v -5.828448 -0.989962 -0.344722
v -5.809175 -0.978649 -0.356085
v -5.787811 -0.966109 -0.360000
v -5.772860 -0.988197 0.360000
v -5.792450 -1.003357 0.356084
v -5.810123 -1.017033 0.344721
v -5.824149 -1.027886 0.327022
v -5.833153 -1.034855 0.304721
v -5.836257 -1.037256 0.280000
v -5.836257 -1.037256 -0.280000
v -5.833153 -1.034855 -0.304722
v -5.824149 -1.027886 -0.327023
v -5.810123 -1.017033 -0.344722
v -5.792450 -1.003357 -0.356085
v -5.772860 -0.988197 -0.360000
v -5.755278 -1.008158 0.360000
v -5.772793 -1.025673 0.356084
v -5.788594 -1.041474 0.344721
v -5.801134 -1.054014 0.327022
v -5.809186 -1.062065 0.304721
v -5.811960 -1.064839 0.280000
v -5.811960 -1.064839 -0.280000
v -5.809186 -1.062065 -0.304722
v -5.801134 -1.054014 -0.327023
v -5.788594 -1.041474 -0.344722
v -5.772793 -1.025673 -0.356085
v -5.755278 -1.008158 -0.360000
v -5.735317 -1.025740 0.360000
v -5.750477 -1.045330 0.356084
v -5.764153 -1.063003 0.344721
v -5.775007 -1.077029 0.327022
v -5.781975 -1.086033 0.304721
v -5.784376 -1.089136 0.280000
v -5.784376 -1.089136 -0.280000
v -5.781975 -1.086033 -0.304722
v -5.775007 -1.077029 -0.327023
v -5.764153 -1.063003 -0.344722
v -5.750477 -1.045330 -0.356085
v -5.735317 -1.025740 -0.360000
v -5.713229 -1.040691 0.360000
v -5.725770 -1.062055 0.356084
v -5.737082 -1.081327 0.344721
v -5.746061 -1.096622 0.327022
v -5.751825 -1.106442 0.304721
v -5.753811 -1.109826 0.280000
v -5.753811 -1.109826 -0.280000
v -5.751825 -1.106442 -0.304722
v -5.746061 -1.096622 -0.327023
v -5.737082 -1.081327 -0.344722
v -5.725770 -1.062055 -0.356085
v -5.713229 -1.040691 -0.360000
v -5.689268 -1.052759 0.360000
v -5.698943 -1.075566 0.356084
v -5.707672 -1.096140 0.344721
v -5.714599 -1.112468 0.327022
v -5.719046 -1.122951 0.304721
v -5.720579 -1.126563 0.280000
v -5.720579 -1.126563 -0.280000
v -5.719046 -1.122951 -0.304722
v -5.714599 -1.112468 -0.327023
v -5.707672 -1.096140 -0.344722
v -5.698943 -1.075566 -0.356085
v -5.689268 -1.052759 -0.360000
v -5.663684 -1.061691 0.360000
v -5.670278 -1.085574 0.356084
v -5.676227 -1.107119 0.344721
v -5.680947 -1.124217 0.327022
v -5.683979 -1.135194 0.304721
v -5.685023 -1.138977 0.280000
v -5.685023 -1.138977 -0.280000
v -5.683979 -1.135194 -0.304722
v -5.680947 -1.124217 -0.327023
v -5.676227 -1.107119 -0.344722
v -5.670278 -1.085574 -0.356085
v -5.663684 -1.061691 -0.360000
v -5.636731 -1.067236 0.360000
v -5.640073 -1.091787 0.356084
v -5.643088 -1.113935 0.344721
v -5.645481 -1.131512 0.327022
v -5.647017 -1.142797 0.304721
v -5.647547 -1.146686 0.280000
v -5.647547 -1.146686 -0.280000
v -5.647017 -1.142797 -0.304722
v -5.645481 -1.131512 -0.327023
v -5.643088 -1.113935 -0.344722
v -5.640073 -1.091787 -0.356085
v -5.636731 -1.067236 -0.360000
v -5.608660 -1.069140 0.360000
v -5.608660 -1.093918 0.356084
v -5.608660 -1.116271 0.344721
v -5.608660 -1.134010 0.327022
v -5.608660 -1.145399 0.304721
v -5.608660 -1.149324 0.280000
v -5.608660 -1.149324 -0.280000
v -5.608660 -1.145399 -0.304722
v -5.608660 -1.134010 -0.327023
v -5.608660 -1.116271 -0.344722
v -5.608660 -1.093918 -0.356085
v -5.608660 -1.069140 -0.360000
v -5.580589 -1.067236 0.360000
v -5.577247 -1.091787 0.356084
v -5.574231 -1.113935 0.344721
v -5.571838 -1.131512 0.327022
v -5.570302 -1.142797 0.304721
v -5.569773 -1.146686 0.280000
v -5.569773 -1.146686 -0.280000
v -5.570302 -1.142797 -0.304722
v -5.571838 -1.131512 -0.327023
v -5.574231 -1.113935 -0.344722
v -5.577247 -1.091787 -0.356085
v -5.580589 -1.067236 -0.360000
v -5.553636 -1.061691 0.360000
v -5.547041 -1.085574 0.356084
v -5.541093 -1.107119 0.344721
v -5.536372 -1.124217 0.327022
v -5.533341 -1.135194 0.304721
v -5.532297 -1.138977 0.280000
v -5.532297 -1.138977 -0.280000
v -5.533341 -1.135194 -0.304722
v -5.536372 -1.124217 -0.327023
v -5.541093 -1.107119 -0.344722
v -5.547041 -1.085574 -0.356085
v -5.553636 -1.061691 -0.360000
v -5.528052 -1.052759 0.360000
v -5.518376 -1.075566 0.356084
v -5.509648 -1.096140 0.344721
v -5.502721 -1.112468 0.327022
v -5.498273 -1.122951 0.304721
v -5.496741 -1.126563 0.280000
v -5.496741 -1.126563 -0.280000
v -5.498273 -1.122951 -0.304722
v -5.502721 -1.112468 -0.327023
v -5.509648 -1.096140 -0.344722
v -5.518376 -1.075566 -0.356085
v -5.528052 -1.052759 -0.360000
v -5.504090 -1.040691 0.360000
v -5.491550 -1.062055 0.356084
v -5.480237 -1.081327 0.344721
v -5.471259 -1.096622 0.327022
v -5.465495 -1.106442 0.304721
v -5.463508 -1.109826 0.280000
v -5.463508 -1.109826 -0.280000
v -5.465495 -1.106442 -0.304722
v -5.471259 -1.096622 -0.327023
v -5.480237 -1.081327 -0.344722
v -5.491550 -1.062055 -0.356085
v -5.504090 -1.040691 -0.360000
v -5.482003 -1.025740 0.360000
v -5.466843 -1.045330 0.356084
v -5.453166 -1.063003 0.344721
v -5.442313 -1.077029 0.327022
v -5.435345 -1.086033 0.304721
v -5.432943 -1.089136 0.280000
v -5.432943 -1.089136 -0.280000
v -5.435345 -1.086033 -0.304722
v -5.442313 -1.077029 -0.327023
v -5.453166 -1.063003 -0.344722
v -5.466843 -1.045330 -0.356085
v -5.482003 -1.025740 -0.360000
v -5.462042 -1.008158 0.360000
v -5.444526 -1.025673 0.356084
v -5.428725 -1.041474 0.344721
v -5.416185 -1.054014 0.327022
v -5.408134 -1.062065 0.304721
v -5.405360 -1.064839 0.280000
v -5.405360 -1.064839 -0.280000
v -5.408134 -1.062065 -0.304722
v -5.416185 -1.054014 -0.327023
v -5.428725 -1.041474 -0.344722
v -5.444526 -1.025673 -0.356085
v -5.462042 -1.008158 -0.360000
v -5.444459 -0.988196 0.360000
v -5.424869 -1.003357 0.356084
v -5.407196 -1.017033 0.344721
v -5.393171 -1.027886 0.327022
v -5.384166 -1.034855 0.304721
v -5.381063 -1.037256 0.280000
v -5.381063 -1.037256 -0.280000
v -5.384166 -1.034855 -0.304722
v -5.393171 -1.027886 -0.327023
v -5.407196 -1.017033 -0.344722
v -5.424869 -1.003357 -0.356085
v -5.444459 -0.988196 -0.360000
v -5.429508 -0.966109 0.360000
v -5.408144 -0.978649 0.356084
v -5.388872 -0.989962 0.344721
v -5.373577 -0.998940 0.327022
v -5.363757 -1.004705 0.304721
v -5.360373 -1.006691 0.280000
v -5.360373 -1.006691 -0.280000
v -5.363757 -1.004705 -0.304722
v -5.373577 -0.998940 -0.327023
v -5.388872 -0.989962 -0.344722
v -5.408144 -0.978649 -0.356085
v -5.429508 -0.966109 -0.360000
v -5.417440 -0.942147 0.360000
v -5.394634 -0.951823 0.356084
v -5.374060 -0.960551 0.344721
v -5.357732 -0.967478 0.327022
v -5.347249 -0.971925 0.304721
v -5.343637 -0.973458 0.280000
v -5.343637 -0.973458 -0.280000
v -5.347249 -0.971925 -0.304722
v -5.357732 -0.967478 -0.327023
v -5.374060 -0.960551 -0.344722
v -5.394634 -0.951823 -0.356085
v -5.417440 -0.942147 -0.360000
v -5.408508 -0.916564 0.360000
v -5.384626 -0.923158 0.356084
v -5.363081 -0.929106 0.344721
v -5.345983 -0.933827 0.327022
v -5.335005 -0.936858 0.304721
v -5.331223 -0.937902 0.280000
v -5.331223 -0.937902 -0.280000
v -5.335005 -0.936858 -0.304722
v -5.345983 -0.933827 -0.327023
v -5.363081 -0.929106 -0.344722
v -5.384626 -0.923158 -0.356085
v -5.408508 -0.916564 -0.360000
v -5.402964 -0.889611 0.360000
v -5.378413 -0.892953 0.356084
v -5.356265 -0.895968 0.344721
v -5.338687 -0.898360 0.327022
v -5.327403 -0.899897 0.304721
v -5.323514 -0.900426 0.280000
v -5.323514 -0.900426 -0.280000
v -5.327403 -0.899897 -0.304722
v -5.338687 -0.898360 -0.327023
v -5.356265 -0.895968 -0.344722
v -5.378413 -0.892953 -0.356085
v -5.402964 -0.889611 -0.360000
v -5.401060 -0.861540 0.360000
v -5.376282 -0.861540 0.356084
v -5.353929 -0.861539 0.344721
v -5.336190 -0.861539 0.327022
v -5.324800 -0.861539 0.304721
v -5.320876 -0.861539 0.280000
v -5.320876 -0.861539 -0.280000
v -5.324800 -0.861539 -0.304722
v -5.336190 -0.861539 -0.327023
v -5.353929 -0.861539 -0.344722
v -5.376282 -0.861540 -0.356085
v -5.401060 -0.861540 -0.360000
v -5.402965 -0.833470 0.360000
v -5.378414 -0.830127 0.356084
v -5.356266 -0.827112 0.344721
v -5.338689 -0.824719 0.327022
v -5.327404 -0.823182 0.304721
v -5.323515 -0.822653 0.280000
v -5.323515 -0.822653 -0.280000
v -5.327404 -0.823182 -0.304722
v -5.338689 -0.824719 -0.327023
v -5.356266 -0.827112 -0.344722
v -5.378414 -0.830127 -0.356085
v -5.402965 -0.833470 -0.360000
v -5.408509 -0.806516 0.360000
v -5.384627 -0.799923 0.356084
v -5.363082 -0.793974 0.344721
v -5.345984 -0.789253 0.327022
v -5.335006 -0.786223 0.304721
v -5.331223 -0.785178 0.280000
v -5.331223 -0.785178 -0.280000
v -5.335006 -0.786223 -0.304722
v -5.345984 -0.789253 -0.327023
v -5.363082 -0.793974 -0.344722
v -5.384627 -0.799923 -0.356085
v -5.408509 -0.806516 -0.360000
v -5.417441 -0.780933 0.360000
v -5.394635 -0.771257 0.356084
v -5.374061 -0.762529 0.344721
v -5.357733 -0.755602 0.327022
v -5.347250 -0.751155 0.304721
v -5.343637 -0.749622 0.280000
v -5.343637 -0.749622 -0.280000
v -5.347250 -0.751155 -0.304722
v -5.357733 -0.755602 -0.327023
v -5.374061 -0.762529 -0.344722
v -5.394635 -0.771257 -0.356085
v -5.417441 -0.780933 -0.360000
v -5.429509 -0.756971 0.360000
v -5.408145 -0.744431 0.356084
v -5.388873 -0.733118 0.344721
v -5.373578 -0.724140 0.327022
v -5.363758 -0.718376 0.304721
v -5.360374 -0.716389 0.280000
v -5.360374 -0.716389 -0.280000
v -5.363758 -0.718376 -0.304722
v -5.373578 -0.724140 -0.327023
v -5.388873 -0.733118 -0.344722
v -5.408145 -0.744431 -0.356085
v -5.429509 -0.756971 -0.360000
v -5.444460 -0.734884 0.360000
v -5.424870 -0.719724 0.356084
v -5.407197 -0.706047 0.344721
v -5.393172 -0.695194 0.327022
v -5.384167 -0.688225 0.304721
v -5.381064 -0.685824 0.280000
v -5.381064 -0.685824 -0.280000
v -5.384167 -0.688225 -0.304722
v -5.393172 -0.695194 -0.327023
v -5.407197 -0.706047 -0.344722
v -5.424870 -0.719724 -0.356085
v -5.444460 -0.734884 -0.360000
v -5.462043 -0.714923 0.360000
v -5.444527 -0.697407 0.356084
v -5.428726 -0.681606 0.344721
v -5.416186 -0.669066 0.327022
v -5.408135 -0.661015 0.304721
v -5.405361 -0.658241 0.280000
v -5.405361 -0.658241 -0.280000
v -5.408135 -0.661015 -0.304722
v -5.416186 -0.669066 -0.327023
v -5.428726 -0.681606 -0.344722
v -5.444527 -0.697407 -0.356085
v -5.462043 -0.714923 -0.360000
v -5.482004 -0.697340 0.360000
v -5.466844 -0.677750 0.356084
v -5.453167 -0.660077 0.344721
v -5.442314 -0.646052 0.327022
v -5.435345 -0.637047 0.304721
v -5.432944 -0.633944 0.280000
v -5.432944 -0.633944 -0.280000
v -5.435345 -0.637047 -0.304722
v -5.442314 -0.646052 -0.327023
v -5.453167 -0.660077 -0.344722
v -5.466844 -0.677750 -0.356085
v -5.482004 -0.697340 -0.360000
v -5.504091 -0.682389 0.360000
v -5.491551 -0.661025 0.356084
v -5.480237 -0.641753 0.344721
v -5.471260 -0.626458 0.327022
v -5.465496 -0.616638 0.304721
v -5.463509 -0.613254 0.280000
v -5.463509 -0.613254 -0.280000
v -5.465496 -0.616638 -0.304722
v -5.471260 -0.626458 -0.327023
v -5.480237 -0.641753 -0.344722
v -5.491551 -0.661025 -0.356085
v -5.504091 -0.682389 -0.360000
v -5.528053 -0.670321 0.360000
v -5.518377 -0.647514 0.356084
v -5.509649 -0.626940 0.344721
v -5.502722 -0.610612 0.327022
v -5.498274 -0.600129 0.304721
v -5.496742 -0.596517 0.280000
v -5.496742 -0.596517 -0.280000
v -5.498274 -0.600129 -0.304722
v -5.502722 -0.610612 -0.327023
v -5.509649 -0.626940 -0.344722
v -5.518377 -0.647514 -0.356085
v -5.528053 -0.670321 -0.360000
v -5.553637 -0.661389 0.360000
v -5.547042 -0.637506 0.356084
v -5.541094 -0.615961 0.344721
v -5.536373 -0.598863 0.327022
v -5.533342 -0.587886 0.304721
v -5.532298 -0.584103 0.280000
v -5.532298 -0.584103 -0.280000
v -5.533342 -0.587886 -0.304722
v -5.536373 -0.598863 -0.327023
v -5.541094 -0.615961 -0.344722
v -5.547042 -0.637506 -0.356085
v -5.553637 -0.661389 -0.360000
v -5.580590 -0.655844 0.360000
v -5.577248 -0.631293 0.356084
v -5.574232 -0.609145 0.344721
v -5.571839 -0.591568 0.327022
v -5.570303 -0.580283 0.304721
v -5.569774 -0.576394 0.280000
v -5.569774 -0.576394 -0.280000
v -5.570303 -0.580283 -0.304722
v -5.571839 -0.591568 -0.327023
v -5.574232 -0.609145 -0.344722
v -5.577248 -0.631293 -0.356085
v -5.580590 -0.655844 -0.360000
v -5.608660 -0.653940 0.360000
v -5.608660 -0.629162 0.356084
v -5.608660 -0.606809 0.344721
v -5.608660 -0.589070 0.327022
v -5.608660 -0.577681 0.304721
v -5.608660 -0.573756 0.280000
v -5.608660 -0.573756 -0.280000
v -5.608660 -0.577681 -0.304722
v -5.608660 -0.589070 -0.327023
v -5.608660 -0.606809 -0.344722
v -5.608660 -0.629162 -0.356085
v -5.608660 -0.653940 -0.360000
v -5.636731 -0.655844 0.360000
v -5.640073 -0.631293 0.356084
v -5.643089 -0.609145 0.344721
v -5.645482 -0.591568 0.327022
v -5.647018 -0.580283 0.304721
v -5.647547 -0.576394 0.280000
v -5.647547 -0.576394 -0.280000
v -5.647018 -0.580283 -0.304722
v -5.645482 -0.591568 -0.327023
v -5.643089 -0.609145 -0.344722
v -5.640073 -0.631293 -0.356085
v -5.636731 -0.655844 -0.360000
v -5.663684 -0.661389 0.360000
v -5.670279 -0.637506 0.356084
v -5.676227 -0.615961 0.344721
v -5.680948 -0.598863 0.327022
v -5.683979 -0.587886 0.304721
v -5.685023 -0.584103 0.280000
v -5.685023 -0.584103 -0.280000
v -5.683979 -0.587886 -0.304722
v -5.680948 -0.598863 -0.327023
v -5.676227 -0.615961 -0.344722
v -5.670279 -0.637506 -0.356085
v -5.663684 -0.661389 -0.360000
v -5.689268 -0.670321 0.360000
v -5.698944 -0.647514 0.356084
v -5.707672 -0.626940 0.344721
v -5.714599 -0.610612 0.327022
v -5.719047 -0.600129 0.304721
v -5.720579 -0.596517 0.280000
v -5.720579 -0.596517 -0.280000
v -5.719047 -0.600129 -0.304722
v -5.714599 -0.610612 -0.327023
v -5.707672 -0.626940 -0.344722
v -5.698944 -0.647514 -0.356085
v -5.689268 -0.670321 -0.360000
v -5.713230 -0.682389 0.360000
v -5.725770 -0.661025 0.356084
v -5.737083 -0.641753 0.344721
v -5.746061 -0.626458 0.327022
v -5.751825 -0.616638 0.304721
v -5.753812 -0.613254 0.280000
v -5.753812 -0.613254 -0.280000
v -5.751825 -0.616638 -0.304722
v -5.746061 -0.626458 -0.327023
v -5.737083 -0.641753 -0.344722
v -5.725770 -0.661025 -0.356085
v -5.713230 -0.682389 -0.360000
v -5.735317 -0.697340 0.360000
v -5.750477 -0.677750 0.356084
v -5.764153 -0.660077 0.344721
v -5.775007 -0.646052 0.327022
v -5.781976 -0.637047 0.304721
v -5.784377 -0.633944 0.280000
v -5.784377 -0.633944 -0.280000
v -5.781976 -0.637047 -0.304722
v -5.775007 -0.646052 -0.327023
v -5.764153 -0.660077 -0.344722
v -5.750477 -0.677750 -0.356085
v -5.735317 -0.697340 -0.360000
v -5.755278 -0.714923 0.360000
v -5.772794 -0.697407 0.356084
v -5.788595 -0.681606 0.344721
v -5.801135 -0.669066 0.327022
v -5.809186 -0.661015 0.304721
v -5.811960 -0.658241 0.280000
v -5.811960 -0.658241 -0.280000
v -5.809186 -0.661015 -0.304722
v -5.801135 -0.669066 -0.327023
v -5.788595 -0.681606 -0.344722
v -5.772794 -0.697407 -0.356085
v -5.755278 -0.714923 -0.360000
v -5.772861 -0.734884 0.360000
v -5.792451 -0.719724 0.356084
v -5.810124 -0.706047 0.344721
v -5.824149 -0.695194 0.327022
v -5.833154 -0.688225 0.304721
v -5.836257 -0.685824 0.280000
v -5.836257 -0.685824 -0.280000
v -5.833154 -0.688225 -0.304722
v -5.824149 -0.695194 -0.327023
v -5.810124 -0.706047 -0.344722
v -5.792451 -0.719724 -0.356085
v -5.772861 -0.734884 -0.360000
v -5.787812 -0.756971 0.360000
v -5.809175 -0.744431 0.356084
v -5.828448 -0.733118 0.344721
v -5.843743 -0.724140 0.327022
v -5.853563 -0.718376 0.304721
v -5.856946 -0.716389 0.280000
v -5.856946 -0.716389 -0.280000
v -5.853563 -0.718376 -0.304722
v -5.843743 -0.724140 -0.327023
v -5.828448 -0.733118 -0.344722
v -5.809175 -0.744431 -0.356085
v -5.787812 -0.756971 -0.360000
v -5.799880 -0.780933 0.360000
v -5.822686 -0.771257 0.356084
v -5.843260 -0.762529 0.344721
v -5.859588 -0.755602 0.327022
v -5.870071 -0.751155 0.304721
v -5.873683 -0.749622 0.280000
v -5.873683 -0.749622 -0.280000
v -5.870071 -0.751155 -0.304722
v -5.859588 -0.755602 -0.327023
v -5.843260 -0.762529 -0.344722
v -5.822686 -0.771257 -0.356085
v -5.799880 -0.780933 -0.360000
v -5.808812 -0.806516 0.360000
v -5.832694 -0.799923 0.356084
v -5.854239 -0.793974 0.344721
v -5.871337 -0.789253 0.327022
v -5.882315 -0.786223 0.304721
v -5.886097 -0.785178 0.280000
v -5.886097 -0.785178 -0.280000
v -5.882315 -0.786223 -0.304722
v -5.871337 -0.789253 -0.327023
v -5.854239 -0.793974 -0.344722
v -5.832694 -0.799923 -0.356085
v -5.808812 -0.806516 -0.360000
v -5.814356 -0.833470 0.360000
v -5.838907 -0.830127 0.356084
v -5.861055 -0.827112 0.344721
v -5.878633 -0.824720 0.327022
v -5.889917 -0.823184 0.304721
v -5.893806 -0.822654 0.280000
v -5.893806 -0.822654 -0.280000
v -5.889917 -0.823184 -0.304722
v -5.878633 -0.824720 -0.327023
v -5.861055 -0.827112 -0.344722
v -5.838907 -0.830127 -0.356085
v -5.814356 -0.833470 -0.360000
v -5.816260 -0.861540 0.360000
v -5.841038 -0.861540 0.356084
v -5.863391 -0.861540 0.344721
v -5.881130 -0.861541 0.327022
v -5.892519 -0.861541 0.304721
v -5.896444 -0.861541 0.280000
v -5.896444 -0.861541 -0.280000
v -5.892519 -0.861541 -0.304722
v -5.881130 -0.861541 -0.327023
v -5.863391 -0.861540 -0.344722
v -5.841038 -0.861540 -0.356085
v -5.816260 -0.861540 -0.360000
vn -0.0000 -0.0000 -1.0000
vn -0.0000 -0.0000 1.0000
vn -0.1170 -0.2874 0.9506
vn -0.0546 -0.1466 0.9877
vn -0.0590 -0.1449 0.9877
vn -0.2220 -0.5452 0.8084
vn -0.1084 -0.2909 0.9506
vn -0.3053 -0.7497 0.5871
vn -0.2055 -0.5517 0.8083
vn -0.3587 -0.8809 0.3086
vn -0.2826 -0.7586 0.5871
vn -0.3760 -0.9233 0.0784
vn -0.3321 -0.8914 0.3086
vn -0.3480 -0.9342 -0.0784
vn -0.3760 -0.9233 -0.0784
vn -0.3321 -0.8914 -0.3086
vn -0.3587 -0.8809 -0.3086
vn -0.2826 -0.7586 -0.5871
vn -0.3053 -0.7497 -0.5871
vn -0.2055 -0.5517 -0.8083
vn -0.2220 -0.5452 -0.8084
vn -0.1084 -0.2909 -0.9506
vn -0.1170 -0.2874 -0.9506
vn -0.0546 -0.1466 -0.9877
vn -0.0590 -0.1449 -0.9877
vn -0.0497 -0.1483 0.9877
vn -0.0987 -0.2944 0.9506
vn -0.1873 -0.5583 0.8082
vn -0.2574 -0.7675 0.5870
vn -0.3480 -0.9342 0.0784
vn -0.3025 -0.9018 0.3086
vn -0.3170 -0.9452 -0.0784
vn -0.3025 -0.9018 -0.3086
vn -0.2574 -0.7675 -0.5870
vn -0.1873 -0.5583 -0.8082
vn -0.0987 -0.2944 -0.9506
vn -0.0497 -0.1483 -0.9877
vn -0.0444 -0.1500 0.9877
vn -0.0883 -0.2978 0.9505
vn -0.1674 -0.5646 0.8082
vn -0.2301 -0.7762 0.5870
vn -0.3170 -0.9452 0.0784
vn -0.2703 -0.9120 0.3085
vn -0.2833 -0.9558 -0.0784
vn -0.2703 -0.9120 -0.3085
vn -0.2301 -0.7762 -0.5870
vn -0.1674 -0.5646 -0.8082
vn -0.0883 -0.2978 -0.9505
vn -0.0444 -0.1500 -0.9877
vn -0.0388 -0.1515 0.9877
vn -0.0771 -0.3010 0.9505
vn -0.1462 -0.5705 0.8082
vn -0.2009 -0.7843 0.5869
vn -0.2833 -0.9558 0.0784
vn -0.2361 -0.9215 0.3085
vn -0.2474 -0.9657 -0.0784
vn -0.2361 -0.9215 -0.3085
vn -0.2009 -0.7843 -0.5869
vn -0.1462 -0.5705 -0.8082
vn -0.0771 -0.3010 -0.9505
vn -0.0388 -0.1515 -0.9877
vn -0.0330 -0.1529 0.9877
vn -0.0655 -0.3037 0.9505
vn -0.1241 -0.5758 0.8081
vn -0.1706 -0.7915 0.5869
vn -0.2474 -0.9657 0.0784
vn -0.2004 -0.9299 0.3085
vn -0.2100 -0.9745 -0.0784
vn -0.2004 -0.9299 -0.3085
vn -0.1706 -0.7915 -0.5869
vn -0.1241 -0.5758 -0.8081
vn -0.0655 -0.3037 -0.9505
vn -0.0330 -0.1529 -0.9877
vn -0.0536 -0.3061 0.9505
vn -0.1016 -0.5801 0.8081
vn -0.1397 -0.7975 0.5869
vn -0.1641 -0.9370 0.3085
vn -0.2100 -0.9745 0.0784
vn -0.1720 -0.9820 -0.0784
vn -0.1641 -0.9370 -0.3085
vn -0.1397 -0.7975 -0.5869
vn -0.1016 -0.5801 -0.8082
vn -0.0536 -0.3061 -0.9505
vn -0.0418 -0.3079 0.9505
vn -0.0270 -0.1541 0.9877
vn -0.0792 -0.5836 0.8082
vn -0.1089 -0.8023 0.5870
vn -0.1280 -0.9426 0.3085
vn -0.1341 -0.9879 0.0784
vn -0.1720 -0.9820 0.0784
vn -0.1341 -0.9879 -0.0784
vn -0.1280 -0.9426 -0.3085
vn -0.1089 -0.8023 -0.5870
vn -0.0792 -0.5836 -0.8082
vn -0.0270 -0.1541 -0.9877
vn -0.0418 -0.3079 -0.9505
vn -0.0303 -0.3091 0.9505
vn -0.0210 -0.1550 0.9877
vn -0.0575 -0.5861 0.8082
vn -0.0791 -0.8057 0.5870
vn -0.0929 -0.9467 0.3085
vn -0.0974 -0.9922 0.0784
vn -0.0974 -0.9922 -0.0784
vn -0.0929 -0.9467 -0.3085
vn -0.0791 -0.8057 -0.5870
vn -0.0575 -0.5861 -0.8082
vn -0.0210 -0.1550 -0.9877
vn -0.0303 -0.3091 -0.9505
vn -0.0194 -0.3099 0.9506
vn -0.0153 -0.1557 0.9877
vn -0.0369 -0.5877 0.8083
vn -0.0507 -0.8080 0.5870
vn -0.0596 -0.9493 0.3086
vn -0.0624 -0.9950 0.0784
vn -0.0624 -0.9950 -0.0784
vn -0.0596 -0.9493 -0.3086
vn -0.0507 -0.8080 -0.5870
vn -0.0369 -0.5877 -0.8083
vn -0.0153 -0.1557 -0.9877
vn -0.0194 -0.3099 -0.9506
vn -0.0093 -0.3102 0.9506
vn -0.0098 -0.1561 0.9877
vn -0.0177 -0.5885 0.8083
vn -0.0243 -0.8092 0.5871
vn -0.0286 -0.9508 0.3086
vn -0.0300 -0.9965 0.0784
vn -0.0300 -0.9965 -0.0784
vn -0.0286 -0.9508 -0.3086
vn -0.0243 -0.8092 -0.5871
vn -0.0177 -0.5885 -0.8083
vn -0.0098 -0.1561 -0.9877
vn -0.0093 -0.3102 -0.9506
vn 0.0034 -0.1563 0.9877
vn -0.0047 -0.1563 0.9877
vn 0.0069 -0.3120 0.9500
vn 0.0130 -0.5898 0.8075
vn 0.0178 -0.8099 0.5863
vn 0.0209 -0.9511 0.3081
vn 0.0219 -0.9967 -0.0784
vn 0.0209 -0.9511 -0.3081
vn 0.0178 -0.8099 -0.5863
vn 0.0130 -0.5898 -0.8075
vn 0.0069 -0.3120 -0.9500
vn 0.0034 -0.1563 -0.9877
vn -0.0047 -0.1563 -0.9877
vn 0.0185 -0.1551 0.9877
vn 0.0372 -0.3117 0.9494
vn 0.0700 -0.5869 0.8067
vn 0.0960 -0.8049 0.5856
vn 0.0219 -0.9967 0.0784
vn 0.1126 -0.9448 0.3077
vn 0.1180 -0.9899 -0.0784
vn 0.1126 -0.9448 -0.3077
vn 0.0960 -0.8049 -0.5856
vn 0.0700 -0.5869 -0.8067
vn 0.0372 -0.3117 -0.9494
vn 0.0185 -0.1551 -0.9877
vn 0.0372 -0.1516 0.9877
vn 0.0749 -0.3050 0.9494
vn 0.1410 -0.5740 0.8066
vn 0.1934 -0.7872 0.5856
vn 0.1180 -0.9899 0.0784
vn 0.2270 -0.9240 0.3077
vn 0.2378 -0.9681 -0.0784
vn 0.2270 -0.9240 -0.3077
vn 0.1934 -0.7872 -0.5856
vn 0.1410 -0.5740 -0.8066
vn 0.0749 -0.3050 -0.9494
vn 0.0372 -0.1516 -0.9877
vn 0.0560 -0.1458 0.9877
vn 0.1126 -0.2933 0.9494
vn 0.2119 -0.5519 0.8066
vn 0.2905 -0.7568 0.5855
vn 0.2378 -0.9681 0.0784
vn 0.3410 -0.8883 0.3077
vn 0.3573 -0.9307 -0.0784
vn 0.3410 -0.8883 -0.3077
vn 0.2905 -0.7568 -0.5855
vn 0.2119 -0.5519 -0.8066
vn 0.1126 -0.2933 -0.9494
vn 0.0560 -0.1458 -0.9877
vn 0.0742 -0.1373 0.9877
vn 0.1494 -0.2765 0.9493
vn 0.2810 -0.5202 0.8065
vn 0.3853 -0.7132 0.5855
vn 0.3573 -0.9307 0.0784
vn 0.4523 -0.8371 0.3077
vn 0.4739 -0.8771 -0.0784
vn 0.4523 -0.8371 -0.3077
vn 0.3853 -0.7132 -0.5855
vn 0.2810 -0.5202 -0.8065
vn 0.1494 -0.2765 -0.9493
vn 0.0742 -0.1373 -0.9877
vn 0.0916 -0.1264 0.9877
vn 0.1844 -0.2546 0.9493
vn 0.3469 -0.4788 0.8065
vn 0.4756 -0.6565 0.5855
vn 0.4739 -0.8771 0.0784
vn 0.5582 -0.7706 0.3077
vn 0.5849 -0.8073 -0.0784
vn 0.5582 -0.7706 -0.3077
vn 0.4756 -0.6565 -0.5855
vn 0.3469 -0.4788 -0.8065
vn 0.1844 -0.2546 -0.9493
vn 0.0916 -0.1264 -0.9877
vn 0.1076 -0.1130 0.9877
vn 0.2168 -0.2277 0.9493
vn 0.4077 -0.4283 0.8064
vn 0.5590 -0.5872 0.5854
vn 0.5848 -0.8073 0.0784
vn 0.6561 -0.6891 0.3076
vn 0.6874 -0.7220 -0.0784
vn 0.6561 -0.6891 -0.3077
vn 0.5590 -0.5872 -0.5854
vn 0.4077 -0.4283 -0.8064
vn 0.2168 -0.2277 -0.9493
vn 0.1076 -0.1130 -0.9877
vn 0.1219 -0.0974 0.9877
vn 0.2457 -0.1963 0.9493
vn 0.4620 -0.3692 0.8064
vn 0.6333 -0.5061 0.5854
vn 0.6874 -0.7220 0.0784
vn 0.7433 -0.5940 0.3077
vn 0.7788 -0.6224 -0.0784
vn 0.7433 -0.5940 -0.3077
vn 0.6333 -0.5061 -0.5854
vn 0.4620 -0.3692 -0.8064
vn 0.2457 -0.1963 -0.9493
vn 0.1219 -0.0974 -0.9877
vn 0.1341 -0.0799 0.9877
vn 0.2702 -0.1610 0.9492
vn 0.5080 -0.3027 0.8064
vn 0.6965 -0.4150 0.5854
vn 0.7788 -0.6224 0.0784
vn 0.8174 -0.4871 0.3076
vn 0.8564 -0.5103 -0.0784
vn 0.8174 -0.4871 -0.3076
vn 0.6965 -0.4150 -0.5854
vn 0.5080 -0.3027 -0.8064
vn 0.2702 -0.1610 -0.9492
vn 0.1341 -0.0799 -0.9877
vn 0.2896 -0.1226 0.9492
vn 0.5446 -0.2305 0.8064
vn 0.7466 -0.3160 0.5854
vn 0.8762 -0.3709 0.3077
vn 0.9181 -0.3886 0.0784
vn 0.8564 -0.5103 0.0784
vn 0.9181 -0.3886 -0.0784
vn 0.8762 -0.3709 -0.3077
vn 0.7466 -0.3160 -0.5854
vn 0.5446 -0.2305 -0.8064
vn 0.2896 -0.1226 -0.9492
vn 0.3035 -0.0822 0.9493
vn 0.1437 -0.0608 0.9877
vn 0.5708 -0.1546 0.8064
vn 0.7825 -0.2119 0.5854
vn 0.9184 -0.2487 0.3077
vn 0.9623 -0.2606 0.0784
vn 0.9623 -0.2606 -0.0784
vn 0.9184 -0.2487 -0.3077
vn 0.7825 -0.2119 -0.5854
vn 0.5708 -0.1546 -0.8064
vn 0.1437 -0.0608 -0.9877
vn 0.3035 -0.0822 -0.9493
vn 0.3117 -0.0410 0.9493
vn 0.1507 -0.0408 0.9877
vn 0.5862 -0.0770 0.8065
vn 0.8038 -0.1056 0.5855
vn 0.9434 -0.1240 0.3077
vn 0.9884 -0.1299 0.0784
vn 0.9884 -0.1299 -0.0784
vn 0.9434 -0.1240 -0.3077
vn 0.8038 -0.1056 -0.5855
vn 0.5862 -0.0770 -0.8065
vn 0.1507 -0.0408 -0.9877
vn 0.3117 -0.0410 -0.9493
vn 0.3143 0.0002 0.9493
vn 0.1548 -0.0203 0.9877
vn 0.5912 0.0003 0.8065
vn 0.8107 0.0004 0.5855
vn 0.9515 0.0005 0.3077
vn 0.9969 0.0005 0.0784
vn 0.9969 0.0005 -0.0784
vn 0.9515 0.0005 -0.3077
vn 0.8107 0.0004 -0.5855
vn 0.5912 0.0003 -0.8065
vn 0.1548 -0.0203 -0.9877
vn 0.3143 0.0002 -0.9493
vn 0.1547 0.0206 0.9877
vn 0.1561 0.0001 0.9877
vn 0.3117 0.0414 0.9493
vn 0.5861 0.0780 0.8065
vn 0.8036 0.1069 0.5855
vn 0.9432 0.1254 0.3076
vn 0.9882 0.1314 0.0784
vn 0.9432 0.1254 -0.3077
vn 0.8036 0.1069 -0.5854
vn 0.5861 0.0779 -0.8065
vn 0.3117 0.0414 -0.9493
vn 0.1547 0.0206 -0.9877
vn 0.1561 0.0001 -0.9877
vn 0.1506 0.0410 0.9877
vn 0.3034 0.0827 0.9493
vn 0.5705 0.1555 0.8064
vn 0.7822 0.2132 0.5854
vn 0.9180 0.2502 0.3077
vn 0.9618 0.2622 -0.0784
vn 0.9882 0.1314 -0.0784
vn 0.9180 0.2502 -0.3077
vn 0.7822 0.2132 -0.5854
vn 0.5705 0.1555 -0.8064
vn 0.3034 0.0827 -0.9493
vn 0.1506 0.0411 -0.9877
vn 0.1437 0.0609 0.9877
vn 0.2895 0.1227 0.9493
vn 0.5445 0.2307 0.8064
vn 0.7465 0.3163 0.5855
vn 0.9618 0.2622 0.0784
vn 0.8761 0.3712 0.3077
vn 0.9179 0.3889 -0.0784
vn 0.8761 0.3712 -0.3077
vn 0.7465 0.3163 -0.5855
vn 0.5445 0.2307 -0.8065
vn 0.2895 0.1227 -0.9493
vn 0.1437 0.0609 -0.9877
vn 0.2705 0.1604 0.9493
vn 0.5086 0.3016 0.8064
vn 0.6973 0.4135 0.5854
vn 0.8184 0.4853 0.3077
vn 0.8575 0.5084 0.0784
vn 0.9179 0.3889 0.0784
vn 0.8575 0.5084 -0.0784
vn 0.8184 0.4853 -0.3077
vn 0.6973 0.4135 -0.5854
vn 0.5086 0.3016 -0.8064
vn 0.2705 0.1604 -0.9493
vn 0.2466 0.1950 0.9493
vn 0.1343 0.0796 0.9877
vn 0.4638 0.3667 0.8065
vn 0.6360 0.5028 0.5855
vn 0.7464 0.5901 0.3077
vn 0.7820 0.6183 0.0784
vn 0.7820 0.6183 -0.0784
vn 0.7464 0.5901 -0.3077
vn 0.6360 0.5028 -0.5855
vn 0.4638 0.3667 -0.8065
vn 0.1343 0.0796 -0.9877
vn 0.2466 0.1950 -0.9493
vn 0.2186 0.2259 0.9493
vn 0.1225 0.0968 0.9877
vn 0.4112 0.4249 0.8065
vn 0.5638 0.5825 0.5855
vn 0.6617 0.6837 0.3077
vn 0.6933 0.7164 0.0784
vn 0.6933 0.7164 -0.0784
vn 0.6617 0.6837 -0.3077
vn 0.5638 0.5825 -0.5855
vn 0.4112 0.4249 -0.8065
vn 0.1225 0.0968 -0.9877
vn 0.2186 0.2259 -0.9493
vn 0.1871 0.2526 0.9493
vn 0.1086 0.1122 0.9877
vn 0.3519 0.4751 0.8065
vn 0.4825 0.6515 0.5855
vn 0.5663 0.7647 0.3077
vn 0.5933 0.8012 0.0784
vn 0.5933 0.8012 -0.0784
vn 0.5663 0.7647 -0.3077
vn 0.4825 0.6515 -0.5855
vn 0.3519 0.4751 -0.8065
vn 0.1086 0.1122 -0.9877
vn 0.1871 0.2526 -0.9493
vn 0.1526 0.2748 0.9493
vn 0.0929 0.1255 0.9877
vn 0.2870 0.5169 0.8065
vn 0.3936 0.7087 0.5855
vn 0.4620 0.8318 0.3077
vn 0.4840 0.8715 0.0784
vn 0.4840 0.8715 -0.0784
vn 0.4620 0.8318 -0.3077
vn 0.3936 0.7087 -0.5855
vn 0.2870 0.5169 -0.8065
vn 0.0929 0.1255 -0.9877
vn 0.1526 0.2748 -0.9493
vn 0.1159 0.2921 0.9493
vn 0.0758 0.1365 0.9877
vn 0.2180 0.5495 0.8065
vn 0.2990 0.7535 0.5855
vn 0.3509 0.8844 0.3077
vn 0.3677 0.9266 0.0784
vn 0.3677 0.9266 -0.0784
vn 0.3509 0.8844 -0.3077
vn 0.2990 0.7535 -0.5855
vn 0.2180 0.5495 -0.8065
vn 0.0758 0.1365 -0.9877
vn 0.1159 0.2921 -0.9493
vn 0.0777 0.3044 0.9494
vn 0.0576 0.1451 0.9877
vn 0.1462 0.5728 0.8066
vn 0.2005 0.7855 0.5855
vn 0.2354 0.9219 0.3077
vn 0.2466 0.9659 0.0784
vn 0.2466 0.9659 -0.0784
vn 0.2354 0.9219 -0.3077
vn 0.2005 0.7855 -0.5855
vn 0.1462 0.5728 -0.8066
vn 0.0576 0.1451 -0.9877
vn 0.0777 0.3044 -0.9494
vn 0.0388 0.3117 0.9494
vn 0.0386 0.1513 0.9877
vn 0.0731 0.5866 0.8066
vn 0.1002 0.8044 0.5856
vn 0.1176 0.9442 0.3077
vn 0.1232 0.9893 0.0784
vn 0.1232 0.9893 -0.0784
vn 0.1176 0.9442 -0.3077
vn 0.1002 0.8044 -0.5856
vn 0.0731 0.5866 -0.8066
vn 0.0386 0.1513 -0.9877
vn 0.0388 0.3117 -0.9494
vn 0.0073 0.3121 0.9500
vn 0.0193 0.1549 0.9877
vn 0.0138 0.5898 0.8074
vn 0.0190 0.8099 0.5863
vn 0.0223 0.9511 0.3081
vn 0.0234 0.9967 0.0784
vn 0.0234 0.9967 -0.0784
vn 0.0223 0.9511 -0.3081
vn 0.0190 0.8099 -0.5863
vn 0.0138 0.5898 -0.8074
vn 0.0193 0.1549 -0.9877
vn 0.0073 0.3121 -0.9500
vn -0.0096 0.3103 0.9506
vn 0.0037 0.1563 0.9877
vn -0.0182 0.5885 0.8083
vn -0.0250 0.8092 0.5871
vn -0.0293 0.9507 0.3086
vn -0.0307 0.9964 0.0784
vn -0.0307 0.9964 -0.0784
vn -0.0293 0.9507 -0.3086
vn -0.0250 0.8092 -0.5871
vn -0.0182 0.5885 -0.8083
vn 0.0037 0.1563 -0.9877
vn -0.0096 0.3103 -0.9506
vn -0.0103 0.1561 0.9877
vn -0.0048 0.1563 0.9877
vn -0.0205 0.3100 0.9505
vn -0.0389 0.5877 0.8082
vn -0.0535 0.8078 0.5870
vn -0.0629 0.9491 0.3085
vn -0.0659 0.9947 -0.0784
vn -0.0629 0.9491 -0.3085
vn -0.0535 0.8078 -0.5870
vn -0.0389 0.5877 -0.8082
vn -0.0205 0.3100 -0.9505
vn -0.0103 0.1561 -0.9877
vn -0.0048 0.1563 -0.9877
vn -0.0165 0.1555 0.9877
vn -0.0328 0.3091 0.9505
vn -0.0622 0.5858 0.8081
vn -0.0855 0.8051 0.5869
vn -0.0659 0.9947 0.0784
vn -0.1004 0.9459 0.3085
vn -0.1053 0.9913 -0.0784
vn -0.1004 0.9459 -0.3085
vn -0.0855 0.8051 -0.5869
vn -0.0622 0.5858 -0.8081
vn -0.0328 0.3091 -0.9505
vn -0.0165 0.1555 -0.9877
vn -0.0231 0.1547 0.9877
vn -0.0459 0.3075 0.9504
vn -0.0869 0.5827 0.8081
vn -0.1194 0.8008 0.5869
vn -0.1053 0.9913 0.0784
vn -0.1403 0.9408 0.3085
vn -0.1471 0.9860 -0.0784
vn -0.1403 0.9408 -0.3085
vn -0.1194 0.8008 -0.5869
vn -0.0869 0.5827 -0.8081
vn -0.0459 0.3075 -0.9504
vn -0.0231 0.1547 -0.9877
vn -0.0590 0.3052 0.9504
vn -0.1119 0.5784 0.8081
vn -0.1537 0.7950 0.5869
vn -0.1806 0.9339 0.3085
vn -0.1893 0.9788 0.0784
vn -0.1471 0.9860 0.0784
vn -0.1893 0.9788 -0.0784
vn -0.1806 0.9339 -0.3085
vn -0.1537 0.7950 -0.5869
vn -0.1119 0.5784 -0.8081
vn -0.0590 0.3052 -0.9504
vn -0.0717 0.3024 0.9505
vn -0.0297 0.1536 0.9877
vn -0.1359 0.5731 0.8081
vn -0.1868 0.7878 0.5869
vn -0.2194 0.9256 0.3085
vn -0.2300 0.9700 0.0784
vn -0.2300 0.9700 -0.0784
vn -0.2194 0.9256 -0.3085
vn -0.1868 0.7878 -0.5869
vn -0.1359 0.5731 -0.8081
vn -0.0297 0.1536 -0.9877
vn -0.0717 0.3024 -0.9505
vn -0.0833 0.2992 0.9505
vn -0.0361 0.1522 0.9877
vn -0.1580 0.5673 0.8082
vn -0.2172 0.7799 0.5870
vn -0.2552 0.9164 0.3085
vn -0.2674 0.9604 0.0784
vn -0.2674 0.9604 -0.0784
vn -0.2552 0.9164 -0.3085
vn -0.2172 0.7799 -0.5870
vn -0.1580 0.5673 -0.8082
vn -0.0361 0.1522 -0.9877
vn -0.0833 0.2992 -0.9505
vn -0.0936 0.2960 0.9506
vn -0.0420 0.1507 0.9877
vn -0.1775 0.5614 0.8083
vn -0.2441 0.7719 0.5871
vn -0.2868 0.9069 0.3086
vn -0.3006 0.9505 0.0784
vn -0.3006 0.9505 -0.0784
vn -0.2868 0.9069 -0.3086
vn -0.2441 0.7719 -0.5871
vn -0.1775 0.5614 -0.8083
vn -0.0420 0.1507 -0.9877
vn -0.0936 0.2960 -0.9506
vn -0.1024 0.2929 0.9507
vn -0.0472 0.1491 0.9877
vn -0.1942 0.5557 0.8084
vn -0.2671 0.7641 0.5872
vn -0.3138 0.8979 0.3086
vn -0.3289 0.9411 0.0784
vn -0.3289 0.9411 -0.0784
vn -0.3138 0.8979 -0.3086
vn -0.2671 0.7641 -0.5872
vn -0.1942 0.5557 -0.8084
vn -0.0472 0.1491 -0.9877
vn -0.1024 0.2929 -0.9507
vn -0.1096 0.2900 0.9507
vn -0.0516 0.1477 0.9877
vn -0.2080 0.5505 0.8085
vn -0.2861 0.7571 0.5873
vn -0.3362 0.8898 0.3087
vn -0.3524 0.9326 0.0784
vn -0.3524 0.9326 -0.0784
vn -0.3362 0.8898 -0.3087
vn -0.2861 0.7571 -0.5873
vn -0.2080 0.5505 -0.8085
vn -0.0516 0.1477 -0.9877
vn -0.1096 0.2900 -0.9507
vn -0.1154 0.2875 0.9508
vn -0.0553 0.1463 0.9877
vn -0.2191 0.5460 0.8086
vn -0.3014 0.7511 0.5874
vn -0.3542 0.8827 0.3088
vn -0.3712 0.9252 0.0784
vn -0.3712 0.9252 -0.0784
vn -0.3542 0.8827 -0.3088
vn -0.3014 0.7511 -0.5874
vn -0.2191 0.5460 -0.8086
vn -0.0553 0.1463 -0.9877
vn -0.1154 0.2875 -0.9508
vn -0.1084 0.0726 0.9915
vn -0.0583 0.1452 0.9877
vn -0.2559 0.1714 0.9514
vn -0.4629 0.3100 0.8304
vn -0.6473 0.4335 0.6269
vn -0.7811 0.5231 0.3410
vn -0.8274 0.5541 -0.0911
vn -0.7811 0.5231 -0.3410
vn -0.6473 0.4335 -0.6269
vn -0.4629 0.3100 -0.8304
vn -0.2559 0.1714 -0.9514
vn -0.1084 0.0726 -0.9915
vn -0.0582 0.1452 -0.9877
vn -0.0422 -0.0698 0.9967
vn -0.1150 -0.1906 0.9749
vn -0.2148 -0.3559 0.9095
vn -0.3345 -0.5541 0.7623
vn -0.8274 0.5541 0.0911
vn -0.4585 -0.7596 0.4613
vn -0.5119 -0.8480 -0.1375
vn -0.4585 -0.7596 -0.4613
vn -0.3345 -0.5541 -0.7623
vn -0.2148 -0.3559 -0.9095
vn -0.1150 -0.1906 -0.9749
vn -0.0422 -0.0698 -0.9967
vn 0.1381 -0.2745 0.9516
vn 0.2635 -0.5240 0.8099
vn 0.3632 -0.7221 0.5887
vn 0.4272 -0.8495 0.3096
vn 0.4479 -0.8906 0.0785
vn -0.5119 -0.8480 0.1375
vn 0.4479 -0.8906 -0.0786
vn 0.4272 -0.8495 -0.3096
vn 0.3632 -0.7221 -0.5887
vn 0.2635 -0.5240 -0.8099
vn 0.1381 -0.2745 -0.9516
vn 0.1276 -0.2795 0.9516
vn 0.0703 -0.1397 0.9877
vn 0.2436 -0.5335 0.8100
vn 0.3357 -0.7353 0.5888
vn 0.3949 -0.8650 0.3096
vn 0.4141 -0.9069 0.0785
vn 0.4141 -0.9069 -0.0785
vn 0.3949 -0.8650 -0.3096
vn 0.3357 -0.7353 -0.5888
vn 0.2436 -0.5335 -0.8100
vn 0.0703 -0.1397 -0.9877
vn 0.1276 -0.2795 -0.9516
vn 0.1167 -0.2842 0.9516
vn 0.0650 -0.1423 0.9877
vn 0.2228 -0.5425 0.8100
vn 0.3070 -0.7477 0.5888
vn 0.3612 -0.8796 0.3096
vn 0.3787 -0.9222 0.0786
vn 0.3787 -0.9222 -0.0785
vn 0.3612 -0.8796 -0.3096
vn 0.3070 -0.7477 -0.5888
vn 0.2228 -0.5425 -0.8100
vn 0.0650 -0.1423 -0.9877
vn 0.1167 -0.2842 -0.9516
vn 0.1053 -0.2885 0.9517
vn 0.0594 -0.1447 0.9877
vn 0.2011 -0.5509 0.8100
vn 0.2771 -0.7593 0.5888
vn 0.3260 -0.8932 0.3097
vn 0.3418 -0.9365 0.0785
vn 0.3418 -0.9365 -0.0785
vn 0.3260 -0.8932 -0.3097
vn 0.2771 -0.7593 -0.5888
vn 0.2011 -0.5509 -0.8100
vn 0.0594 -0.1447 -0.9877
vn 0.1053 -0.2885 -0.9517
vn 0.0935 -0.2925 0.9517
vn 0.0536 -0.1469 0.9877
vn 0.1785 -0.5585 0.8100
vn 0.2460 -0.7699 0.5888
vn 0.2894 -0.9057 0.3097
vn 0.3035 -0.9496 0.0786
vn 0.3035 -0.9496 -0.0786
vn 0.2894 -0.9057 -0.3097
vn 0.2460 -0.7699 -0.5888
vn 0.1785 -0.5585 -0.8100
vn 0.0536 -0.1469 -0.9877
vn 0.0935 -0.2925 -0.9517
vn 0.0812 -0.2961 0.9517
vn 0.0476 -0.1490 0.9877
vn 0.1551 -0.5654 0.8101
vn 0.2138 -0.7794 0.5889
vn 0.2515 -0.9170 0.3097
vn 0.2637 -0.9614 0.0786
vn 0.2637 -0.9614 -0.0786
vn 0.2515 -0.9170 -0.3097
vn 0.2138 -0.7794 -0.5889
vn 0.1551 -0.5654 -0.8101
vn 0.0476 -0.1490 -0.9877
vn 0.0812 -0.2961 -0.9517
vn 0.0685 -0.2993 0.9517
vn 0.0414 -0.1508 0.9877
vn 0.1309 -0.5715 0.8101
vn 0.1804 -0.7878 0.5889
vn 0.2122 -0.9268 0.3097
vn 0.2225 -0.9718 0.0786
vn 0.2225 -0.9718 -0.0786
vn 0.2122 -0.9268 -0.3097
vn 0.1804 -0.7878 -0.5889
vn 0.1309 -0.5715 -0.8101
vn 0.0414 -0.1508 -0.9877
vn 0.0685 -0.2993 -0.9517
vn 0.0555 -0.3019 0.9517
vn 0.0349 -0.1525 0.9877
vn 0.1059 -0.5766 0.8101
vn 0.1460 -0.7949 0.5889
vn 0.1718 -0.9352 0.3097
vn 0.1801 -0.9805 0.0786
vn 0.1801 -0.9805 -0.0786
vn 0.1718 -0.9352 -0.3097
vn 0.1460 -0.7949 -0.5889
vn 0.1059 -0.5766 -0.8101
vn 0.0349 -0.1525 -0.9877
vn 0.0555 -0.3019 -0.9517
vn 0.0420 -0.3040 0.9517
vn 0.0283 -0.1538 0.9877
vn 0.0802 -0.5807 0.8101
vn 0.1106 -0.8006 0.5889
vn 0.1302 -0.9419 0.3097
vn 0.1365 -0.9875 0.0786
vn 0.1365 -0.9875 -0.0786
vn 0.1302 -0.9419 -0.3097
vn 0.1106 -0.8006 -0.5889
vn 0.0802 -0.5807 -0.8101
vn 0.0283 -0.1538 -0.9877
vn 0.0420 -0.3040 -0.9517
vn 0.0283 -0.3056 0.9517
vn 0.0214 -0.1549 0.9877
vn 0.0540 -0.5837 0.8102
vn 0.0744 -0.8047 0.5890
vn 0.0875 -0.9468 0.3098
vn 0.0918 -0.9927 0.0786
vn 0.0918 -0.9927 -0.0786
vn 0.0875 -0.9468 -0.3098
vn 0.0744 -0.8047 -0.5890
vn 0.0540 -0.5837 -0.8102
vn 0.0214 -0.1549 -0.9877
vn 0.0283 -0.3056 -0.9517
vn 0.0142 -0.3065 0.9518
vn 0.0144 -0.1557 0.9877
vn 0.0272 -0.5855 0.8102
vn 0.0375 -0.8073 0.5890
vn 0.0441 -0.9498 0.3098
vn 0.0462 -0.9958 0.0786
vn 0.0462 -0.9958 -0.0786
vn 0.0441 -0.9498 -0.3098
vn 0.0375 -0.8073 -0.5890
vn 0.0272 -0.5855 -0.8102
vn 0.0144 -0.1557 -0.9877
vn 0.0142 -0.3065 -0.9518
vn -0.0061 -0.3048 0.9524
vn 0.0073 -0.1562 0.9877
vn -0.0118 -0.5845 0.8113
vn -0.0163 -0.8071 0.5902
vn -0.0191 -0.9504 0.3105
vn -0.0201 -0.9967 0.0787
vn -0.0201 -0.9967 -0.0787
vn -0.0191 -0.9504 -0.3105
vn -0.0163 -0.8071 -0.5902
vn -0.0118 -0.5845 -0.8113
vn 0.0073 -0.1562 -0.9877
vn -0.0061 -0.3048 -0.9524
vn -0.0387 -0.3002 0.9531
vn -0.0031 -0.1563 0.9877
vn -0.0744 -0.5780 0.8126
vn -0.1030 -0.7996 0.5916
vn -0.1214 -0.9425 0.3115
vn -0.1273 -0.9887 0.0789
vn -0.1273 -0.9887 -0.0789
vn -0.1214 -0.9425 -0.3115
vn -0.1030 -0.7996 -0.5916
vn -0.0744 -0.5780 -0.8126
vn -0.0031 -0.1563 -0.9877
vn -0.0387 -0.3002 -0.9531
vn -0.0771 -0.2926 0.9531
vn -0.0199 -0.1548 0.9877
vn -0.1484 -0.5635 0.8127
vn -0.2053 -0.7796 0.5917
vn -0.2420 -0.9189 0.3115
vn -0.2539 -0.9640 0.0789
vn -0.2539 -0.9640 -0.0789
vn -0.2420 -0.9189 -0.3115
vn -0.2053 -0.7796 -0.5917
vn -0.1484 -0.5635 -0.8127
vn -0.0199 -0.1548 -0.9877
vn -0.0771 -0.2926 -0.9531
vn -0.1144 -0.2801 0.9531
vn -0.0398 -0.1510 0.9877
vn -0.2203 -0.5395 0.8127
vn -0.3048 -0.7463 0.5917
vn -0.3592 -0.8797 0.3115
vn -0.3769 -0.9229 0.0789
vn -0.3769 -0.9229 -0.0789
vn -0.3592 -0.8797 -0.3115
vn -0.3048 -0.7464 -0.5917
vn -0.2203 -0.5395 -0.8127
vn -0.0398 -0.1510 -0.9877
vn -0.1144 -0.2801 -0.9531
vn -0.1499 -0.2628 0.9531
vn -0.0590 -0.1445 0.9877
vn -0.2886 -0.5062 0.8127
vn -0.3993 -0.7003 0.5917
vn -0.4707 -0.8255 0.3115
vn -0.4938 -0.8660 0.0789
vn -0.4938 -0.8660 -0.0789
vn -0.4707 -0.8255 -0.3115
vn -0.3993 -0.7003 -0.5917
vn -0.2886 -0.5062 -0.8127
vn -0.0590 -0.1445 -0.9877
vn -0.1499 -0.2628 -0.9531
vn -0.1829 -0.2410 0.9531
vn -0.0773 -0.1356 0.9877
vn -0.3522 -0.4642 0.8127
vn -0.4873 -0.6422 0.5917
vn -0.5743 -0.7570 0.3115
vn -0.6025 -0.7942 0.0789
vn -0.6025 -0.7942 -0.0789
vn -0.5743 -0.7570 -0.3115
vn -0.4873 -0.6422 -0.5917
vn -0.3522 -0.4642 -0.8127
vn -0.0773 -0.1356 -0.9877
vn -0.1829 -0.2410 -0.9531
vn -0.2128 -0.2150 0.9531
vn -0.0944 -0.1244 0.9877
vn -0.4098 -0.4142 0.8127
vn -0.5670 -0.5730 0.5917
vn -0.6684 -0.6754 0.3115
vn -0.7012 -0.7086 0.0789
vn -0.7012 -0.7086 -0.0789
vn -0.6684 -0.6754 -0.3115
vn -0.5670 -0.5730 -0.5917
vn -0.4098 -0.4142 -0.8127
vn -0.0944 -0.1244 -0.9877
vn -0.2128 -0.2150 -0.9531
vn -0.2391 -0.1853 0.9532
vn -0.1098 -0.1110 0.9877
vn -0.4606 -0.3569 0.8127
vn -0.6373 -0.4937 0.5917
vn -0.7512 -0.5820 0.3115
vn -0.7881 -0.6105 0.0789
vn -0.7881 -0.6105 -0.0789
vn -0.7512 -0.5820 -0.3116
vn -0.6373 -0.4937 -0.5917
vn -0.4606 -0.3569 -0.8127
vn -0.1098 -0.1110 -0.9877
vn -0.2391 -0.1853 -0.9532
vn -0.2614 -0.1522 0.9532
vn -0.1234 -0.0956 0.9877
vn -0.5035 -0.2931 0.8127
vn -0.6967 -0.4056 0.5917
vn -0.8212 -0.4780 0.3116
vn -0.8615 -0.5015 0.0789
vn -0.8615 -0.5015 -0.0789
vn -0.8212 -0.4780 -0.3116
vn -0.6967 -0.4056 -0.5917
vn -0.5035 -0.2931 -0.8127
vn -0.1234 -0.0956 -0.9877
vn -0.2614 -0.1522 -0.9532
vn -0.2792 -0.1163 0.9532
vn -0.1349 -0.0785 0.9877
vn -0.5378 -0.2241 0.8127
vn -0.7441 -0.3100 0.5917
vn -0.8771 -0.3655 0.3116
vn -0.9202 -0.3834 0.0789
vn -0.9202 -0.3834 -0.0789
vn -0.8771 -0.3655 -0.3116
vn -0.7441 -0.3100 -0.5917
vn -0.5378 -0.2241 -0.8127
vn -0.1349 -0.0785 -0.9877
vn -0.2792 -0.1163 -0.9532
vn -0.1508 -0.0405 0.9877
vn -0.1441 -0.0600 0.9877
vn -0.2921 -0.0784 0.9532
vn -0.5627 -0.1511 0.8127
vn -0.7785 -0.2091 0.5917
vn -0.9177 -0.2464 0.3116
vn -0.9628 -0.2585 -0.0789
vn -0.9177 -0.2464 -0.3116
vn -0.7785 -0.2091 -0.5917
vn -0.5627 -0.1511 -0.8127
vn -0.2921 -0.0784 -0.9532
vn -0.1508 -0.0405 -0.9877
vn -0.1441 -0.0600 -0.9877
vn -0.1548 -0.0203 0.9877
vn -0.2999 -0.0394 0.9531
vn -0.5777 -0.0758 0.8127
vn -0.7993 -0.1049 0.5917
vn -0.9628 -0.2585 0.0789
vn -0.9422 -0.1236 0.3115
vn -0.9884 -0.1297 -0.0789
vn -0.9422 -0.1236 -0.3115
vn -0.7993 -0.1049 -0.5917
vn -0.5777 -0.0758 -0.8127
vn -0.2999 -0.0393 -0.9531
vn -0.1548 -0.0203 -0.9877
vn -0.1561 -0.0001 0.9877
vn -0.3027 -0.0003 0.9531
vn -0.5828 -0.0005 0.8126
vn -0.8062 -0.0007 0.5916
vn -0.9884 -0.1297 0.0789
vn -0.9503 -0.0008 0.3115
vn -0.9969 -0.0009 -0.0789
vn -0.9503 -0.0008 -0.3115
vn -0.8062 -0.0007 -0.5916
vn -0.5828 -0.0005 -0.8126
vn -0.3027 -0.0003 -0.9531
vn -0.1561 -0.0001 -0.9877
vn -0.3001 0.0387 0.9531
vn -0.5779 0.0746 0.8127
vn -0.7995 0.1032 0.5917
vn -0.9424 0.1217 0.3115
vn -0.9887 0.1277 0.0789
vn -0.9969 -0.0009 0.0789
vn -0.9887 0.1277 -0.0789
vn -0.9424 0.1217 -0.3115
vn -0.7995 0.1032 -0.5917
vn -0.5779 0.0746 -0.8127
vn -0.3001 0.0387 -0.9531
vn -0.2920 0.0782 0.9532
vn -0.1548 0.0200 0.9877
vn -0.5627 0.1506 0.8128
vn -0.7786 0.2084 0.5919
vn -0.9179 0.2457 0.3116
vn -0.9630 0.2578 0.0789
vn -0.9630 0.2578 -0.0789
vn -0.9179 0.2457 -0.3116
vn -0.7786 0.2084 -0.5918
vn -0.5627 0.1506 -0.8128
vn -0.1548 0.0200 -0.9877
vn -0.2920 0.0782 -0.9532
vn -0.2784 0.1172 0.9533
vn -0.1508 0.0404 0.9877
vn -0.5367 0.2260 0.8129
vn -0.7428 0.3128 0.5920
vn -0.8757 0.3687 0.3117
vn -0.9188 0.3868 0.0789
vn -0.9188 0.3868 -0.0789
vn -0.8757 0.3687 -0.3117
vn -0.7428 0.3128 -0.5920
vn -0.5367 0.2260 -0.8129
vn -0.1508 0.0404 -0.9877
vn -0.2784 0.1172 -0.9533
vn -0.2594 0.1547 0.9533
vn -0.1438 0.0606 0.9877
vn -0.5001 0.2983 0.8130
vn -0.6921 0.4129 0.5920
vn -0.8160 0.4868 0.3117
vn -0.8561 0.5107 0.0789
vn -0.8561 0.5107 -0.0789
vn -0.8160 0.4867 -0.3117
vn -0.6921 0.4129 -0.5920
vn -0.5001 0.2983 -0.8130
vn -0.1438 0.0606 -0.9877
vn -0.2594 0.1547 -0.9533
vn -0.1216 0.0979 0.9877
vn -0.1340 0.0799 0.9877
vn -0.2353 0.1894 0.9533
vn -0.4536 0.3651 0.8130
vn -0.6278 0.5054 0.5920
vn -0.7401 0.5958 0.3117
vn -0.7765 0.6251 -0.0789
vn -0.7401 0.5958 -0.3117
vn -0.6278 0.5054 -0.5920
vn -0.4536 0.3651 -0.8130
vn -0.2353 0.1894 -0.9533
vn -0.1216 0.0979 -0.9877
vn -0.1340 0.0799 -0.9877
vn -0.1068 0.1138 0.9877
vn -0.2068 0.2203 0.9533
vn -0.3987 0.4245 0.8129
vn -0.5517 0.5875 0.5920
vn -0.7765 0.6251 0.0789
vn -0.6504 0.6927 0.3117
vn -0.6824 0.7267 -0.0789
vn -0.6504 0.6927 -0.3117
vn -0.5517 0.5875 -0.5920
vn -0.3987 0.4245 -0.8129
vn -0.2068 0.2203 -0.9533
vn -0.1068 0.1138 -0.9877
vn -0.0903 0.1273 0.9877
vn -0.1750 0.2465 0.9532
vn -0.3372 0.4750 0.8128
vn -0.4666 0.6573 0.5918
vn -0.6824 0.7267 0.0789
vn -0.5500 0.7748 0.3116
vn -0.5770 0.8129 -0.0789
vn -0.5500 0.7748 -0.3116
vn -0.4666 0.6573 -0.5918
vn -0.3372 0.4750 -0.8128
vn -0.1750 0.2465 -0.9532
vn -0.0903 0.1273 -0.9877
vn -0.0727 0.1382 0.9877
vn -0.1408 0.2678 0.9531
vn -0.2712 0.5157 0.8127
vn -0.3753 0.7135 0.5917
vn -0.5770 0.8129 0.0789
vn -0.4423 0.8410 0.3115
vn -0.4640 0.8823 -0.0789
vn -0.4423 0.8410 -0.3115
vn -0.3753 0.7135 -0.5917
vn -0.2712 0.5157 -0.8127
vn -0.1408 0.2678 -0.9531
vn -0.0727 0.1382 -0.9877
vn -0.0543 0.1464 0.9877
vn -0.1054 0.2839 0.9531
vn -0.2029 0.5465 0.8125
vn -0.2806 0.7559 0.5915
vn -0.4640 0.8823 0.0789
vn -0.3307 0.8909 0.3114
vn -0.3469 0.9346 0.0789
vn -0.3307 0.8909 -0.3114
vn -0.2806 0.7559 -0.5915
vn -0.2029 0.5465 -0.8125
vn -0.1054 0.2839 -0.9531
vn -0.0543 0.1464 -0.9877
vn -0.0359 0.1520 0.9877
vn -0.0696 0.2950 0.9530
vn -0.1339 0.5676 0.8124
vn -0.1852 0.7849 0.5913
vn -0.2183 0.9249 0.3113
vn -0.2290 0.9702 -0.0788
vn -0.3469 0.9346 -0.0789
vn -0.2183 0.9249 -0.3113
vn -0.1852 0.7849 -0.5913
vn -0.1339 0.5675 -0.8124
vn -0.0696 0.2950 -0.9530
vn -0.0359 0.1520 -0.9877
vn -0.0177 0.1552 0.9877
vn -0.0343 0.3014 0.9529
vn -0.0660 0.5796 0.8122
vn -0.0912 0.8014 0.5912
vn -0.2290 0.9702 0.0788
vn -0.1075 0.9443 0.3112
vn -0.1128 0.9905 -0.0788
vn -0.1075 0.9443 -0.3112
vn -0.0912 0.8014 -0.5912
vn -0.0660 0.5796 -0.8122
vn -0.0343 0.3014 -0.9529
vn -0.0177 0.1552 -0.9877
vn -0.0029 0.1563 0.9877
vn -0.0056 0.3054 0.9522
vn -0.0108 0.5850 0.8110
vn -0.0149 0.8074 0.5898
vn -0.1128 0.9905 0.0788
vn -0.0175 0.9505 0.3103
vn -0.0184 0.9967 0.0787
vn -0.0175 0.9505 -0.3103
vn -0.0149 0.8074 -0.5898
vn -0.0108 0.5850 -0.8110
vn -0.0056 0.3054 -0.9522
vn -0.0029 0.1563 -0.9877
vn 0.0058 0.1563 0.9877
vn 0.0113 0.3071 0.9516
vn 0.0216 0.5861 0.8099
vn 0.0298 0.8078 0.5887
vn 0.0350 0.9502 0.3096
vn 0.0367 0.9962 -0.0785
vn -0.0184 0.9967 -0.0787
vn 0.0350 0.9502 -0.3096
vn 0.0298 0.8078 -0.5887
vn 0.0216 0.5861 -0.8099
vn 0.0113 0.3071 -0.9516
vn 0.0058 0.1563 -0.9877
vn 0.0113 0.1560 0.9877
vn 0.0223 0.3066 0.9516
vn 0.0425 0.5851 0.8099
vn 0.0585 0.8063 0.5887
vn 0.0367 0.9962 0.0785
vn 0.0688 0.9484 0.3096
vn 0.0722 0.9943 -0.0785
vn 0.0688 0.9484 -0.3096
vn 0.0585 0.8063 -0.5887
vn 0.0425 0.5851 -0.8099
vn 0.0223 0.3066 -0.9516
vn 0.0113 0.1560 -0.9877
vn 0.0166 0.1555 0.9877
vn 0.0327 0.3058 0.9516
vn 0.0623 0.5833 0.8098
vn 0.0858 0.8038 0.5886
vn 0.0722 0.9943 0.0785
vn 0.1010 0.9455 0.3095
vn 0.1059 0.9913 -0.0785
vn 0.1010 0.9455 -0.3095
vn 0.0858 0.8038 -0.5886
vn 0.0623 0.5833 -0.8098
vn 0.0327 0.3058 -0.9516
vn 0.0166 0.1555 -0.9877
vn 0.0216 0.1549 0.9877
vn 0.0424 0.3046 0.9515
vn 0.0810 0.5811 0.8098
vn 0.1115 0.8007 0.5886
vn 0.1059 0.9913 0.0785
vn 0.1312 0.9418 0.3095
vn 0.1376 0.9874 -0.0785
vn 0.1312 0.9418 -0.3095
vn 0.1115 0.8007 -0.5886
vn 0.0810 0.5811 -0.8098
vn 0.0424 0.3046 -0.9515
vn 0.0216 0.1549 -0.9877
vn 0.0262 0.1542 0.9877
vn 0.0516 0.3033 0.9515
vn 0.0983 0.5785 0.8097
vn 0.1355 0.7971 0.5885
vn 0.1375 0.9874 0.0785
vn 0.1593 0.9375 0.3095
vn 0.1670 0.9828 -0.0785
vn 0.1593 0.9375 -0.3095
vn 0.1355 0.7971 -0.5885
vn 0.0983 0.5785 -0.8097
vn 0.0516 0.3033 -0.9515
vn 0.0262 0.1542 -0.9877
vn 0.0305 0.1534 0.9877
vn 0.0599 0.3019 0.9515
vn 0.1143 0.5757 0.8097
vn 0.1575 0.7931 0.5884
vn 0.1670 0.9828 0.0785
vn 0.1852 0.9327 0.3094
vn 0.1941 0.9778 -0.0785
vn 0.1852 0.9327 -0.3094
vn 0.1575 0.7931 -0.5884
vn 0.1143 0.5757 -0.8097
vn 0.0599 0.3019 -0.9515
vn 0.0305 0.1534 -0.9877
vn 0.0343 0.1526 0.9877
vn 0.0676 0.3004 0.9514
vn 0.1288 0.5727 0.8096
vn 0.1774 0.7889 0.5884
vn 0.1941 0.9778 0.0785
vn 0.2087 0.9278 0.3094
vn 0.2188 0.9726 -0.0785
vn 0.2087 0.9278 -0.3094
vn 0.1774 0.7889 -0.5884
vn 0.1288 0.5727 -0.8096
vn 0.0676 0.3004 -0.9514
vn 0.0343 0.1526 -0.9877
vn 0.0378 0.1518 0.9877
vn 0.0744 0.2989 0.9514
vn 0.1418 0.5697 0.8095
vn 0.1954 0.7847 0.5883
vn 0.2188 0.9726 0.0785
vn 0.2297 0.9228 0.3093
vn 0.2408 0.9674 -0.0785
vn 0.2297 0.9228 -0.3093
vn 0.1954 0.7847 -0.5883
vn 0.1418 0.5697 -0.8095
vn 0.0744 0.2989 -0.9514
vn 0.0378 0.1518 -0.9877
vn 0.0408 0.1510 0.9877
vn 0.0805 0.2975 0.9513
vn 0.1533 0.5668 0.8095
vn 0.2111 0.7806 0.5882
vn 0.2408 0.9674 0.0785
vn 0.2483 0.9180 0.3093
vn 0.2603 0.9623 -0.0785
vn 0.2483 0.9180 -0.3093
vn 0.2111 0.7806 -0.5882
vn 0.1533 0.5668 -0.8095
vn 0.0805 0.2975 -0.9513
vn 0.0408 0.1510 -0.9877
vn 0.0435 0.1503 0.9877
vn 0.0857 0.2961 0.9513
vn 0.1632 0.5641 0.8094
vn 0.2248 0.7769 0.5882
vn 0.2603 0.9623 0.0785
vn 0.2643 0.9135 0.3093
vn 0.2771 0.9576 -0.0785
vn 0.2643 0.9135 -0.3093
vn 0.2248 0.7769 -0.5882
vn 0.1632 0.5641 -0.8094
vn 0.0857 0.2961 -0.9513
vn 0.0435 0.1503 -0.9877
vn 0.0457 0.1496 0.9877
vn 0.0901 0.2950 0.9513
vn 0.1716 0.5617 0.8093
vn -0.9392 0.3234 0.1156
vn 0.2771 0.9576 0.0785
vn -0.9262 0.3720 0.0612
vn -0.9403 0.3402 -0.0080
vn -0.9262 0.3721 -0.0608
vn -0.9387 0.3237 -0.1187
vn 0.1716 0.5617 -0.8093
vn 0.0901 0.2950 -0.9513
vn 0.0457 0.1496 -0.9877
vn 0.1651 0.1214 0.9788
vn 0.3740 0.2749 0.8857
vn 0.6096 -0.7822 0.1285
vn -0.9407 0.3391 0.0081
vn 0.6530 -0.7538 0.0730
vn 0.6311 -0.7756 -0.0097
vn 0.6530 -0.7538 -0.0730
vn 0.6096 -0.7822 -0.1285
vn 0.3740 0.2749 -0.8858
vn 0.1651 0.1214 -0.9788
vn 0.1203 -0.1203 0.9854
vn 0.1020 0.0750 0.9920
vn 0.2882 -0.2882 0.9132
vn 0.4666 -0.4666 0.7513
vn 0.6319 -0.6319 0.4487
vn 0.7023 -0.7024 0.1158
vn 0.6311 -0.7756 0.0097
vn 0.7023 -0.7024 -0.1158
vn 0.6319 -0.6319 -0.4487
vn 0.4666 -0.4666 -0.7513
vn 0.2882 -0.2882 -0.9132
vn 0.1020 0.0750 -0.9920
vn 0.1203 -0.1203 -0.9854
vn 0.0787 -0.0787 0.9938
vn 0.1980 -0.1980 0.9600
vn 0.3610 -0.3610 0.8599
vn 0.5226 -0.5226 0.6736
vn 0.6543 -0.6543 0.3792
vn 0.7032 -0.7032 0.1049
vn 0.6543 -0.6543 -0.3793
vn 0.5226 -0.5226 -0.6736
vn 0.3610 -0.3610 -0.8599
vn 0.1980 -0.1980 -0.9600
vn 0.0787 -0.0787 -0.9938
vn 0.1980 0.1980 0.9600
vn 0.5226 0.5226 0.6736
vn 0.6543 0.6543 0.3792
vn 0.7032 0.7032 0.1049
vn 0.7032 -0.7032 -0.1049
vn 0.6543 0.6543 -0.3792
vn 0.5226 0.5226 -0.6736
vn 0.3610 0.3610 -0.8599
vn 0.1980 0.1980 -0.9600
vn 0.0787 0.0787 -0.9938
vn -0.0787 0.0787 0.9938
vn 0.0787 0.0787 0.9938
vn -0.3610 0.3610 0.8599
vn 0.3610 0.3610 0.8599
vn -0.5226 0.5226 0.6736
vn -0.7032 0.7032 0.1049
vn -0.7032 0.7032 -0.1049
vn 0.7032 0.7032 -0.1049
vn -0.6543 0.6543 -0.3792
vn -0.5226 0.5226 -0.6736
vn -0.3610 0.3610 -0.8599
vn -0.0787 0.0787 -0.9938
vn -0.2572 -0.1703 0.9512
vn -0.1980 0.1980 0.9600
vn -0.4653 -0.3081 0.8298
vn -0.6502 -0.4306 0.6259
vn -0.7840 -0.5192 0.3402
vn -0.6543 0.6543 0.3792
vn -0.8303 -0.5498 0.0908
vn -0.8303 -0.5498 -0.0908
vn -0.7840 -0.5192 -0.3402
vn -0.6502 -0.4306 -0.6259
vn -0.1980 0.1980 -0.9600
vn -0.4653 -0.3081 -0.8298
vn -0.2572 -0.1703 -0.9512
vn -0.1092 -0.0723 0.9914
vn -0.1092 -0.0723 -0.9914
vn -0.0382 0.3117 0.9494
vn -0.0385 0.1513 0.9877
vn -0.0190 0.1550 0.9877
vn -0.0719 0.5867 0.8066
vn -0.0775 0.3046 0.9493
vn -0.0987 0.8046 0.5856
vn -0.1457 0.5730 0.8065
vn -0.1158 0.9444 0.3077
vn -0.1998 0.7857 0.5855
vn -0.1213 0.9895 0.0784
vn -0.2345 0.9221 0.3077
vn -0.1213 0.9895 -0.0784
vn -0.2457 0.9662 0.0784
vn -0.2345 0.9221 -0.3077
vn -0.1158 0.9444 -0.3077
vn -0.1998 0.7857 -0.5855
vn -0.0987 0.8046 -0.5856
vn -0.1457 0.5730 -0.8065
vn -0.0719 0.5867 -0.8066
vn -0.0775 0.3046 -0.9493
vn -0.0382 0.3117 -0.9494
vn -0.0385 0.1513 -0.9877
vn -0.0190 0.1550 -0.9877
vn -0.0579 0.1449 0.9877
vn -0.1167 0.2919 0.9493
vn -0.2195 0.5490 0.8065
vn -0.3010 0.7528 0.5855
vn -0.3532 0.8835 0.3077
vn -0.3701 0.9257 -0.0784
vn -0.2457 0.9662 -0.0784
vn -0.3532 0.8835 -0.3077
vn -0.3010 0.7528 -0.5855
vn -0.2195 0.5490 -0.8065
vn -0.1167 0.2919 -0.9493
vn -0.0579 0.1449 -0.9877
vn -0.0768 0.1359 0.9877
vn -0.1548 0.2738 0.9493
vn -0.2910 0.5148 0.8064
vn -0.3990 0.7058 0.5854
vn -0.3701 0.9257 0.0784
vn -0.4682 0.8283 0.3077
vn -0.4906 0.8679 -0.0784
vn -0.4682 0.8283 -0.3077
vn -0.3990 0.7058 -0.5854
vn -0.2910 0.5148 -0.8064
vn -0.1548 0.2738 -0.9493
vn -0.0768 0.1359 -0.9877
vn -0.0945 0.1242 0.9877
vn -0.1904 0.2503 0.9493
vn -0.3580 0.4707 0.8064
vn -0.4908 0.6453 0.5854
vn -0.4906 0.8679 0.0784
vn -0.5760 0.7574 0.3077
vn -0.6035 0.7935 0.0784
vn -0.5760 0.7574 -0.3077
vn -0.4908 0.6453 -0.5854
vn -0.3580 0.4707 -0.8064
vn -0.1904 0.2503 -0.9493
vn -0.0945 0.1242 -0.9877
vn -0.2225 0.2222 0.9493
vn -0.4184 0.4178 0.8064
vn -0.5737 0.5729 0.5854
vn -0.6733 0.6723 0.3077
vn -0.7054 0.7044 0.0784
vn -0.7054 0.7044 -0.0784
vn -0.6035 0.7935 -0.0784
vn -0.6733 0.6723 -0.3077
vn -0.5737 0.5729 -0.5854
vn -0.4184 0.4178 -0.8064
vn -0.2225 0.2222 -0.9493
vn -0.2504 0.1902 0.9493
vn -0.1104 0.1103 0.9877
vn -0.4709 0.3576 0.8064
vn -0.6457 0.4903 0.5854
vn -0.7578 0.5754 0.3077
vn -0.7940 0.6029 0.0784
vn -0.7940 0.6029 -0.0784
vn -0.7578 0.5754 -0.3077
vn -0.6457 0.4903 -0.5854
vn -0.4709 0.3576 -0.8064
vn -0.1104 0.1103 -0.9877
vn -0.2504 0.1902 -0.9493
vn -0.2735 0.1550 0.9493
vn -0.1243 0.0944 0.9877
vn -0.5144 0.2916 0.8065
vn -0.7053 0.3997 0.5855
vn -0.8278 0.4692 0.3077
vn -0.8673 0.4916 0.0784
vn -0.8673 0.4916 -0.0784
vn -0.8278 0.4692 -0.3077
vn -0.7053 0.3997 -0.5855
vn -0.5144 0.2916 -0.8065
vn -0.1243 0.0944 -0.9877
vn -0.2735 0.1550 -0.9493
vn -0.2915 0.1176 0.9493
vn -0.1358 0.0770 0.9877
vn -0.5483 0.2213 0.8065
vn -0.7518 0.3034 0.5855
vn -0.8823 0.3561 0.3077
vn -0.9245 0.3732 0.0784
vn -0.9245 0.3732 -0.0784
vn -0.8823 0.3561 -0.3077
vn -0.7518 0.3034 -0.5855
vn -0.5483 0.2213 -0.8065
vn -0.1358 0.0770 -0.9877
vn -0.2915 0.1176 -0.9493
vn -0.3042 0.0789 0.9493
vn -0.1448 0.0584 0.9877
vn -0.5723 0.1484 0.8065
vn -0.7847 0.2034 0.5855
vn -0.9210 0.2388 0.3077
vn -0.9650 0.2502 0.0784
vn -0.9650 0.2502 -0.0784
vn -0.9210 0.2388 -0.3077
vn -0.7847 0.2034 -0.5855
vn -0.5723 0.1484 -0.8065
vn -0.1448 0.0584 -0.9877
vn -0.3042 0.0789 -0.9493
vn -0.3117 0.0394 0.9494
vn -0.1511 0.0392 0.9877
vn -0.5865 0.0742 0.8066
vn -0.8042 0.1017 0.5855
vn -0.9440 0.1194 0.3077
vn -0.9890 0.1251 0.0784
vn -0.9890 0.1251 -0.0784
vn -0.9440 0.1194 -0.3077
vn -0.8042 0.1017 -0.5855
vn -0.5865 0.0742 -0.8066
vn -0.1511 0.0392 -0.9877
vn -0.3117 0.0394 -0.9494
vn -0.3141 -0.0000 0.9494
vn -0.1549 0.0196 0.9877
vn -0.5911 -0.0000 0.8066
vn -0.8106 -0.0000 0.5856
vn -0.9515 -0.0000 0.3077
vn -0.9969 -0.0000 0.0784
vn -0.9969 -0.0000 -0.0784
vn -0.9515 -0.0000 -0.3077
vn -0.8106 -0.0000 -0.5856
vn -0.5911 -0.0000 -0.8066
vn -0.1549 0.0196 -0.9877
vn -0.3141 -0.0000 -0.9494
vn -0.1549 -0.0195 0.9877
vn -0.1561 -0.0000 0.9877
vn -0.3117 -0.0393 0.9494
vn -0.5865 -0.0740 0.8066
vn -0.8043 -0.1014 0.5855
vn -0.9440 -0.1191 0.3077
vn -0.9891 -0.1247 -0.0784
vn -0.9440 -0.1191 -0.3077
vn -0.8043 -0.1014 -0.5855
vn -0.5865 -0.0740 -0.8066
vn -0.3117 -0.0393 -0.9494
vn -0.1549 -0.0195 -0.9877
vn -0.1561 -0.0000 -0.9877
vn -0.1512 -0.0389 0.9877
vn -0.3043 -0.0784 0.9494
vn -0.5725 -0.1474 0.8066
vn -0.7850 -0.2022 0.5855
vn -0.9891 -0.1247 0.0784
vn -0.9214 -0.2373 0.3077
vn -0.9654 -0.2486 -0.0784
vn -0.9214 -0.2373 -0.3077
vn -0.7850 -0.2022 -0.5855
vn -0.5725 -0.1474 -0.8066
vn -0.3043 -0.0784 -0.9494
vn -0.1512 -0.0389 -0.9877
vn -0.1450 -0.0579 0.9877
vn -0.2918 -0.1166 0.9493
vn -0.5490 -0.2194 0.8065
vn -0.7528 -0.3009 0.5855
vn -0.9654 -0.2486 0.0784
vn -0.8835 -0.3531 0.3077
vn -0.9257 -0.3700 -0.0784
vn -0.8835 -0.3531 -0.3077
vn -0.7528 -0.3009 -0.5855
vn -0.5490 -0.2194 -0.8065
vn -0.2918 -0.1166 -0.9493
vn -0.1450 -0.0579 -0.9877
vn -0.1362 -0.0763 0.9877
vn -0.2743 -0.1535 0.9493
vn -0.5159 -0.2888 0.8065
vn -0.7074 -0.3960 0.5855
vn -0.9257 -0.3700 0.0784
vn -0.8303 -0.4648 0.3077
vn -0.8699 -0.4870 -0.0784
vn -0.8303 -0.4648 -0.3077
vn -0.7074 -0.3960 -0.5855
vn -0.5159 -0.2888 -0.8065
vn -0.2743 -0.1535 -0.9493
vn -0.1362 -0.0763 -0.9877
vn -0.1250 -0.0935 0.9877
vn -0.2517 -0.1884 0.9493
vn -0.4733 -0.3544 0.8065
vn -0.6490 -0.4859 0.5855
vn -0.8699 -0.4870 0.0784
vn -0.7617 -0.5702 0.3077
vn -0.7981 -0.5975 -0.0784
vn -0.7617 -0.5702 -0.3077
vn -0.6490 -0.4859 -0.5855
vn -0.4733 -0.3544 -0.8065
vn -0.2517 -0.1884 -0.9493
vn -0.1250 -0.0935 -0.9877
vn -0.1113 -0.1094 0.9877
vn -0.2242 -0.2205 0.9493
vn -0.4216 -0.4146 0.8064
vn -0.5780 -0.5685 0.5854
vn -0.7981 -0.5975 0.0784
vn -0.6784 -0.6672 0.3077
vn -0.7108 -0.6990 -0.0784
vn -0.6784 -0.6672 -0.3077
vn -0.5780 -0.5685 -0.5854
vn -0.4216 -0.4146 -0.8064
vn -0.2242 -0.2205 -0.9493
vn -0.1113 -0.1094 -0.9877
vn -0.0954 -0.1235 0.9877
vn -0.1923 -0.2489 0.9493
vn -0.3615 -0.4680 0.8064
vn -0.4957 -0.6416 0.5854
vn -0.7108 -0.6990 0.0784
vn -0.5817 -0.7530 0.3077
vn -0.6095 -0.7889 -0.0784
vn -0.5817 -0.7530 -0.3077
vn -0.4957 -0.6416 -0.5854
vn -0.3615 -0.4680 -0.8064
vn -0.1923 -0.2489 -0.9493
vn -0.0954 -0.1235 -0.9877
vn -0.1566 -0.2727 0.9493
vn -0.2945 -0.5128 0.8064
vn -0.4037 -0.7031 0.5854
vn -0.4738 -0.8251 0.3077
vn -0.4964 -0.8645 0.0784
vn -0.6095 -0.7889 0.0784
vn -0.4964 -0.8645 -0.0784
vn -0.4738 -0.8251 -0.3077
vn -0.4037 -0.7031 -0.5854
vn -0.2945 -0.5128 -0.8064
vn -0.1566 -0.2727 -0.9493
vn -0.1183 -0.2914 0.9493
vn -0.0777 -0.1353 0.9877
vn -0.2224 -0.5479 0.8064
vn -0.3049 -0.7512 0.5854
vn -0.3578 -0.8816 0.3077
vn -0.3749 -0.9237 0.0784
vn -0.3749 -0.9237 -0.0784
vn -0.3578 -0.8816 -0.3077
vn -0.3049 -0.7512 -0.5854
vn -0.2224 -0.5479 -0.8064
vn -0.0777 -0.1354 -0.9877
vn -0.1183 -0.2914 -0.9493
vn -0.0785 -0.3044 0.9493
vn -0.0587 -0.1446 0.9877
vn -0.1477 -0.5725 0.8065
vn -0.2025 -0.7850 0.5855
vn -0.2376 -0.9213 0.3077
vn -0.2490 -0.9653 0.0784
vn -0.2490 -0.9653 -0.0784
vn -0.2376 -0.9213 -0.3077
vn -0.2025 -0.7850 -0.5855
vn -0.1477 -0.5725 -0.8065
vn -0.0587 -0.1446 -0.9877
vn -0.0785 -0.3044 -0.9493
vn -0.0387 -0.3118 0.9494
vn -0.0390 -0.1512 0.9877
vn -0.0728 -0.5866 0.8066
vn -0.0999 -0.8045 0.5855
vn -0.1172 -0.9442 0.3077
vn -0.1228 -0.9893 0.0784
vn -0.1228 -0.9893 -0.0784
vn -0.1172 -0.9442 -0.3077
vn -0.0999 -0.8045 -0.5855
vn -0.0728 -0.5866 -0.8066
vn -0.0390 -0.1512 -0.9877
vn -0.0387 -0.3118 -0.9494
vn 0.0003 -0.3140 0.9494
vn -0.0192 -0.1549 0.9877
vn 0.0005 -0.5911 0.8066
vn 0.0007 -0.8106 0.5856
vn 0.0008 -0.9515 0.3077
vn 0.0008 -0.9969 0.0784
vn 0.0008 -0.9969 -0.0784
vn 0.0008 -0.9515 -0.3077
vn 0.0007 -0.8106 -0.5856
vn 0.0005 -0.5911 -0.8066
vn -0.0192 -0.1549 -0.9877
vn 0.0003 -0.3140 -0.9494
vn 0.0197 -0.1549 0.9877
vn 0.0001 -0.1561 0.9877
vn 0.0396 -0.3117 0.9493
vn 0.0745 -0.5865 0.8065
vn 0.1021 -0.8042 0.5855
vn 0.1199 -0.9439 0.3077
vn 0.1256 -0.9890 0.0784
vn 0.1199 -0.9439 -0.3077
vn 0.1021 -0.8042 -0.5855
vn 0.0745 -0.5865 -0.8065
vn 0.0396 -0.3117 -0.9493
vn 0.0197 -0.1549 -0.9877
vn 0.0001 -0.1561 -0.9877
vn 0.0397 -0.1510 0.9877
vn 0.0799 -0.3040 0.9493
vn 0.1502 -0.5719 0.8065
vn 0.2060 -0.7841 0.5855
vn 0.2418 -0.9203 0.3077
vn 0.2533 -0.9642 -0.0784
vn 0.1256 -0.9890 -0.0784
vn 0.2418 -0.9203 -0.3077
vn 0.2060 -0.7841 -0.5855
vn 0.1502 -0.5719 -0.8065
vn 0.0799 -0.3040 -0.9493
vn 0.0397 -0.1510 -0.9877
vn 0.0594 -0.1443 0.9877
vn 0.1197 -0.2908 0.9493
vn 0.2251 -0.5468 0.8064
vn 0.3086 -0.7497 0.5854
vn 0.2533 -0.9642 0.0784
vn 0.3622 -0.8799 0.3077
vn 0.3795 -0.9219 -0.0784
vn 0.3622 -0.8799 -0.3077
vn 0.3086 -0.7497 -0.5854
vn 0.2251 -0.5468 -0.8064
vn 0.1197 -0.2908 -0.9493
vn 0.0594 -0.1443 -0.9877
vn 0.0783 -0.1350 0.9877
vn 0.1578 -0.2720 0.9493
vn 0.2967 -0.5115 0.8064
vn 0.4067 -0.7013 0.5854
vn 0.3795 -0.9219 0.0784
vn 0.4774 -0.8231 0.3077
vn 0.5001 -0.8624 -0.0784
vn 0.4774 -0.8231 -0.3077
vn 0.4067 -0.7013 -0.5854
vn 0.2967 -0.5115 -0.8064
vn 0.1578 -0.2720 -0.9493
vn 0.0783 -0.1350 -0.9877
vn 0.1930 -0.2483 0.9493
vn 0.3629 -0.4669 0.8064
vn 0.4975 -0.6401 0.5854
vn 0.5839 -0.7513 0.3077
vn 0.6117 -0.7872 0.0784
vn 0.5001 -0.8624 0.0784
vn 0.6117 -0.7872 -0.0784
vn 0.5839 -0.7513 -0.3077
vn 0.4975 -0.6401 -0.5854
vn 0.3629 -0.4669 -0.8064
vn 0.1930 -0.2483 -0.9493
vn 0.2244 -0.2202 0.9493
vn 0.0958 -0.1232 0.9877
vn 0.4220 -0.4141 0.8065
vn 0.5786 -0.5678 0.5855
vn 0.6791 -0.6664 0.3077
vn 0.7115 -0.6983 0.0784
vn 0.7115 -0.6983 -0.0784
vn 0.6791 -0.6664 -0.3077
vn 0.5786 -0.5678 -0.5855
vn 0.4220 -0.4141 -0.8065
vn 0.0958 -0.1232 -0.9877
vn 0.2244 -0.2202 -0.9493
vn 0.2515 -0.1886 0.9493
vn 0.1114 -0.1093 0.9877
vn 0.4731 -0.3547 0.8065
vn 0.6486 -0.4863 0.5855
vn 0.7613 -0.5708 0.3077
vn 0.7976 -0.5980 0.0784
vn 0.7976 -0.5980 -0.0784
vn 0.7613 -0.5708 -0.3077
vn 0.6486 -0.4863 -0.5855
vn 0.4731 -0.3547 -0.8065
vn 0.1114 -0.1093 -0.9877
vn 0.2515 -0.1886 -0.9493
vn 0.2739 -0.1541 0.9493
vn 0.1249 -0.0936 0.9877
vn 0.5153 -0.2898 0.8065
vn 0.7066 -0.3974 0.5855
vn 0.8293 -0.4665 0.3077
vn 0.8689 -0.4887 0.0784
vn 0.8689 -0.4887 -0.0784
vn 0.8293 -0.4665 -0.3077
vn 0.7066 -0.3974 -0.5855
vn 0.5153 -0.2898 -0.8065
vn 0.1249 -0.0936 -0.9877
vn 0.2739 -0.1541 -0.9493
vn 0.2915 -0.1174 0.9493
vn 0.1361 -0.0765 0.9877
vn 0.5484 -0.2209 0.8065
vn 0.7520 -0.3029 0.5855
vn 0.8826 -0.3555 0.3077
vn 0.9247 -0.3725 0.0784
vn 0.9247 -0.3725 -0.0784
vn 0.8826 -0.3555 -0.3077
vn 0.7520 -0.3029 -0.5855
vn 0.5484 -0.2209 -0.8065
vn 0.1361 -0.0765 -0.9877
vn 0.2915 -0.1174 -0.9493
vn 0.3041 -0.0791 0.9494
vn 0.1448 -0.0583 0.9877
vn 0.5721 -0.1489 0.8065
vn 0.7845 -0.2042 0.5855
vn 0.9208 -0.2397 0.3077
vn 0.9648 -0.2511 0.0784
vn 0.9648 -0.2511 -0.0784
vn 0.9208 -0.2397 -0.3077
vn 0.7845 -0.2042 -0.5855
vn 0.5721 -0.1489 -0.8065
vn 0.1448 -0.0583 -0.9877
vn 0.3041 -0.0791 -0.9494
vn 0.3117 -0.0398 0.9494
vn 0.1511 -0.0393 0.9877
vn 0.5864 -0.0749 0.8066
vn 0.8041 -0.1027 0.5855
vn 0.9438 -0.1205 0.3077
vn 0.9889 -0.1263 0.0784
vn 0.9889 -0.1263 -0.0784
vn 0.9438 -0.1205 -0.3077
vn 0.8041 -0.1027 -0.5855
vn 0.5864 -0.0749 -0.8066
vn 0.1511 -0.0393 -0.9877
vn 0.3117 -0.0398 -0.9494
vn 0.3142 0.0001 0.9494
vn 0.1549 -0.0198 0.9877
vn 0.5912 0.0002 0.8066
vn 0.8107 0.0002 0.5855
vn 0.9515 0.0002 0.3077
vn 0.9969 0.0003 0.0784
vn 0.9969 0.0003 -0.0784
vn 0.9515 0.0002 -0.3077
vn 0.8107 0.0002 -0.5855
vn 0.5912 0.0002 -0.8066
vn 0.1549 -0.0198 -0.9877
vn 0.3142 0.0001 -0.9494
vn 0.1548 0.0200 0.9877
vn 0.1561 -0.0000 0.9877
vn 0.3117 0.0402 0.9493
vn 0.5863 0.0757 0.8065
vn 0.8040 0.1038 0.5855
vn 0.9436 0.1218 0.3077
vn 0.9887 0.1277 -0.0784
vn 0.9437 0.1218 -0.3077
vn 0.8040 0.1038 -0.5855
vn 0.5863 0.0757 -0.8065
vn 0.3117 0.0402 -0.9493
vn 0.1548 0.0200 -0.9877
vn 0.1561 -0.0000 -0.9877
vn 0.1509 0.0398 0.9877
vn 0.3039 0.0802 0.9493
vn 0.5717 0.1508 0.8065
vn 0.7839 0.2068 0.5855
vn 0.9887 0.1277 0.0784
vn 0.9200 0.2427 0.3077
vn 0.9640 0.2543 -0.0784
vn 0.9200 0.2427 -0.3077
vn 0.7839 0.2068 -0.5855
vn 0.5717 0.1508 -0.8065
vn 0.3039 0.0802 -0.9493
vn 0.1509 0.0398 -0.9877
vn 0.1445 0.0591 0.9877
vn 0.2909 0.1190 0.9493
vn 0.5472 0.2239 0.8065
vn 0.7503 0.3070 0.5855
vn 0.9640 0.2543 0.0784
vn 0.8806 0.3603 0.3077
vn 0.9227 0.3775 -0.0784
vn 0.8806 0.3603 -0.3077
vn 0.7503 0.3070 -0.5855
vn 0.5472 0.2239 -0.8065
vn 0.2909 0.1190 -0.9493
vn 0.1445 0.0591 -0.9877
vn 0.1355 0.0775 0.9877
vn 0.2728 0.1561 0.9493
vn 0.5132 0.2937 0.8065
vn 0.7036 0.4027 0.5855
vn 0.9227 0.3775 0.0784
vn 0.8258 0.4726 0.3077
vn 0.8652 0.4952 -0.0784
vn 0.8258 0.4726 -0.3077
vn 0.7036 0.4027 -0.5855
vn 0.5132 0.2937 -0.8065
vn 0.2728 0.1561 -0.9493
vn 0.1355 0.0775 -0.9877
vn 0.1241 0.0947 0.9877
vn 0.2498 0.1908 0.9493
vn 0.4699 0.3589 0.8065
vn 0.6443 0.4921 0.5855
vn 0.8652 0.4952 0.0784
vn 0.7562 0.5776 0.3077
vn 0.7923 0.6051 0.0784
vn 0.7562 0.5776 -0.3077
vn 0.6443 0.4921 -0.5855
vn 0.4699 0.3589 -0.8065
vn 0.2498 0.1908 -0.9493
vn 0.1241 0.0948 -0.9877
vn 0.1103 0.1104 0.9877
vn 0.2223 0.2224 0.9493
vn 0.4180 0.4182 0.8065
vn 0.5731 0.5734 0.5855
vn 0.6727 0.6730 0.3077
vn 0.7048 0.7051 -0.0784
vn 0.7923 0.6051 -0.0784
vn 0.6727 0.6730 -0.3077
vn 0.5731 0.5734 -0.5855
vn 0.4180 0.4182 -0.8065
vn 0.2223 0.2224 -0.9493
vn 0.1103 0.1104 -0.9877
vn 0.0946 0.1242 0.9877
vn 0.1906 0.2501 0.9493
vn 0.3584 0.4703 0.8065
vn 0.4914 0.6448 0.5854
vn 0.7048 0.7051 0.0784
vn 0.5767 0.7568 0.3077
vn 0.6043 0.7929 -0.0784
vn 0.5767 0.7568 -0.3077
vn 0.4914 0.6448 -0.5854
vn 0.3584 0.4703 -0.8065
vn 0.1906 0.2501 -0.9493
vn 0.0946 0.1241 -0.9877
vn 0.1554 0.2733 0.9493
vn 0.2923 0.5140 0.8065
vn 0.4008 0.7047 0.5855
vn 0.4704 0.8271 0.3077
vn 0.4929 0.8666 0.0784
vn 0.6043 0.7929 0.0784
vn 0.4929 0.8666 -0.0784
vn 0.4704 0.8271 -0.3077
vn 0.4008 0.7047 -0.5855
vn 0.2923 0.5140 -0.8065
vn 0.1554 0.2733 -0.9493
vn 0.1177 0.2915 0.9493
vn 0.0772 0.1357 0.9877
vn 0.2214 0.5482 0.8065
vn 0.3036 0.7517 0.5855
vn 0.3564 0.8822 0.3077
vn 0.3734 0.9244 0.0784
vn 0.3734 0.9244 -0.0784
vn 0.3564 0.8822 -0.3077
vn 0.3036 0.7517 -0.5855
vn 0.2214 0.5482 -0.8065
vn 0.0772 0.1357 -0.9877
vn 0.1177 0.2915 -0.9493
vn 0.0785 0.3043 0.9493
vn 0.0585 0.1447 0.9877
vn 0.1477 0.5725 0.8065
vn 0.2025 0.7850 0.5855
vn 0.2377 0.9213 0.3077
vn 0.2490 0.9653 0.0784
vn 0.2490 0.9653 -0.0784
vn 0.2377 0.9213 -0.3077
vn 0.2025 0.7850 -0.5855
vn 0.1477 0.5725 -0.8065
vn 0.0585 0.1447 -0.9877
vn 0.0785 0.3043 -0.9493
vn 0.0389 0.3117 0.9494
vn 0.0390 0.1512 0.9877
vn 0.0732 0.5866 0.8066
vn 0.1004 0.8044 0.5855
vn 0.1179 0.9441 0.3077
vn 0.1235 0.9892 0.0784
vn 0.1235 0.9892 -0.0784
vn 0.1179 0.9441 -0.3077
vn 0.1004 0.8044 -0.5855
vn 0.0732 0.5866 -0.8066
vn 0.0390 0.1512 -0.9877
vn 0.0389 0.3117 -0.9494
vn 0.0002 0.3139 0.9494
vn 0.0004 0.5910 0.8067
vn 0.0005 0.8106 0.5856
vn 0.0006 0.9515 0.3077
vn 0.0007 0.9969 0.0784
vn 0.0007 0.9969 -0.0784
vn 0.0006 0.9515 -0.3077
vn 0.0005 0.8106 -0.5856
vn 0.0004 0.5910 -0.8067
vn 0.0002 0.3139 -0.9494
vn 0.0001 0.1562 0.9877
vn 0.0001 0.1562 -0.9877
vn 0.0746 0.2934 0.9531
vn 0.0191 0.1550 0.9877
vn 0.0371 0.3006 0.9530
vn 0.1436 0.5649 0.8126
vn 0.0715 0.5786 0.8125
vn 0.1986 0.7814 0.5916
vn 0.0989 0.8002 0.5915
vn 0.2341 0.9210 0.3114
vn 0.1165 0.9431 0.3114
vn 0.2456 0.9662 0.0789
vn 0.1222 0.9894 0.0789
vn 0.2456 0.9662 -0.0789
vn 0.1222 0.9894 -0.0789
vn 0.1165 0.9431 -0.3114
vn 0.0989 0.8002 -0.5915
vn 0.2341 0.9210 -0.3114
vn 0.0715 0.5786 -0.8125
vn 0.1986 0.7814 -0.5916
vn 0.0371 0.3006 -0.9530
vn 0.1436 0.5649 -0.8126
vn 0.0191 0.1550 -0.9877
vn 0.0746 0.2934 -0.9531
vn 0.1116 0.2813 0.9531
vn 0.0385 0.1513 0.9877
vn 0.2149 0.5417 0.8127
vn 0.2973 0.7494 0.5917
vn 0.3504 0.8833 0.3115
vn 0.3676 0.9266 0.0789
vn 0.3676 0.9266 -0.0789
vn 0.3504 0.8833 -0.3115
vn 0.2973 0.7494 -0.5917
vn 0.2149 0.5417 -0.8127
vn 0.0385 0.1513 -0.9877
vn 0.1116 0.2813 -0.9531
vn 0.1473 0.2642 0.9532
vn 0.2837 0.5089 0.8127
vn 0.3925 0.7041 0.5917
vn 0.4627 0.8300 0.3115
vn 0.4854 0.8707 0.0789
vn 0.4854 0.8707 -0.0789
vn 0.4627 0.8300 -0.3115
vn 0.3925 0.7041 -0.5917
vn 0.2837 0.5089 -0.8127
vn 0.1473 0.2642 -0.9532
vn 0.1809 0.2424 0.9532
vn 0.0760 0.1364 0.9877
vn 0.3484 0.4669 0.8128
vn 0.4821 0.6461 0.5918
vn 0.5683 0.7616 0.3116
vn 0.5962 0.7990 0.0789
vn 0.5962 0.7990 -0.0789
vn 0.5683 0.7616 -0.3116
vn 0.4821 0.6461 -0.5918
vn 0.3484 0.4669 -0.8128
vn 0.0760 0.1363 -0.9877
vn 0.1809 0.2424 -0.9532
vn 0.2115 0.2160 0.9532
vn 0.0934 0.1251 0.9877
vn 0.4075 0.4163 0.8128
vn 0.5639 0.5760 0.5918
vn 0.6648 0.6790 0.3116
vn 0.6974 0.7123 0.0789
vn 0.6974 0.7123 -0.0789
vn 0.6648 0.6790 -0.3116
vn 0.5639 0.5760 -0.5918
vn 0.4075 0.4163 -0.8128
vn 0.0934 0.1251 -0.9877
vn 0.2115 0.2160 -0.9532
vn 0.2386 0.1857 0.9532
vn 0.1092 0.1115 0.9877
vn 0.4597 0.3578 0.8128
vn 0.6360 0.4952 0.5918
vn 0.7498 0.5837 0.3116
vn 0.7866 0.6124 0.0789
vn 0.7866 0.6124 -0.0789
vn 0.7498 0.5837 -0.3116
vn 0.6360 0.4952 -0.5918
vn 0.4597 0.3578 -0.8128
vn 0.1092 0.1115 -0.9877
vn 0.2386 0.1857 -0.9532
vn 0.1349 0.0785 0.9877
vn 0.1232 0.0959 0.9877
vn 0.2613 0.1520 0.9532
vn 0.5035 0.2929 0.8128
vn 0.6968 0.4053 0.5918
vn 0.8214 0.4777 0.3116
vn 0.8617 0.5012 -0.0789
vn 0.8214 0.4777 -0.3116
vn 0.6968 0.4053 -0.5918
vn 0.5035 0.2929 -0.8128
vn 0.2613 0.1520 -0.9532
vn 0.1349 0.0785 -0.9877
vn 0.1232 0.0959 -0.9877
vn 0.1442 0.0597 0.9877
vn 0.2794 0.1157 0.9532
vn 0.5383 0.2228 0.8128
vn 0.7448 0.3084 0.5918
vn 0.8617 0.5012 0.0789
vn 0.8779 0.3635 0.3116
vn 0.9211 0.3813 -0.0789
vn 0.8779 0.3635 -0.3116
vn 0.7448 0.3084 -0.5918
vn 0.5383 0.2228 -0.8128
vn 0.2794 0.1157 -0.9532
vn 0.1442 0.0597 -0.9877
vn 0.1509 0.0400 0.9877
vn 0.2923 0.0776 0.9532
vn 0.5631 0.1495 0.8127
vn 0.7792 0.2068 0.5917
vn 0.9211 0.3813 0.0789
vn 0.9184 0.2437 0.3116
vn 0.9635 0.2557 0.0789
vn 0.9184 0.2437 -0.3116
vn 0.7792 0.2068 -0.5917
vn 0.5631 0.1495 -0.8127
vn 0.2923 0.0776 -0.9532
vn 0.1509 0.0400 -0.9877
vn 0.3001 0.0387 0.9531
vn 0.5780 0.0746 0.8127
vn 0.7996 0.1032 0.5917
vn 0.9424 0.1216 0.3115
vn 0.9887 0.1276 -0.0789
vn 0.9635 0.2557 -0.0789
vn 0.9424 0.1216 -0.3115
vn 0.7996 0.1032 -0.5917
vn 0.5780 0.0746 -0.8127
vn 0.3001 0.0387 -0.9531
vn 0.3028 0.0001 0.9531
vn 0.5829 0.0001 0.8125
vn 0.8063 0.0001 0.5915
vn 0.9887 0.1276 0.0789
vn 0.9503 0.0002 0.3114
vn 0.9969 0.0002 -0.0789
vn 0.9503 0.0002 -0.3114
vn 0.8063 0.0001 -0.5915
vn 0.5829 0.0001 -0.8125
vn 0.3028 0.0001 -0.9531
vn 0.3001 -0.0386 0.9531
vn 0.5780 -0.0743 0.8126
vn 0.7996 -0.1027 0.5916
vn 0.9425 -0.1211 0.3115
vn 0.9888 -0.1270 0.0789
vn 0.9969 0.0002 0.0789
vn 0.9888 -0.1270 -0.0789
vn 0.9425 -0.1211 -0.3115
vn 0.7996 -0.1027 -0.5916
vn 0.5780 -0.0743 -0.8126
vn 0.3001 -0.0386 -0.9531
vn 0.2924 -0.0774 0.9532
vn 0.1548 -0.0199 0.9877
vn 0.5632 -0.1490 0.8127
vn 0.7793 -0.2062 0.5917
vn 0.9186 -0.2431 0.3116
vn 0.9637 -0.2550 0.0789
vn 0.9637 -0.2550 -0.0789
vn 0.9186 -0.2431 -0.3116
vn 0.7793 -0.2062 -0.5917
vn 0.5632 -0.1490 -0.8127
vn 0.1548 -0.0199 -0.9877
vn 0.2924 -0.0774 -0.9532
vn 0.2794 -0.1155 0.9532
vn 0.1509 -0.0399 0.9877
vn 0.5384 -0.2226 0.8128
vn 0.7449 -0.3080 0.5918
vn 0.8781 -0.3630 0.3116
vn 0.9213 -0.3809 0.0789
vn 0.9213 -0.3809 -0.0789
vn 0.8781 -0.3630 -0.3116
vn 0.7449 -0.3080 -0.5918
vn 0.5384 -0.2226 -0.8128
vn 0.1509 -0.0399 -0.9877
vn 0.2794 -0.1155 -0.9532
vn 0.2613 -0.1520 0.9532
vn 0.1442 -0.0596 0.9877
vn 0.5035 -0.2929 0.8128
vn 0.6968 -0.4053 0.5918
vn 0.8214 -0.4778 0.3116
vn 0.8617 -0.5012 0.0789
vn 0.8617 -0.5012 -0.0789
vn 0.8214 -0.4778 -0.3116
vn 0.6968 -0.4053 -0.5919
vn 0.5035 -0.2929 -0.8128
vn 0.1442 -0.0596 -0.9877
vn 0.2613 -0.1520 -0.9532
vn 0.2384 -0.1859 0.9532
vn 0.1349 -0.0785 0.9877
vn 0.4594 -0.3581 0.8128
vn 0.6357 -0.4956 0.5919
vn 0.7494 -0.5842 0.3116
vn 0.7862 -0.6129 0.0789
vn 0.7862 -0.6129 -0.0789
vn 0.7494 -0.5842 -0.3116
vn 0.6357 -0.4956 -0.5919
vn 0.4594 -0.3581 -0.8128
vn 0.1349 -0.0785 -0.9877
vn 0.2384 -0.1859 -0.9532
vn 0.1090 -0.1117 0.9877
vn 0.1231 -0.0960 0.9877
vn 0.2112 -0.2163 0.9532
vn 0.4070 -0.4168 0.8128
vn 0.5631 -0.5767 0.5918
vn 0.6639 -0.6798 0.3116
vn 0.6965 -0.7132 -0.0789
vn 0.6639 -0.6798 -0.3116
vn 0.5631 -0.5767 -0.5918
vn 0.4070 -0.4168 -0.8128
vn 0.2112 -0.2163 -0.9532
vn 0.1090 -0.1117 -0.9877
vn 0.1231 -0.0960 -0.9877
vn 0.0931 -0.1253 0.9877
vn 0.1804 -0.2427 0.9532
vn 0.3476 -0.4675 0.8128
vn 0.4809 -0.6469 0.5918
vn 0.6965 -0.7132 0.0789
vn 0.5669 -0.7626 0.3116
vn 0.5947 -0.8000 -0.0789
vn 0.5669 -0.7626 -0.3116
vn 0.4809 -0.6469 -0.5918
vn 0.3476 -0.4675 -0.8128
vn 0.1804 -0.2427 -0.9532
vn 0.0931 -0.1253 -0.9877
vn 0.0757 -0.1365 0.9877
vn 0.1467 -0.2645 0.9532
vn 0.2826 -0.5095 0.8127
vn 0.3910 -0.7050 0.5917
vn 0.5947 -0.8000 0.0789
vn 0.4609 -0.8310 0.3115
vn 0.4836 -0.8718 -0.0789
vn 0.4609 -0.8310 -0.3115
vn 0.3910 -0.7050 -0.5917
vn 0.2826 -0.5095 -0.8127
vn 0.1467 -0.2645 -0.9532
vn 0.0757 -0.1365 -0.9877
vn 0.0573 -0.1452 0.9877
vn 0.1110 -0.2815 0.9531
vn 0.2138 -0.5421 0.8126
vn 0.2957 -0.7500 0.5916
vn 0.4836 -0.8718 0.0789
vn 0.3486 -0.8840 0.3115
vn 0.3657 -0.9274 -0.0789
vn 0.3486 -0.8840 -0.3115
vn 0.2957 -0.7500 -0.5916
vn 0.2138 -0.5421 -0.8126
vn 0.1110 -0.2815 -0.9531
vn 0.0573 -0.1452 -0.9877
vn 0.0382 -0.1514 0.9877
vn 0.0741 -0.2935 0.9531
vn 0.1427 -0.5651 0.8126
vn 0.1974 -0.7817 0.5915
vn 0.3657 -0.9274 0.0789
vn 0.2326 -0.9214 0.3114
vn 0.2440 -0.9666 -0.0789
vn 0.2326 -0.9214 -0.3114
vn 0.1974 -0.7817 -0.5915
vn 0.1427 -0.5651 -0.8126
vn 0.0741 -0.2935 -0.9531
vn 0.0382 -0.1514 -0.9877
vn 0.0190 -0.1550 0.9877
vn 0.0369 -0.3007 0.9530
vn 0.0709 -0.5787 0.8125
vn 0.0981 -0.8004 0.5914
vn 0.2440 -0.9666 0.0789
vn 0.1156 -0.9432 0.3114
vn 0.1213 -0.9895 -0.0789
vn 0.1156 -0.9432 -0.3114
vn 0.0981 -0.8004 -0.5914
vn 0.0709 -0.5787 -0.8125
vn 0.0369 -0.3007 -0.9530
vn 0.0190 -0.1550 -0.9877
vn -0.0000 -0.1562 0.9877
vn -0.0001 -0.3031 0.9530
vn -0.0001 -0.5832 0.8124
vn -0.0001 -0.8064 0.5913
vn 0.1213 -0.9895 0.0789
vn -0.0002 -0.9503 0.3113
vn -0.0002 -0.9969 -0.0788
vn -0.0002 -0.9503 -0.3113
vn -0.0001 -0.8064 -0.5913
vn -0.0001 -0.5832 -0.8124
vn -0.0001 -0.3031 -0.9530
vn -0.0000 -0.1562 -0.9877
vn -0.0371 -0.3006 0.9530
vn -0.0713 -0.5786 0.8125
vn -0.0987 -0.8003 0.5915
vn -0.1163 -0.9432 0.3114
vn -0.1220 -0.9894 0.0789
vn -0.0002 -0.9969 0.0788
vn -0.1220 -0.9894 -0.0789
vn -0.1163 -0.9432 -0.3114
vn -0.0987 -0.8003 -0.5915
vn -0.0713 -0.5786 -0.8125
vn -0.0371 -0.3006 -0.9530
vn -0.0744 -0.2934 0.9531
vn -0.0191 -0.1550 0.9877
vn -0.1433 -0.5650 0.8126
vn -0.1983 -0.7815 0.5916
vn -0.2337 -0.9211 0.3114
vn -0.2452 -0.9663 0.0789
vn -0.2452 -0.9663 -0.0789
vn -0.2337 -0.9211 -0.3114
vn -0.1983 -0.7815 -0.5916
vn -0.1433 -0.5650 -0.8126
vn -0.0191 -0.1550 -0.9877
vn -0.0744 -0.2934 -0.9531
vn -0.1114 -0.2813 0.9531
vn -0.0384 -0.1513 0.9877
vn -0.2146 -0.5418 0.8127
vn -0.2969 -0.7495 0.5917
vn -0.3499 -0.8835 0.3115
vn -0.3671 -0.9268 0.0789
vn -0.3671 -0.9268 -0.0789
vn -0.3499 -0.8835 -0.3115
vn -0.2969 -0.7495 -0.5917
vn -0.2146 -0.5418 -0.8127
vn -0.0384 -0.1513 -0.9877
vn -0.1114 -0.2813 -0.9531
vn -0.1471 -0.2643 0.9532
vn -0.0575 -0.1451 0.9877
vn -0.2834 -0.5091 0.8127
vn -0.3921 -0.7043 0.5917
vn -0.4622 -0.8302 0.3116
vn -0.4849 -0.8710 0.0789
vn -0.4849 -0.8710 -0.0789
vn -0.4622 -0.8302 -0.3115
vn -0.3921 -0.7043 -0.5917
vn -0.2834 -0.5091 -0.8127
vn -0.0575 -0.1451 -0.9877
vn -0.1471 -0.2643 -0.9532
vn -0.1808 -0.2424 0.9532
vn -0.0759 -0.1364 0.9877
vn -0.3483 -0.4670 0.8128
vn -0.4819 -0.6462 0.5918
vn -0.5680 -0.7617 0.3116
vn -0.5959 -0.7991 0.0789
vn -0.5959 -0.7991 -0.0789
vn -0.5680 -0.7617 -0.3116
vn -0.4819 -0.6462 -0.5918
vn -0.3483 -0.4670 -0.8128
vn -0.0759 -0.1364 -0.9877
vn -0.1808 -0.2424 -0.9532
vn -0.2115 -0.2160 0.9532
vn -0.0933 -0.1251 0.9877
vn -0.4075 -0.4162 0.8128
vn -0.5639 -0.5760 0.5918
vn -0.6647 -0.6790 0.3116
vn -0.6974 -0.7123 0.0789
vn -0.6974 -0.7123 -0.0789
vn -0.6647 -0.6790 -0.3116
vn -0.5639 -0.5760 -0.5918
vn -0.4075 -0.4162 -0.8128
vn -0.0933 -0.1251 -0.9877
vn -0.2115 -0.2160 -0.9532
vn -0.2386 -0.1856 0.9532
vn -0.1092 -0.1115 0.9877
vn -0.4598 -0.3577 0.8128
vn -0.6362 -0.4949 0.5918
vn -0.7500 -0.5834 0.3116
vn -0.7868 -0.6121 0.0789
vn -0.7868 -0.6121 -0.0789
vn -0.7500 -0.5834 -0.3116
vn -0.6362 -0.4949 -0.5918
vn -0.4598 -0.3577 -0.8128
vn -0.1092 -0.1115 -0.9877
vn -0.2386 -0.1856 -0.9532
vn -0.1350 -0.0784 0.9877
vn -0.1232 -0.0958 0.9877
vn -0.2614 -0.1518 0.9532
vn -0.5037 -0.2925 0.8128
vn -0.6971 -0.4048 0.5918
vn -0.8217 -0.4772 0.3116
vn -0.8621 -0.5006 -0.0789
vn -0.8217 -0.4772 -0.3116
vn -0.6971 -0.4048 -0.5918
vn -0.5037 -0.2925 -0.8128
vn -0.2614 -0.1518 -0.9532
vn -0.1350 -0.0784 -0.9877
vn -0.1232 -0.0958 -0.9877
vn -0.1443 -0.0596 0.9877
vn -0.2795 -0.1154 0.9532
vn -0.5385 -0.2223 0.8128
vn -0.7451 -0.3077 0.5918
vn -0.8621 -0.5006 0.0789
vn -0.8783 -0.3627 0.3116
vn -0.9214 -0.3805 -0.0789
vn -0.8783 -0.3627 -0.3116
vn -0.7451 -0.3077 -0.5918
vn -0.5385 -0.2223 -0.8128
vn -0.2795 -0.1154 -0.9532
vn -0.1443 -0.0596 -0.9877
vn -0.1509 -0.0399 0.9877
vn -0.2924 -0.0773 0.9532
vn -0.5633 -0.1489 0.8127
vn -0.7794 -0.2061 0.5917
vn -0.9214 -0.3805 0.0789
vn -0.9187 -0.2429 0.3116
vn -0.9638 -0.2548 -0.0789
vn -0.9187 -0.2429 -0.3116
vn -0.7794 -0.2061 -0.5917
vn -0.5633 -0.1489 -0.8127
vn -0.2924 -0.0773 -0.9532
vn -0.1509 -0.0399 -0.9877
vn -0.1548 -0.0199 0.9877
vn -0.3002 -0.0385 0.9531
vn -0.5780 -0.0742 0.8126
vn -0.7996 -0.1027 0.5916
vn -0.9638 -0.2548 0.0789
vn -0.9425 -0.1210 0.3115
vn -0.9888 -0.1270 -0.0789
vn -0.9425 -0.1210 -0.3115
vn -0.7996 -0.1027 -0.5916
vn -0.5780 -0.0742 -0.8126
vn -0.3002 -0.0385 -0.9531
vn -0.1548 -0.0199 -0.9877
vn -0.3028 0.0001 0.9531
vn -0.5829 0.0001 0.8125
vn -0.8063 0.0001 0.5915
vn -0.9888 -0.1270 0.0789
vn -0.9503 0.0002 0.3114
vn -0.9969 0.0002 -0.0789
vn -0.9503 0.0002 -0.3114
vn -0.8063 0.0001 -0.5915
vn -0.5829 0.0001 -0.8125
vn -0.3028 0.0001 -0.9531
vn -0.5780 0.0745 0.8126
vn -0.7996 0.1031 0.5916
vn -0.9424 0.1215 0.3115
vn -0.9887 0.1275 0.0789
vn -0.9969 0.0002 0.0789
vn -0.9887 0.1275 -0.0789
vn -0.9424 0.1215 -0.3115
vn -0.7996 0.1031 -0.5917
vn -0.5780 0.0745 -0.8126
vn -0.2924 0.0775 0.9532
vn -0.5632 0.1493 0.8127
vn -0.7792 0.2066 0.5917
vn -0.9185 0.2436 0.3116
vn -0.9636 0.2555 0.0789
vn -0.9636 0.2555 -0.0789
vn -0.9185 0.2436 -0.3115
vn -0.7792 0.2066 -0.5917
vn -0.5632 0.1493 -0.8127
vn -0.2924 0.0775 -0.9532
vn -0.2794 0.1156 0.9532
vn -0.1509 0.0400 0.9877
vn -0.5384 0.2226 0.8128
vn -0.7449 0.3080 0.5918
vn -0.8781 0.3631 0.3116
vn -0.9212 0.3809 0.0789
vn -0.9212 0.3809 -0.0789
vn -0.8781 0.3631 -0.3116
vn -0.7449 0.3080 -0.5918
vn -0.5384 0.2226 -0.8128
vn -0.1509 0.0400 -0.9877
vn -0.2794 0.1156 -0.9532
vn -0.2615 0.1518 0.9532
vn -0.1443 0.0596 0.9877
vn -0.5038 0.2925 0.8128
vn -0.6971 0.4048 0.5918
vn -0.8217 0.4771 0.3116
vn -0.8621 0.5006 0.0789
vn -0.8621 0.5006 -0.0789
vn -0.8217 0.4771 -0.3116
vn -0.6971 0.4048 -0.5918
vn -0.5038 0.2925 -0.8128
vn -0.1442 0.0596 -0.9877
vn -0.2615 0.1518 -0.9532
vn -0.2388 0.1855 0.9532
vn -0.1350 0.0784 0.9877
vn -0.4600 0.3574 0.8128
vn -0.6366 0.4945 0.5918
vn -0.7504 0.5829 0.3116
vn -0.7872 0.6116 0.0789
vn -0.7872 0.6116 -0.0789
vn -0.7504 0.5829 -0.3116
vn -0.6366 0.4945 -0.5918
vn -0.4600 0.3574 -0.8128
vn -0.1350 0.0784 -0.9877
vn -0.2388 0.1855 -0.9532
vn -0.1093 0.1114 0.9877
vn -0.1233 0.0958 0.9877
vn -0.2118 0.2158 0.9532
vn -0.4081 0.4157 0.8128
vn -0.5647 0.5752 0.5918
vn -0.6656 0.6781 0.3116
vn -0.6983 0.7114 -0.0789
vn -0.6656 0.6781 -0.3116
vn -0.5647 0.5752 -0.5918
vn -0.4081 0.4157 -0.8128
vn -0.2118 0.2158 -0.9532
vn -0.1093 0.1114 -0.9877
vn -0.1233 0.0958 -0.9877
vn -0.0935 0.1250 0.9877
vn -0.1812 0.2421 0.9532
vn -0.3491 0.4664 0.8128
vn -0.4831 0.6453 0.5918
vn -0.6983 0.7114 0.0789
vn -0.5694 0.7607 0.3116
vn -0.5974 0.7980 -0.0789
vn -0.5694 0.7607 -0.3116
vn -0.4831 0.6453 -0.5918
vn -0.3491 0.4664 -0.8128
vn -0.1812 0.2421 -0.9532
vn -0.0935 0.1250 -0.9877
vn -0.0762 0.1362 0.9877
vn -0.1477 0.2640 0.9532
vn -0.2845 0.5085 0.8127
vn -0.3936 0.7035 0.5917
vn -0.5974 0.7980 0.0789
vn -0.4640 0.8292 0.3116
vn -0.4868 0.8700 -0.0789
vn -0.4640 0.8293 -0.3115
vn -0.3936 0.7035 -0.5917
vn -0.2845 0.5085 -0.8127
vn -0.1477 0.2640 -0.9532
vn -0.0762 0.1362 -0.9877
vn -0.0578 0.1450 0.9877
vn -0.1120 0.2811 0.9531
vn -0.2157 0.5414 0.8127
vn -0.2984 0.7489 0.5917
vn -0.4868 0.8700 0.0789
vn -0.3517 0.8828 0.3115
vn -0.3690 0.9261 -0.0789
vn -0.3517 0.8828 -0.3115
vn -0.2984 0.7489 -0.5917
vn -0.2157 0.5414 -0.8127
vn -0.1120 0.2811 -0.9531
vn -0.0578 0.1450 -0.9877
vn -0.0386 0.1513 0.9877
vn -0.0749 0.2933 0.9531
vn -0.1443 0.5647 0.8126
vn -0.1996 0.7812 0.5916
vn -0.3690 0.9261 0.0789
vn -0.2352 0.9207 0.3115
vn -0.2468 0.9659 -0.0789
vn -0.2352 0.9207 -0.3115
vn -0.1996 0.7812 -0.5916
vn -0.1443 0.5647 -0.8126
vn -0.0749 0.2933 -0.9531
vn -0.0386 0.1513 -0.9877
vn -0.0193 0.1549 0.9877
vn -0.0373 0.3005 0.9530
vn -0.0719 0.5785 0.8125
vn -0.0994 0.8002 0.5915
vn -0.2468 0.9659 0.0789
vn -0.1172 0.9430 0.3114
vn -0.1229 0.9893 -0.0789
vn -0.1172 0.9430 -0.3114
vn -0.0994 0.8002 -0.5915
vn -0.0719 0.5785 -0.8125
vn -0.0373 0.3005 -0.9530
vn -0.0193 0.1549 -0.9877
vn -0.0000 0.1562 0.9877
vn -0.0001 0.3030 0.9530
vn -0.0001 0.5831 0.8124
vn -0.0002 0.8064 0.5914
vn -0.1229 0.9893 0.0789
vn -0.0002 0.9503 0.3113
vn -0.0002 0.9969 -0.0788
vn -0.0002 0.9503 -0.3113
vn -0.0002 0.8064 -0.5914
vn -0.0001 0.5831 -0.8124
vn -0.0001 0.3030 -0.9530
vn -0.0000 0.1562 -0.9877
vn -0.0002 0.9969 0.0788
vn 0.1183 -0.1834 0.9759
vn 0.0715 -0.1109 0.9913
vn 0.1679 -0.2603 0.9508
vn 0.2622 -0.4066 0.8752
vn 0.3036 -0.4708 0.8284
vn 0.3972 -0.6158 0.6805
vn 0.4237 -0.6569 0.6237
vn 0.5013 -0.7773 0.3801
vn 0.5100 -0.7908 0.3384
vn 0.5395 -0.8365 0.0961
vn 0.5398 -0.8369 0.0902
vn 0.5395 -0.8365 -0.0961
vn 0.5398 -0.8369 -0.0902
vn 0.5100 -0.7908 -0.3384
vn 0.4237 -0.6569 -0.6237
vn 0.5013 -0.7773 -0.3801
vn 0.3036 -0.4708 -0.8284
vn 0.3972 -0.6158 -0.6805
vn 0.1679 -0.2603 -0.9508
vn 0.2622 -0.4066 -0.8752
vn 0.0715 -0.1109 -0.9913
vn 0.1183 -0.1834 -0.9759
vn -0.1190 -0.1803 0.9764
vn -0.2647 -0.4011 0.8769
vn -0.4020 -0.6093 0.6835
vn -0.5088 -0.7711 0.3827
vn -0.5482 -0.8308 0.0968
vn -0.5482 -0.8308 -0.0968
vn -0.5088 -0.7711 -0.3827
vn -0.4020 -0.6093 -0.6835
vn -0.2647 -0.4011 -0.8769
vn -0.1190 -0.1803 -0.9764
vn -0.0722 -0.1094 0.9914
vn -0.1700 -0.2577 0.9512
vn -0.3075 -0.4660 0.8296
vn -0.4296 -0.6512 0.6256
vn -0.5179 -0.7850 0.3400
vn -0.5485 -0.8312 -0.0907
vn -0.5179 -0.7850 -0.3400
vn -0.4296 -0.6512 -0.6256
vn -0.3075 -0.4660 -0.8296
vn -0.1700 -0.2577 -0.9512
vn -0.0722 -0.1094 -0.9914
vn 0.0726 -0.0479 0.9962
vn 0.1953 -0.1290 0.9722
vn 0.3630 -0.2396 0.9005
vn 0.5568 -0.3676 0.7449
vn -0.5485 -0.8312 0.0907
vn 0.7478 -0.4937 0.4439
vn 0.8274 -0.5463 -0.1302
vn 0.7478 -0.4937 -0.4439
vn 0.5568 -0.3676 -0.7449
vn 0.3630 -0.2396 -0.9005
vn 0.1953 -0.1290 -0.9722
vn 0.0726 -0.0479 -0.9962
vn 0.1701 0.2576 0.9512
vn 0.3076 0.4659 0.8296
vn 0.4298 0.6510 0.6257
vn 0.5182 0.7848 0.3400
vn 0.5487 0.8311 0.0907
vn 0.8274 -0.5463 0.1302
vn 0.5487 0.8311 -0.0907
vn 0.5182 0.7848 -0.3400
vn 0.4298 0.6510 -0.6257
vn 0.3076 0.4659 -0.8296
vn 0.1701 0.2576 -0.9512
vn -0.1686 0.2594 0.9509
vn 0.0722 0.1093 0.9914
vn -0.3049 0.4692 0.8288
vn -0.4256 0.6550 0.6243
vn -0.5126 0.7889 0.3389
vn -0.5426 0.8351 0.0903
vn -0.5426 0.8351 -0.0903
vn -0.5126 0.7889 -0.3389
vn -0.4256 0.6550 -0.6243
vn -0.3049 0.4692 -0.8288
vn 0.0722 0.1093 -0.9914
vn -0.1686 0.2594 -0.9509
vn -0.0721 -0.0468 0.9963
vn -0.0717 0.1104 0.9913
vn -0.1945 -0.1264 0.9727
vn -0.3619 -0.2351 0.9021
vn -0.5566 -0.3617 0.7479
vn -0.7501 -0.4874 0.4469
vn -0.8312 -0.5401 -0.1315
vn -0.7501 -0.4874 -0.4469
vn -0.5566 -0.3617 -0.7479
vn -0.3619 -0.2351 -0.9021
vn -0.1945 -0.1264 -0.9727
vn -0.0721 -0.0468 -0.9963
vn -0.0717 0.1104 -0.9913
vn -0.8312 -0.5401 0.1315
vn -0.0011 -0.0801 0.9968
vn 0.0721 0.0468 0.9963
vn 0.1007 0.0654 0.9928
vn -0.0030 -0.2220 0.9750
vn 0.2616 0.1699 0.9501
vn -0.0057 -0.4135 0.9105
vn 0.4580 0.2974 0.8377
vn -0.0098 -0.7178 0.6962
vn 0.6951 0.4514 0.5595
vn -0.0134 -0.9766 0.2146
vn 0.8289 0.5382 0.1529
vn -0.0133 -0.9766 -0.2146
vn 0.8288 0.5382 -0.1529
vn 0.6951 0.4514 -0.5595
vn 0.4580 0.2974 -0.8377
vn -0.0098 -0.7178 -0.6962
vn 0.2616 0.1699 -0.9501
vn -0.0057 -0.4135 -0.9105
vn 0.1007 0.0654 -0.9928
vn -0.0030 -0.2220 -0.9750
vn 0.0721 0.0468 -0.9963
vn -0.0011 -0.0801 -0.9968
vn -0.0729 0.0488 0.9961
vn -0.0009 -0.0623 0.9981
vn -0.1026 0.0686 0.9924
vn -0.2649 0.1772 0.9479
vn -0.4614 0.3086 0.8318
vn -0.6939 0.4642 0.5505
vn -0.8218 0.5497 -0.1496
vn -0.6939 0.4642 -0.5505
vn -0.4614 0.3086 -0.8318
vn -0.2649 0.1772 -0.9479
vn -0.1026 0.0686 -0.9924
vn -0.0729 0.0488 -0.9961
vn -0.0009 -0.0623 -0.9981
vn -0.8218 0.5498 0.1496
vn -0.1980 -0.1980 0.9600
vn -0.3610 -0.3610 0.8599
vn -0.5226 -0.5226 0.6736
vn -0.6543 -0.6543 0.3793
vn -0.7032 -0.7032 -0.1049
vn -0.6543 -0.6543 -0.3792
vn -0.6543 0.6543 -0.3793
vn -0.5226 -0.5226 -0.6736
vn -0.3610 -0.3610 -0.8599
vn -0.1980 -0.1980 -0.9600
vn -0.0787 -0.0787 -0.9938
vn -0.0787 -0.0787 0.9938
vn 0.6543 -0.6543 0.3793
vn -0.7032 -0.7032 0.1049
vn 0.6543 -0.6543 -0.3792
vn 0.6543 0.6543 0.3793
vn 0.6543 0.6543 -0.3793
vn -0.1203 0.1203 0.9854
vn -0.2882 0.2882 0.9132
vn -0.4666 0.4666 0.7513
vn -0.6319 0.6319 0.4487
vn -0.7024 0.7023 0.1158
vn -0.7023 0.7024 -0.1158
vn -0.6319 0.6319 -0.4487
vn -0.4666 0.4666 -0.7513
vn -0.2882 0.2882 -0.9132
vn -0.1203 0.1203 -0.9854
vn -0.0736 0.3092 0.9481
vn -0.0716 0.1378 0.9879
vn -0.0360 0.1511 0.9879
vn -0.1373 0.5768 0.8053
vn -0.1465 0.2822 0.9481
vn -0.1879 0.7891 0.5848
vn -0.2733 0.5262 0.8052
vn -0.2204 0.9257 0.3075
vn -0.3738 0.7199 0.5848
vn -0.2309 0.9698 0.0786
vn -0.4385 0.8445 0.3075
vn -0.4594 0.8847 -0.0786
vn -0.2309 0.9698 -0.0786
vn -0.4385 0.8445 -0.3075
vn -0.2204 0.9257 -0.3075
vn -0.3738 0.7199 -0.5848
vn -0.1879 0.7891 -0.5848
vn -0.2733 0.5262 -0.8053
vn -0.1373 0.5768 -0.8053
vn -0.1465 0.2822 -0.9481
vn -0.0736 0.3092 -0.9481
vn -0.0716 0.1378 -0.9879
vn -0.0360 0.1511 -0.9879
vn -0.2077 0.2399 0.9483
vn -0.3879 0.4481 0.8054
vn -0.5309 0.6133 0.5848
vn -0.6228 0.7195 0.3075
vn -0.6525 0.7537 0.0785
vn -0.4594 0.8847 0.0786
vn -0.6525 0.7537 -0.0785
vn -0.6228 0.7195 -0.3075
vn -0.5309 0.6133 -0.5848
vn -0.3879 0.4481 -0.8054
vn -0.2076 0.2399 -0.9483
vn -0.2507 0.1924 0.9487
vn -0.1018 0.1176 0.9878
vn -0.4698 0.3605 0.8058
vn -0.6434 0.4938 0.5850
vn -0.7549 0.5793 0.3075
vn -0.7909 0.6070 0.0784
vn -0.7909 0.6070 -0.0784
vn -0.7549 0.5793 -0.3075
vn -0.6434 0.4938 -0.5850
vn -0.4698 0.3605 -0.8058
vn -0.1018 0.1176 -0.9878
vn -0.2507 0.1924 -0.9487
vn -0.2776 0.1484 0.9492
vn -0.1236 0.0949 0.9878
vn -0.5217 0.2788 0.8063
vn -0.7150 0.3822 0.5853
vn -0.8391 0.4486 0.3076
vn -0.8792 0.4700 0.0784
vn -0.8792 0.4700 -0.0784
vn -0.8391 0.4486 -0.3076
vn -0.7150 0.3822 -0.5853
vn -0.5216 0.2788 -0.8063
vn -0.1236 0.0949 -0.9878
vn -0.2776 0.1484 -0.9492
vn -0.2932 0.1113 0.9496
vn -0.1376 0.0736 0.9878
vn -0.5524 0.2097 0.8068
vn -0.7577 0.2877 0.5857
vn -0.8895 0.3378 0.3078
vn -0.9320 0.3539 0.0784
vn -0.9320 0.3539 -0.0784
vn -0.8895 0.3377 -0.3078
vn -0.7577 0.2877 -0.5857
vn -0.5524 0.2097 -0.8068
vn -0.1376 0.0736 -0.9878
vn -0.2932 0.1113 -0.9496
vn -0.3019 0.0814 0.9499
vn -0.1460 0.0554 0.9877
vn -0.5699 0.1537 0.8072
vn -0.7823 0.2110 0.5861
vn -0.9185 0.2478 0.3080
vn -0.9625 0.2596 0.0784
vn -0.9625 0.2596 -0.0784
vn -0.9185 0.2478 -0.3080
vn -0.7823 0.2110 -0.5861
vn -0.5699 0.1537 -0.8072
vn -0.1460 0.0554 -0.9877
vn -0.3019 0.0814 -0.9499
vn -0.3066 0.0576 0.9501
vn -0.1509 0.0407 0.9877
vn -0.5797 0.1089 0.8076
vn -0.7961 0.1496 0.5864
vn -0.9350 0.1757 0.3082
vn -0.9798 0.1841 0.0784
vn -0.9798 0.1841 -0.0784
vn -0.9350 0.1757 -0.3082
vn -0.7961 0.1496 -0.5864
vn -0.5797 0.1089 -0.8076
vn -0.1509 0.0407 -0.9877
vn -0.3066 0.0576 -0.9501
vn -0.3090 0.0385 0.9503
vn -0.1537 0.0289 0.9877
vn -0.5849 0.0730 0.8078
vn -0.8036 0.1002 0.5866
vn -0.9440 0.1177 0.3083
vn -0.9893 0.1234 0.0784
vn -0.9893 0.1234 -0.0784
vn -0.9440 0.1177 -0.3083
vn -0.8036 0.1002 -0.5866
vn -0.5849 0.0730 -0.8078
vn -0.1537 0.0289 -0.9877
vn -0.3090 0.0385 -0.9503
vn -0.3101 0.0232 0.9504
vn -0.1552 0.0194 0.9877
vn -0.5875 0.0439 0.8080
vn -0.8075 0.0603 0.5868
vn -0.9486 0.0708 0.3084
vn -0.9942 0.0742 0.0784
vn -0.9942 0.0742 -0.0784
vn -0.9486 0.0708 -0.3084
vn -0.8075 0.0603 -0.5868
vn -0.5875 0.0439 -0.8080
vn -0.1552 0.0194 -0.9877
vn -0.3101 0.0232 -0.9504
vn -0.3104 0.0106 0.9505
vn -0.1560 0.0116 0.9877
vn -0.5886 0.0201 0.8082
vn -0.8091 0.0276 0.5870
vn -0.9507 0.0324 0.3085
vn -0.9963 0.0340 0.0784
vn -0.9963 0.0340 -0.0784
vn -0.9507 0.0324 -0.3085
vn -0.8091 0.0276 -0.5870
vn -0.5886 0.0201 -0.8082
vn -0.1560 0.0116 -0.9877
vn -0.3104 0.0106 -0.9505
vn -0.3099 0.0019 0.9508
vn -0.1563 0.0053 0.9877
vn -0.5884 0.0035 0.8086
vn -0.8093 0.0049 0.5873
vn -0.9511 0.0057 0.3087
vn -0.9969 0.0060 0.0784
vn -0.9969 0.0060 -0.0784
vn -0.9511 0.0057 -0.3087
vn -0.8093 0.0049 -0.5873
vn -0.5884 0.0035 -0.8086
vn -0.1563 0.0053 -0.9877
vn -0.3099 0.0019 -0.9508
vn -0.3094 -0.0024 0.9509
vn -0.1564 0.0009 0.9877
vn -0.5880 -0.0046 0.8088
vn -0.8091 -0.0064 0.5876
vn -0.9511 -0.0075 0.3089
vn -0.9969 -0.0078 0.0784
vn -0.9969 -0.0078 -0.0784
vn -0.9511 -0.0075 -0.3089
vn -0.8091 -0.0064 -0.5876
vn -0.5880 -0.0046 -0.8088
vn -0.1564 0.0009 -0.9877
vn -0.3094 -0.0024 -0.9509
vn -0.1564 -0.0025 0.9877
vn -0.1564 -0.0012 0.9877
vn -0.3094 -0.0050 0.9509
vn -0.5880 -0.0095 0.8088
vn -0.8091 -0.0131 0.5876
vn -0.9510 -0.0154 0.3089
vn -0.9968 -0.0162 -0.0785
vn -0.9510 -0.0154 -0.3089
vn -0.8091 -0.0131 -0.5876
vn -0.5880 -0.0095 -0.8088
vn -0.3094 -0.0050 -0.9509
vn -0.1564 -0.0025 -0.9877
vn -0.1564 -0.0012 -0.9877
vn -0.1564 -0.0039 0.9877
vn -0.3093 -0.0078 0.9509
vn -0.5879 -0.0148 0.8088
vn -0.8089 -0.0203 0.5876
vn -0.9968 -0.0162 0.0785
vn -0.9508 -0.0239 0.3089
vn -0.9966 -0.0250 -0.0784
vn -0.9508 -0.0239 -0.3089
vn -0.8089 -0.0203 -0.5876
vn -0.5879 -0.0148 -0.8088
vn -0.3093 -0.0078 -0.9509
vn -0.1564 -0.0039 -0.9877
vn -0.1563 -0.0054 0.9877
vn -0.3093 -0.0107 0.9509
vn -0.5878 -0.0204 0.8088
vn -0.8087 -0.0280 0.5876
vn -0.9966 -0.0250 0.0784
vn -0.9505 -0.0330 0.3089
vn -0.9963 -0.0345 -0.0784
vn -0.9505 -0.0330 -0.3089
vn -0.8087 -0.0280 -0.5876
vn -0.5878 -0.0204 -0.8088
vn -0.3093 -0.0107 -0.9509
vn -0.1563 -0.0054 -0.9877
vn -0.1563 -0.0070 0.9877
vn -0.3092 -0.0139 0.9509
vn -0.5875 -0.0264 0.8088
vn -0.8084 -0.0363 0.5875
vn -0.9963 -0.0345 0.0784
vn -0.9502 -0.0427 0.3088
vn -0.9959 -0.0448 -0.0784
vn -0.9501 -0.0427 -0.3089
vn -0.8084 -0.0363 -0.5875
vn -0.5875 -0.0264 -0.8088
vn -0.3092 -0.0139 -0.9509
vn -0.1563 -0.0070 -0.9877
vn -0.1562 -0.0088 0.9877
vn -0.3090 -0.0173 0.9509
vn -0.5872 -0.0329 0.8087
vn -0.8079 -0.0453 0.5875
vn -0.9959 -0.0448 0.0784
vn -0.9496 -0.0532 0.3088
vn -0.9954 -0.0558 -0.0784
vn -0.9496 -0.0532 -0.3089
vn -0.8079 -0.0453 -0.5875
vn -0.5872 -0.0329 -0.8087
vn -0.3090 -0.0173 -0.9509
vn -0.1562 -0.0088 -0.9877
vn -0.1561 -0.0106 0.9877
vn -0.3089 -0.0210 0.9509
vn -0.5868 -0.0400 0.8087
vn -0.8074 -0.0550 0.5875
vn -0.9954 -0.0558 0.0784
vn -0.9489 -0.0646 0.3088
vn -0.9946 -0.0677 -0.0784
vn -0.9489 -0.0646 -0.3088
vn -0.8074 -0.0550 -0.5875
vn -0.5868 -0.0400 -0.8087
vn -0.3089 -0.0210 -0.9509
vn -0.1561 -0.0106 -0.9877
vn -0.1559 -0.0127 0.9877
vn -0.3086 -0.0251 0.9509
vn -0.5863 -0.0476 0.8087
vn -0.8066 -0.0655 0.5875
vn -0.9946 -0.0677 0.0784
vn -0.9480 -0.0770 0.3088
vn -0.9936 -0.0807 -0.0784
vn -0.9480 -0.0770 -0.3088
vn -0.8066 -0.0655 -0.5875
vn -0.5863 -0.0476 -0.8087
vn -0.3086 -0.0251 -0.9509
vn -0.1559 -0.0127 -0.9877
vn -0.1557 -0.0149 0.9877
vn -0.3083 -0.0295 0.9508
vn -0.5856 -0.0560 0.8087
vn -0.8056 -0.0770 0.5874
vn -0.9936 -0.0807 0.0784
vn -0.9468 -0.0905 0.3088
vn -0.9924 -0.0949 -0.0784
vn -0.9468 -0.0905 -0.3088
vn -0.8056 -0.0770 -0.5874
vn -0.5856 -0.0560 -0.8087
vn -0.3083 -0.0295 -0.9508
vn -0.1557 -0.0149 -0.9877
vn -0.1555 -0.0173 0.9877
vn -0.3078 -0.0343 0.9508
vn -0.5847 -0.0651 0.8086
vn -0.8043 -0.0896 0.5874
vn -0.9924 -0.0949 0.0784
vn -0.9453 -0.1053 0.3088
vn -0.9908 -0.1104 -0.0784
vn -0.9453 -0.1053 -0.3088
vn -0.8043 -0.0896 -0.5874
vn -0.5847 -0.0651 -0.8086
vn -0.3078 -0.0343 -0.9508
vn -0.1555 -0.0173 -0.9877
vn -0.1551 -0.0200 0.9877
vn -0.3073 -0.0396 0.9508
vn -0.5835 -0.0752 0.8086
vn -0.8027 -0.1035 0.5874
vn -0.9908 -0.1104 0.0784
vn -0.9433 -0.1216 0.3088
vn -0.9887 -0.1275 -0.0784
vn -0.9433 -0.1216 -0.3088
vn -0.8027 -0.1035 -0.5874
vn -0.5835 -0.0752 -0.8086
vn -0.3073 -0.0396 -0.9508
vn -0.1551 -0.0200 -0.9877
vn -0.3063 -0.0434 0.9510
vn -0.5822 -0.0825 0.8089
vn -0.8011 -0.1136 0.5876
vn -0.9417 -0.1335 0.3089
vn -0.9871 -0.1399 0.0784
vn -0.9887 -0.1275 0.0784
vn -0.9871 -0.1399 -0.0784
vn -0.9417 -0.1335 -0.3089
vn -0.8011 -0.1136 -0.5876
vn -0.5822 -0.0825 -0.8089
vn -0.3063 -0.0434 -0.9510
vn -0.3058 -0.0442 0.9511
vn -0.1549 -0.0220 0.9877
vn -0.5817 -0.0840 0.8091
vn -0.8007 -0.1156 0.5878
vn -0.9413 -0.1359 0.3090
vn -0.9867 -0.1425 0.0785
vn -0.9867 -0.1425 -0.0784
vn -0.9413 -0.1359 -0.3090
vn -0.8007 -0.1156 -0.5878
vn -0.5817 -0.0840 -0.8091
vn -0.1549 -0.0220 -0.9877
vn -0.3058 -0.0442 -0.9511
vn -0.1546 -0.0236 0.9877
vn -0.1548 -0.0224 0.9877
vn -0.3063 -0.0467 0.9508
vn -0.5816 -0.0887 0.8086
vn -0.8001 -0.1220 0.5874
vn -0.9403 -0.1434 0.3088
vn -0.9855 -0.1503 -0.0784
vn -0.9403 -0.1434 -0.3088
vn -0.8001 -0.1220 -0.5874
vn -0.5816 -0.0887 -0.8086
vn -0.3063 -0.0467 -0.9508
vn -0.1546 -0.0236 -0.9877
vn -0.1548 -0.0224 -0.9877
vn -0.1541 -0.0268 0.9877
vn -0.3055 -0.0531 0.9507
vn -0.5798 -0.1008 0.8085
vn -0.7974 -0.1387 0.5872
vn -0.9855 -0.1503 0.0784
vn -0.9371 -0.1630 0.3087
vn -0.9822 -0.1708 -0.0784
vn -0.9371 -0.1630 -0.3087
vn -0.7974 -0.1387 -0.5872
vn -0.5798 -0.1008 -0.8085
vn -0.3055 -0.0531 -0.9507
vn -0.1541 -0.0268 -0.9877
vn -0.1533 -0.0312 0.9877
vn -0.3042 -0.0619 0.9506
vn -0.5770 -0.1173 0.8083
vn -0.7933 -0.1613 0.5871
vn -0.9822 -0.1708 0.0784
vn -0.9321 -0.1896 0.3086
vn -0.9769 -0.1987 -0.0784
vn -0.9321 -0.1896 -0.3086
vn -0.7933 -0.1613 -0.5871
vn -0.5770 -0.1173 -0.8083
vn -0.3042 -0.0619 -0.9506
vn -0.1533 -0.0312 -0.9877
vn -0.1519 -0.0371 0.9877
vn -0.3021 -0.0737 0.9504
vn -0.5723 -0.1397 0.8080
vn -0.7866 -0.1919 0.5868
vn -0.9769 -0.1987 0.0784
vn -0.9241 -0.2255 0.3084
vn -0.9685 -0.2363 -0.0784
vn -0.9241 -0.2255 -0.3084
vn -0.7866 -0.1919 -0.5868
vn -0.5723 -0.1397 -0.8080
vn -0.3021 -0.0737 -0.9504
vn -0.1519 -0.0371 -0.9877
vn -0.1497 -0.0450 0.9877
vn -0.2984 -0.0898 0.9502
vn -0.5646 -0.1698 0.8077
vn -0.7756 -0.2333 0.5865
vn -0.9685 -0.2363 0.0784
vn -0.9110 -0.2740 0.3082
vn -0.9547 -0.2872 -0.0784
vn -0.9110 -0.2740 -0.3082
vn -0.7756 -0.2333 -0.5865
vn -0.5646 -0.1698 -0.8077
vn -0.2984 -0.0898 -0.9502
vn -0.1497 -0.0450 -0.9877
vn -0.1460 -0.0558 0.9877
vn -0.2920 -0.1116 0.9499
vn -0.5513 -0.2107 0.8073
vn -0.7569 -0.2892 0.5861
vn -0.9547 -0.2872 0.0784
vn -0.8887 -0.3396 0.3080
vn -0.9313 -0.3558 -0.0784
vn -0.8887 -0.3396 -0.3080
vn -0.7569 -0.2892 -0.5861
vn -0.5513 -0.2107 -0.8073
vn -0.2920 -0.1116 -0.9499
vn -0.1460 -0.0558 -0.9877
vn -0.1395 -0.0702 0.9877
vn -0.2804 -0.1410 0.9495
vn -0.5280 -0.2655 0.8067
vn -0.7242 -0.3642 0.5856
vn -0.9313 -0.3558 0.0784
vn -0.8500 -0.4275 0.3078
vn -0.8906 -0.4479 -0.0784
vn -0.8500 -0.4275 -0.3078
vn -0.7242 -0.3642 -0.5856
vn -0.5280 -0.2655 -0.8067
vn -0.2804 -0.1410 -0.9495
vn -0.1395 -0.0702 -0.9877
vn -0.1282 -0.0888 0.9878
vn -0.2593 -0.1796 0.9490
vn -0.4865 -0.3371 0.8061
vn -0.6665 -0.4618 0.5852
vn -0.8906 -0.4479 0.0784
vn -0.7821 -0.5419 0.3075
vn -0.8194 -0.5678 -0.0784
vn -0.7821 -0.5419 -0.3075
vn -0.6665 -0.4618 -0.5852
vn -0.4865 -0.3371 -0.8061
vn -0.2593 -0.1796 -0.9490
vn -0.1282 -0.0888 -0.9878
vn -0.1089 -0.1111 0.9878
vn -0.2220 -0.2265 0.9484
vn -0.4148 -0.4233 0.8055
vn -0.5677 -0.5793 0.5848
vn -0.8194 -0.5678 0.0784
vn -0.6660 -0.6796 0.3074
vn -0.6978 -0.7120 -0.0785
vn -0.6660 -0.6796 -0.3074
vn -0.5677 -0.5793 -0.5848
vn -0.4148 -0.4233 -0.8055
vn -0.2220 -0.2265 -0.9484
vn -0.1089 -0.1111 -0.9878
vn -0.0791 -0.1334 0.9879
vn -0.1624 -0.2739 0.9479
vn -0.3024 -0.5102 0.8051
vn -0.4136 -0.6978 0.5848
vn -0.6978 -0.7120 0.0785
vn -0.4852 -0.8186 0.3075
vn -0.5083 -0.8576 -0.0786
vn -0.4852 -0.8186 -0.3075
vn -0.4136 -0.6978 -0.5848
vn -0.3024 -0.5102 -0.8051
vn -0.1624 -0.2739 -0.9479
vn -0.0791 -0.1334 -0.9879
vn -0.0407 -0.1496 0.9879
vn -0.0836 -0.3076 0.9478
vn -0.1556 -0.5724 0.8051
vn -0.2128 -0.7828 0.5848
vn -0.5083 -0.8576 0.0786
vn -0.2497 -0.9182 0.3075
vn -0.2616 -0.9620 -0.0786
vn -0.2497 -0.9182 -0.3075
vn -0.2128 -0.7828 -0.5848
vn -0.1556 -0.5724 -0.8051
vn -0.0836 -0.3076 -0.9478
vn -0.0407 -0.1496 -0.9879
vn -0.0000 -0.3182 0.9480
vn -0.0000 -0.5930 0.8052
vn -0.0000 -0.8112 0.5848
vn -0.0000 -0.9516 0.3075
vn -0.0000 -0.9969 0.0786
vn -0.2616 -0.9620 0.0786
vn -0.0000 -0.9969 -0.0786
vn -0.0000 -0.9516 -0.3075
vn -0.0000 -0.8112 -0.5848
vn -0.0000 -0.5930 -0.8052
vn -0.0000 -0.3182 -0.9480
vn 0.0407 -0.1496 0.9879
vn -0.0000 -0.1552 0.9879
vn 0.0836 -0.3076 0.9478
vn 0.1556 -0.5724 0.8051
vn 0.2128 -0.7828 0.5848
vn 0.2497 -0.9182 0.3075
vn 0.2616 -0.9620 -0.0787
vn 0.2497 -0.9182 -0.3075
vn 0.2128 -0.7828 -0.5848
vn 0.1556 -0.5724 -0.8051
vn 0.0836 -0.3076 -0.9478
vn 0.0407 -0.1496 -0.9879
vn -0.0000 -0.1552 -0.9879
vn 0.1624 -0.2739 0.9479
vn 0.3024 -0.5102 0.8051
vn 0.4136 -0.6978 0.5848
vn 0.4852 -0.8186 0.3075
vn 0.5083 -0.8576 0.0786
vn 0.2616 -0.9620 0.0787
vn 0.5083 -0.8576 -0.0786
vn 0.4852 -0.8186 -0.3075
vn 0.4136 -0.6978 -0.5848
vn 0.3024 -0.5102 -0.8051
vn 0.1624 -0.2739 -0.9479
vn 0.2220 -0.2265 0.9484
vn 0.0791 -0.1334 0.9879
vn 0.4148 -0.4233 0.8055
vn 0.5677 -0.5793 0.5849
vn 0.6660 -0.6796 0.3074
vn 0.6978 -0.7120 0.0785
vn 0.6978 -0.7120 -0.0785
vn 0.6660 -0.6796 -0.3074
vn 0.5677 -0.5793 -0.5849
vn 0.4148 -0.4233 -0.8055
vn 0.0791 -0.1334 -0.9879
vn 0.2220 -0.2265 -0.9484
vn 0.2593 -0.1796 0.9490
vn 0.1089 -0.1111 0.9878
vn 0.4865 -0.3371 0.8061
vn 0.6665 -0.4618 0.5852
vn 0.7821 -0.5419 0.3075
vn 0.8194 -0.5678 0.0784
vn 0.8194 -0.5678 -0.0784
vn 0.7821 -0.5419 -0.3075
vn 0.6665 -0.4618 -0.5852
vn 0.4865 -0.3371 -0.8061
vn 0.1089 -0.1111 -0.9878
vn 0.2593 -0.1796 -0.9490
vn 0.2804 -0.1410 0.9495
vn 0.1282 -0.0888 0.9878
vn 0.5280 -0.2655 0.8067
vn 0.7242 -0.3642 0.5856
vn 0.8500 -0.4275 0.3078
vn 0.8906 -0.4479 0.0784
vn 0.8906 -0.4479 -0.0784
vn 0.8500 -0.4275 -0.3078
vn 0.7242 -0.3642 -0.5856
vn 0.5280 -0.2655 -0.8067
vn 0.1282 -0.0888 -0.9878
vn 0.2804 -0.1410 -0.9495
vn 0.2920 -0.1116 0.9499
vn 0.1395 -0.0702 0.9877
vn 0.5513 -0.2107 0.8073
vn 0.7568 -0.2892 0.5861
vn 0.8887 -0.3396 0.3080
vn 0.9313 -0.3558 0.0784
vn 0.9313 -0.3558 -0.0784
vn 0.8887 -0.3396 -0.3080
vn 0.7568 -0.2892 -0.5861
vn 0.5513 -0.2107 -0.8073
vn 0.1395 -0.0702 -0.9877
vn 0.2920 -0.1116 -0.9499
vn 0.2984 -0.0898 0.9502
vn 0.1460 -0.0558 0.9877
vn 0.5646 -0.1698 0.8077
vn 0.7756 -0.2333 0.5865
vn 0.9110 -0.2740 0.3082
vn 0.9547 -0.2872 0.0784
vn 0.9547 -0.2872 -0.0784
vn 0.9110 -0.2740 -0.3082
vn 0.7756 -0.2333 -0.5865
vn 0.5646 -0.1698 -0.8077
vn 0.1460 -0.0558 -0.9877
vn 0.2984 -0.0898 -0.9502
vn 0.3021 -0.0737 0.9504
vn 0.1497 -0.0450 0.9877
vn 0.5724 -0.1397 0.8080
vn 0.7866 -0.1919 0.5868
vn 0.9241 -0.2255 0.3084
vn 0.9685 -0.2363 0.0784
vn 0.9685 -0.2363 -0.0784
vn 0.9241 -0.2255 -0.3084
vn 0.7866 -0.1919 -0.5868
vn 0.5723 -0.1397 -0.8080
vn 0.1497 -0.0450 -0.9877
vn 0.3021 -0.0737 -0.9504
vn 0.3042 -0.0619 0.9506
vn 0.1519 -0.0371 0.9877
vn 0.5770 -0.1173 0.8083
vn 0.7933 -0.1613 0.5871
vn 0.9321 -0.1896 0.3086
vn 0.9769 -0.1987 0.0784
vn 0.9769 -0.1987 -0.0784
vn 0.9321 -0.1896 -0.3086
vn 0.7933 -0.1613 -0.5871
vn 0.5770 -0.1173 -0.8083
vn 0.1519 -0.0371 -0.9877
vn 0.3042 -0.0619 -0.9506
vn 0.3055 -0.0531 0.9507
vn 0.1533 -0.0312 0.9877
vn 0.5798 -0.1008 0.8085
vn 0.7974 -0.1387 0.5872
vn 0.9371 -0.1630 0.3087
vn 0.9822 -0.1708 0.0784
vn 0.9822 -0.1708 -0.0784
vn 0.9371 -0.1630 -0.3087
vn 0.7974 -0.1387 -0.5872
vn 0.5798 -0.1008 -0.8085
vn 0.1533 -0.0312 -0.9877
vn 0.3055 -0.0531 -0.9507
vn 0.3063 -0.0467 0.9508
vn 0.1541 -0.0268 0.9877
vn 0.5816 -0.0887 0.8086
vn 0.8001 -0.1220 0.5874
vn 0.9403 -0.1434 0.3088
vn 0.9855 -0.1503 0.0784
vn 0.9855 -0.1503 -0.0784
vn 0.9403 -0.1434 -0.3088
vn 0.8001 -0.1220 -0.5874
vn 0.5816 -0.0887 -0.8086
vn 0.1541 -0.0268 -0.9877
vn 0.3063 -0.0467 -0.9508
vn 0.3058 -0.0442 0.9511
vn 0.1546 -0.0236 0.9877
vn 0.5817 -0.0840 0.8091
vn 0.8007 -0.1156 0.5878
vn 0.9413 -0.1359 0.3090
vn 0.9867 -0.1425 0.0785
vn 0.9867 -0.1425 -0.0785
vn 0.9413 -0.1359 -0.3090
vn 0.8007 -0.1156 -0.5878
vn 0.5817 -0.0840 -0.8091
vn 0.1546 -0.0236 -0.9877
vn 0.3058 -0.0442 -0.9511
vn 0.1549 -0.0220 0.9877
vn 0.1548 -0.0224 0.9877
vn 0.3063 -0.0434 0.9510
vn 0.5822 -0.0825 0.8089
vn 0.8011 -0.1136 0.5876
vn 0.9417 -0.1335 0.3089
vn 0.9870 -0.1399 -0.0785
vn 0.9417 -0.1335 -0.3089
vn 0.8011 -0.1136 -0.5876
vn 0.5822 -0.0825 -0.8089
vn 0.3063 -0.0434 -0.9510
vn 0.1549 -0.0220 -0.9877
vn 0.1548 -0.0224 -0.9877
vn 0.1551 -0.0200 0.9877
vn 0.3073 -0.0396 0.9508
vn 0.5835 -0.0752 0.8086
vn 0.8027 -0.1035 0.5874
vn 0.9870 -0.1399 0.0785
vn 0.9433 -0.1216 0.3088
vn 0.9887 -0.1275 -0.0784
vn 0.9433 -0.1216 -0.3088
vn 0.8027 -0.1035 -0.5874
vn 0.5835 -0.0752 -0.8086
vn 0.3073 -0.0396 -0.9508
vn 0.1551 -0.0200 -0.9877
vn 0.3078 -0.0343 0.9508
vn 0.5847 -0.0651 0.8086
vn 0.8043 -0.0896 0.5874
vn 0.9453 -0.1053 0.3088
vn 0.9908 -0.1104 0.0784
vn 0.9887 -0.1275 0.0784
vn 0.9908 -0.1104 -0.0784
vn 0.9453 -0.1053 -0.3088
vn 0.8043 -0.0896 -0.5874
vn 0.5847 -0.0651 -0.8086
vn 0.3078 -0.0343 -0.9508
vn 0.3083 -0.0295 0.9508
vn 0.1555 -0.0173 0.9877
vn 0.5856 -0.0560 0.8087
vn 0.8056 -0.0770 0.5874
vn 0.9468 -0.0905 0.3088
vn 0.9924 -0.0949 0.0784
vn 0.9924 -0.0949 -0.0784
vn 0.9468 -0.0905 -0.3088
vn 0.8056 -0.0770 -0.5874
vn 0.5856 -0.0560 -0.8087
vn 0.1555 -0.0173 -0.9877
vn 0.3083 -0.0295 -0.9508
vn 0.3086 -0.0251 0.9509
vn 0.1557 -0.0149 0.9877
vn 0.5863 -0.0476 0.8087
vn 0.8066 -0.0655 0.5875
vn 0.9480 -0.0770 0.3088
vn 0.9936 -0.0807 0.0784
vn 0.9936 -0.0807 -0.0784
vn 0.9480 -0.0770 -0.3088
vn 0.8066 -0.0655 -0.5875
vn 0.5863 -0.0476 -0.8087
vn 0.1557 -0.0149 -0.9877
vn 0.3086 -0.0251 -0.9509
vn 0.3089 -0.0210 0.9509
vn 0.1559 -0.0127 0.9877
vn 0.5868 -0.0400 0.8087
vn 0.8074 -0.0550 0.5875
vn 0.9489 -0.0646 0.3088
vn 0.9946 -0.0677 0.0784
vn 0.9946 -0.0677 -0.0784
vn 0.9489 -0.0646 -0.3088
vn 0.8074 -0.0550 -0.5875
vn 0.5868 -0.0400 -0.8087
vn 0.1559 -0.0127 -0.9877
vn 0.3089 -0.0210 -0.9509
vn 0.3090 -0.0173 0.9509
vn 0.1561 -0.0106 0.9877
vn 0.5872 -0.0329 0.8088
vn 0.8079 -0.0453 0.5875
vn 0.9496 -0.0532 0.3089
vn 0.9954 -0.0558 0.0784
vn 0.9954 -0.0558 -0.0784
vn 0.9496 -0.0532 -0.3089
vn 0.8079 -0.0453 -0.5875
vn 0.5872 -0.0329 -0.8088
vn 0.1561 -0.0106 -0.9877
vn 0.3090 -0.0173 -0.9509
vn 0.3092 -0.0139 0.9509
vn 0.1562 -0.0088 0.9877
vn 0.5875 -0.0264 0.8088
vn 0.8084 -0.0363 0.5875
vn 0.9502 -0.0427 0.3089
vn 0.9959 -0.0448 0.0784
vn 0.9959 -0.0448 -0.0784
vn 0.9501 -0.0427 -0.3089
vn 0.8084 -0.0363 -0.5875
vn 0.5875 -0.0264 -0.8088
vn 0.1562 -0.0088 -0.9877
vn 0.3092 -0.0139 -0.9509
vn 0.3093 -0.0107 0.9509
vn 0.1563 -0.0070 0.9877
vn 0.5878 -0.0204 0.8088
vn 0.8087 -0.0280 0.5875
vn 0.9505 -0.0330 0.3089
vn 0.9963 -0.0345 0.0784
vn 0.9963 -0.0345 -0.0784
vn 0.9505 -0.0330 -0.3089
vn 0.8087 -0.0280 -0.5876
vn 0.5877 -0.0204 -0.8088
vn 0.1563 -0.0070 -0.9877
vn 0.3093 -0.0107 -0.9509
vn 0.3093 -0.0078 0.9509
vn 0.1563 -0.0054 0.9877
vn 0.5879 -0.0148 0.8088
vn 0.8089 -0.0203 0.5876
vn 0.9508 -0.0239 0.3089
vn 0.9966 -0.0250 0.0784
vn 0.9966 -0.0250 -0.0784
vn 0.9508 -0.0239 -0.3089
vn 0.8089 -0.0203 -0.5876
vn 0.5879 -0.0148 -0.8088
vn 0.1563 -0.0054 -0.9877
vn 0.3093 -0.0078 -0.9509
vn 0.3094 -0.0050 0.9509
vn 0.1564 -0.0039 0.9877
vn 0.5880 -0.0095 0.8088
vn 0.8091 -0.0131 0.5876
vn 0.9510 -0.0154 0.3089
vn 0.9968 -0.0162 0.0785
vn 0.9968 -0.0162 -0.0785
vn 0.9510 -0.0154 -0.3089
vn 0.8091 -0.0131 -0.5876
vn 0.5880 -0.0095 -0.8088
vn 0.1564 -0.0039 -0.9877
vn 0.3094 -0.0050 -0.9509
vn 0.3094 -0.0024 0.9509
vn 0.1564 -0.0025 0.9877
vn 0.5880 -0.0046 0.8088
vn 0.8091 -0.0064 0.5876
vn 0.9511 -0.0075 0.3089
vn 0.9969 -0.0078 0.0784
vn 0.9969 -0.0078 -0.0784
vn 0.9511 -0.0075 -0.3089
vn 0.8091 -0.0064 -0.5876
vn 0.5880 -0.0046 -0.8088
vn 0.1564 -0.0025 -0.9877
vn 0.3094 -0.0024 -0.9509
vn 0.1564 0.0009 0.9877
vn 0.1564 -0.0012 0.9877
vn 0.3099 0.0019 0.9508
vn 0.5884 0.0035 0.8086
vn 0.8093 0.0049 0.5873
vn 0.9511 0.0057 0.3087
vn 0.9969 0.0060 -0.0784
vn 0.9511 0.0057 -0.3087
vn 0.8093 0.0049 -0.5873
vn 0.5884 0.0035 -0.8086
vn 0.3099 0.0019 -0.9508
vn 0.1564 0.0009 -0.9877
vn 0.1564 -0.0012 -0.9877
vn 0.1563 0.0053 0.9877
vn 0.3104 0.0106 0.9505
vn 0.5886 0.0201 0.8082
vn 0.8091 0.0276 0.5870
vn 0.9969 0.0060 0.0784
vn 0.9507 0.0324 0.3085
vn 0.9963 0.0340 -0.0784
vn 0.9507 0.0324 -0.3085
vn 0.8091 0.0276 -0.5870
vn 0.5886 0.0201 -0.8082
vn 0.3104 0.0106 -0.9505
vn 0.1563 0.0053 -0.9877
vn 0.1560 0.0116 0.9877
vn 0.3101 0.0232 0.9504
vn 0.5875 0.0439 0.8080
vn 0.8075 0.0603 0.5868
vn 0.9963 0.0340 0.0784
vn 0.9486 0.0708 0.3084
vn 0.9942 0.0742 -0.0784
vn 0.9486 0.0708 -0.3084
vn 0.8075 0.0603 -0.5868
vn 0.5875 0.0439 -0.8080
vn 0.3101 0.0232 -0.9504
vn 0.1560 0.0116 -0.9877
vn 0.1552 0.0194 0.9877
vn 0.3090 0.0385 0.9503
vn 0.5849 0.0730 0.8078
vn 0.8036 0.1002 0.5866
vn 0.9942 0.0742 0.0784
vn 0.9440 0.1177 0.3083
vn 0.9893 0.1234 -0.0784
vn 0.9440 0.1177 -0.3083
vn 0.8036 0.1002 -0.5866
vn 0.5849 0.0730 -0.8078
vn 0.3090 0.0385 -0.9503
vn 0.1552 0.0194 -0.9877
vn 0.1537 0.0289 0.9877
vn 0.3066 0.0576 0.9501
vn 0.5797 0.1089 0.8076
vn 0.7961 0.1496 0.5864
vn 0.9893 0.1234 0.0784
vn 0.9350 0.1757 0.3082
vn 0.9798 0.1841 -0.0784
vn 0.9350 0.1757 -0.3082
vn 0.7961 0.1496 -0.5864
vn 0.5797 0.1089 -0.8076
vn 0.3066 0.0576 -0.9501
vn 0.1537 0.0289 -0.9877
vn 0.1509 0.0407 0.9877
vn 0.3019 0.0814 0.9499
vn 0.5699 0.1537 0.8072
vn 0.7823 0.2110 0.5861
vn 0.9798 0.1841 0.0784
vn 0.9185 0.2478 0.3080
vn 0.9625 0.2596 -0.0784
vn 0.9185 0.2478 -0.3080
vn 0.7823 0.2110 -0.5861
vn 0.5699 0.1537 -0.8072
vn 0.3019 0.0814 -0.9499
vn 0.1509 0.0407 -0.9877
vn 0.1460 0.0554 0.9877
vn 0.2932 0.1113 0.9496
vn 0.5524 0.2097 0.8068
vn 0.7577 0.2877 0.5857
vn 0.9625 0.2596 0.0784
vn 0.8895 0.3378 0.3078
vn 0.9320 0.3539 -0.0784
vn 0.8895 0.3377 -0.3078
vn 0.7577 0.2877 -0.5857
vn 0.5524 0.2097 -0.8068
vn 0.2932 0.1113 -0.9496
vn 0.1460 0.0554 -0.9877
vn 0.1376 0.0736 0.9878
vn 0.2776 0.1484 0.9492
vn 0.5216 0.2788 0.8063
vn 0.7150 0.3822 0.5854
vn 0.9320 0.3539 0.0784
vn 0.8392 0.4486 0.3076
vn 0.8792 0.4700 -0.0784
vn 0.8391 0.4486 -0.3076
vn 0.7150 0.3822 -0.5854
vn 0.5216 0.2788 -0.8063
vn 0.2776 0.1484 -0.9492
vn 0.1376 0.0736 -0.9878
vn 0.1236 0.0949 0.9878
vn 0.2507 0.1924 0.9487
vn 0.4698 0.3605 0.8058
vn 0.6434 0.4938 0.5850
vn 0.8792 0.4700 0.0784
vn 0.7549 0.5793 0.3075
vn 0.7909 0.6070 -0.0784
vn 0.7549 0.5793 -0.3075
vn 0.6434 0.4938 -0.5850
vn 0.4698 0.3605 -0.8058
vn 0.2507 0.1924 -0.9487
vn 0.1236 0.0949 -0.9878
vn 0.1018 0.1176 0.9878
vn 0.2076 0.2399 0.9483
vn 0.3879 0.4481 0.8054
vn 0.5309 0.6133 0.5848
vn 0.7909 0.6070 0.0784
vn 0.6228 0.7195 0.3074
vn 0.6525 0.7537 -0.0785
vn 0.6228 0.7195 -0.3074
vn 0.5309 0.6133 -0.5848
vn 0.3879 0.4481 -0.8054
vn 0.2076 0.2399 -0.9483
vn 0.1018 0.1176 -0.9878
vn 0.0716 0.1378 0.9879
vn 0.1465 0.2822 0.9481
vn 0.2733 0.5262 0.8053
vn 0.3738 0.7199 0.5848
vn 0.6525 0.7537 0.0785
vn 0.4385 0.8445 0.3075
vn 0.4594 0.8847 -0.0786
vn 0.4385 0.8445 -0.3075
vn 0.3738 0.7199 -0.5848
vn 0.2733 0.5262 -0.8053
vn 0.1465 0.2822 -0.9481
vn 0.0716 0.1378 -0.9879
vn 0.0736 0.3092 0.9481
vn 0.1373 0.5768 0.8053
vn 0.1879 0.7891 0.5848
vn 0.2204 0.9257 0.3075
vn 0.2309 0.9698 0.0786
vn 0.4594 0.8847 0.0786
vn 0.2309 0.9698 -0.0786
vn 0.2204 0.9257 -0.3075
vn 0.1879 0.7891 -0.5848
vn 0.1373 0.5768 -0.8053
vn 0.0736 0.3092 -0.9481
vn -0.0000 0.3173 0.9483
vn 0.0360 0.1511 0.9879
vn -0.0000 0.5927 0.8054
vn -0.0000 0.8112 0.5848
vn -0.0000 0.9516 0.3074
vn -0.0000 0.9969 0.0785
vn -0.0000 0.9969 -0.0785
vn -0.0000 0.9516 -0.3074
vn -0.0000 0.8112 -0.5848
vn -0.0000 0.5927 -0.8054
vn 0.0360 0.1511 -0.9879
vn -0.0000 0.3173 -0.9483
vn -0.0000 0.1555 0.9878
vn -0.0000 0.1555 -0.9878
vn -0.3030 -0.0837 0.9493
vn -0.1547 -0.0211 0.9877
vn -0.3116 -0.0424 0.9493
vn -0.5699 -0.1574 0.8065
vn -0.5859 -0.0798 0.8064
vn -0.7815 -0.2158 0.5855
vn -0.8033 -0.1094 0.5854
vn -0.9172 -0.2532 0.3077
vn -0.9428 -0.1284 0.3077
vn -0.9610 -0.2653 0.0784
vn -0.9878 -0.1345 0.0784
vn -0.9610 -0.2653 -0.0784
vn -0.9878 -0.1345 -0.0784
vn -0.9428 -0.1284 -0.3077
vn -0.8033 -0.1094 -0.5854
vn -0.9172 -0.2532 -0.3077
vn -0.5859 -0.0798 -0.8064
vn -0.7815 -0.2158 -0.5855
vn -0.3116 -0.0424 -0.9493
vn -0.5699 -0.1574 -0.8065
vn -0.1547 -0.0211 -0.9877
vn -0.3030 -0.0837 -0.9493
vn -0.2893 -0.1227 0.9493
vn -0.1505 -0.0415 0.9877
vn -0.5443 -0.2309 0.8065
vn -0.7463 -0.3166 0.5855
vn -0.8759 -0.3716 0.3077
vn -0.9178 -0.3893 0.0784
vn -0.9178 -0.3893 -0.0784
vn -0.8759 -0.3716 -0.3077
vn -0.7463 -0.3166 -0.5855
vn -0.5443 -0.2309 -0.8065
vn -0.1505 -0.0415 -0.9877
vn -0.2893 -0.1227 -0.9493
vn -0.2710 -0.1591 0.9493
vn -0.1437 -0.0610 0.9877
vn -0.5098 -0.2993 0.8065
vn -0.6991 -0.4104 0.5855
vn -0.8206 -0.4817 0.3077
vn -0.8598 -0.5047 0.0784
vn -0.8598 -0.5047 -0.0784
vn -0.8206 -0.4817 -0.3077
vn -0.6991 -0.4104 -0.5855
vn -0.5098 -0.2993 -0.8065
vn -0.1437 -0.0610 -0.9877
vn -0.2710 -0.1591 -0.9493
vn -0.2485 -0.1923 0.9494
vn -0.1346 -0.0790 0.9877
vn -0.4675 -0.3618 0.8066
vn -0.6411 -0.4961 0.5855
vn -0.7525 -0.5823 0.3077
vn -0.7884 -0.6101 0.0784
vn -0.7884 -0.6101 -0.0784
vn -0.7525 -0.5823 -0.3077
vn -0.6411 -0.4961 -0.5855
vn -0.4675 -0.3618 -0.8066
vn -0.1346 -0.0790 -0.9877
vn -0.2485 -0.1923 -0.9494
vn -0.2221 -0.2221 0.9494
vn -0.1235 -0.0956 0.9877
vn -0.4180 -0.4180 0.8066
vn -0.5732 -0.5732 0.5855
vn -0.6728 -0.6728 0.3077
vn -0.7049 -0.7049 0.0784
vn -0.7049 -0.7049 -0.0784
vn -0.6728 -0.6728 -0.3077
vn -0.5732 -0.5732 -0.5855
vn -0.4180 -0.4180 -0.8066
vn -0.1235 -0.0956 -0.9877
vn -0.2221 -0.2221 -0.9494
vn -0.0956 -0.1235 0.9877
vn -0.1104 -0.1104 0.9877
vn -0.1923 -0.2485 0.9494
vn -0.3618 -0.4675 0.8066
vn -0.4961 -0.6411 0.5855
vn -0.5823 -0.7525 0.3077
vn -0.6101 -0.7884 -0.0784
vn -0.5823 -0.7525 -0.3077
vn -0.4961 -0.6411 -0.5855
vn -0.3618 -0.4675 -0.8066
vn -0.1923 -0.2485 -0.9494
vn -0.0956 -0.1235 -0.9877
vn -0.1104 -0.1104 -0.9877
vn -0.0790 -0.1346 0.9877
vn -0.1591 -0.2710 0.9493
vn -0.2993 -0.5098 0.8065
vn -0.4104 -0.6991 0.5855
vn -0.6101 -0.7884 0.0784
vn -0.4817 -0.8206 0.3077
vn -0.5047 -0.8597 -0.0784
vn -0.4817 -0.8206 -0.3077
vn -0.4104 -0.6991 -0.5855
vn -0.2993 -0.5098 -0.8065
vn -0.1591 -0.2710 -0.9493
vn -0.0790 -0.1346 -0.9877
vn -0.0610 -0.1437 0.9877
vn -0.1228 -0.2893 0.9493
vn -0.2309 -0.5443 0.8065
vn -0.3166 -0.7463 0.5855
vn -0.5047 -0.8597 0.0784
vn -0.3716 -0.8759 0.3077
vn -0.3894 -0.9177 -0.0784
vn -0.3716 -0.8759 -0.3077
vn -0.3166 -0.7463 -0.5855
vn -0.2309 -0.5443 -0.8065
vn -0.1228 -0.2893 -0.9493
vn -0.0610 -0.1437 -0.9877
vn -0.0415 -0.1505 0.9877
vn -0.0837 -0.3030 0.9493
vn -0.1574 -0.5700 0.8065
vn -0.2158 -0.7815 0.5855
vn -0.3894 -0.9177 0.0784
vn -0.2532 -0.9172 0.3077
vn -0.2653 -0.9610 -0.0784
vn -0.2532 -0.9172 -0.3077
vn -0.2158 -0.7815 -0.5855
vn -0.1574 -0.5700 -0.8065
vn -0.0837 -0.3030 -0.9493
vn -0.0415 -0.1505 -0.9877
vn -0.0211 -0.1547 0.9877
vn -0.0424 -0.3116 0.9493
vn -0.0798 -0.5859 0.8064
vn -0.1094 -0.8033 0.5854
vn -0.2653 -0.9610 0.0784
vn -0.1284 -0.9428 0.3077
vn -0.1345 -0.9878 -0.0784
vn -0.1284 -0.9428 -0.3077
vn -0.1094 -0.8033 -0.5854
vn -0.0798 -0.5859 -0.8064
vn -0.0424 -0.3116 -0.9493
vn -0.0211 -0.1547 -0.9877
vn -0.0000 -0.1561 0.9877
vn -0.0000 -0.3145 0.9493
vn -0.0000 -0.5913 0.8064
vn -0.0000 -0.8107 0.5854
vn -0.1345 -0.9878 0.0784
vn -0.0000 -0.9515 0.3077
vn -0.0000 -0.9969 -0.0784
vn -0.0000 -0.9515 -0.3077
vn -0.0000 -0.8107 -0.5854
vn -0.0000 -0.5913 -0.8064
vn -0.0000 -0.3145 -0.9493
vn -0.0000 -0.1561 -0.9877
vn 0.0424 -0.3116 0.9493
vn 0.0798 -0.5859 0.8064
vn 0.1094 -0.8033 0.5854
vn 0.1284 -0.9428 0.3077
vn 0.1345 -0.9878 0.0784
vn -0.0000 -0.9969 0.0784
vn 0.1345 -0.9878 -0.0784
vn 0.1284 -0.9428 -0.3077
vn 0.1094 -0.8033 -0.5854
vn 0.0798 -0.5859 -0.8064
vn 0.0424 -0.3116 -0.9493
vn 0.0837 -0.3030 0.9493
vn 0.0211 -0.1547 0.9877
vn 0.1574 -0.5700 0.8065
vn 0.2158 -0.7815 0.5855
vn 0.2532 -0.9172 0.3077
vn 0.2653 -0.9610 0.0784
vn 0.2653 -0.9610 -0.0784
vn 0.2532 -0.9172 -0.3077
vn 0.2158 -0.7815 -0.5855
vn 0.1574 -0.5700 -0.8065
vn 0.0211 -0.1547 -0.9877
vn 0.0837 -0.3030 -0.9493
vn 0.1228 -0.2893 0.9493
vn 0.0415 -0.1505 0.9877
vn 0.2309 -0.5443 0.8065
vn 0.3166 -0.7463 0.5855
vn 0.3716 -0.8759 0.3077
vn 0.3894 -0.9177 0.0784
vn 0.3894 -0.9177 -0.0784
vn 0.3716 -0.8759 -0.3077
vn 0.3166 -0.7463 -0.5855
vn 0.2309 -0.5443 -0.8065
vn 0.0415 -0.1505 -0.9877
vn 0.1228 -0.2893 -0.9493
vn 0.1591 -0.2710 0.9493
vn 0.0610 -0.1437 0.9877
vn 0.2993 -0.5098 0.8065
vn 0.4104 -0.6991 0.5855
vn 0.4817 -0.8206 0.3077
vn 0.5047 -0.8597 0.0784
vn 0.5047 -0.8597 -0.0784
vn 0.4817 -0.8206 -0.3077
vn 0.4104 -0.6991 -0.5855
vn 0.2993 -0.5098 -0.8065
vn 0.0610 -0.1437 -0.9877
vn 0.1591 -0.2710 -0.9493
vn 0.1923 -0.2485 0.9494
vn 0.0790 -0.1346 0.9877
vn 0.3618 -0.4675 0.8066
vn 0.4961 -0.6411 0.5855
vn 0.5823 -0.7525 0.3077
vn 0.6101 -0.7884 0.0784
vn 0.6101 -0.7884 -0.0784
vn 0.5823 -0.7525 -0.3077
vn 0.4961 -0.6411 -0.5855
vn 0.3618 -0.4675 -0.8066
vn 0.0790 -0.1346 -0.9877
vn 0.1923 -0.2485 -0.9494
vn 0.2221 -0.2221 0.9494
vn 0.0956 -0.1235 0.9877
vn 0.4180 -0.4180 0.8066
vn 0.5732 -0.5732 0.5855
vn 0.6728 -0.6728 0.3077
vn 0.7049 -0.7049 0.0784
vn 0.7049 -0.7049 -0.0784
vn 0.6728 -0.6728 -0.3077
vn 0.5732 -0.5732 -0.5855
vn 0.4180 -0.4180 -0.8066
vn 0.0956 -0.1235 -0.9877
vn 0.2221 -0.2221 -0.9494
vn 0.1235 -0.0956 0.9877
vn 0.1104 -0.1104 0.9877
vn 0.2485 -0.1923 0.9494
vn 0.4675 -0.3618 0.8066
vn 0.6411 -0.4961 0.5855
vn 0.7525 -0.5823 0.3077
vn 0.7884 -0.6101 -0.0784
vn 0.7525 -0.5823 -0.3077
vn 0.6411 -0.4961 -0.5855
vn 0.4675 -0.3618 -0.8066
vn 0.2485 -0.1923 -0.9494
vn 0.1235 -0.0956 -0.9877
vn 0.1104 -0.1104 -0.9877
vn 0.1346 -0.0790 0.9877
vn 0.2710 -0.1591 0.9493
vn 0.5098 -0.2993 0.8065
vn 0.6991 -0.4104 0.5855
vn 0.7884 -0.6101 0.0784
vn 0.8206 -0.4817 0.3077
vn 0.8597 -0.5047 -0.0784
vn 0.8206 -0.4817 -0.3077
vn 0.6991 -0.4104 -0.5855
vn 0.5098 -0.2993 -0.8065
vn 0.2710 -0.1591 -0.9493
vn 0.1346 -0.0790 -0.9877
vn 0.1437 -0.0610 0.9877
vn 0.2893 -0.1228 0.9493
vn 0.5443 -0.2309 0.8065
vn 0.7463 -0.3166 0.5855
vn 0.8598 -0.5047 0.0784
vn 0.8759 -0.3716 0.3077
vn 0.9177 -0.3894 -0.0784
vn 0.8759 -0.3716 -0.3077
vn 0.7463 -0.3166 -0.5855
vn 0.5443 -0.2309 -0.8065
vn 0.2893 -0.1228 -0.9493
vn 0.1437 -0.0610 -0.9877
vn 0.1505 -0.0415 0.9877
vn 0.3030 -0.0837 0.9493
vn 0.5699 -0.1574 0.8065
vn 0.7815 -0.2158 0.5855
vn 0.9177 -0.3894 0.0784
vn 0.9172 -0.2532 0.3077
vn 0.9610 -0.2653 -0.0784
vn 0.9172 -0.2532 -0.3077
vn 0.7815 -0.2158 -0.5855
vn 0.5699 -0.1574 -0.8065
vn 0.3030 -0.0837 -0.9493
vn 0.1505 -0.0415 -0.9877
vn 0.1547 -0.0211 0.9877
vn 0.3116 -0.0424 0.9493
vn 0.5859 -0.0798 0.8064
vn 0.8033 -0.1094 0.5854
vn 0.9610 -0.2653 0.0784
vn 0.9428 -0.1283 0.3076
vn 0.9878 -0.1345 -0.0784
vn 0.9428 -0.1283 -0.3077
vn 0.8033 -0.1094 -0.5854
vn 0.5859 -0.0798 -0.8064
vn 0.3116 -0.0424 -0.9493
vn 0.1547 -0.0211 -0.9877
vn 0.3145 -0.0000 0.9493
vn 0.5913 -0.0000 0.8064
vn 0.8107 -0.0000 0.5854
vn 0.9878 -0.1345 0.0784
vn 0.9515 -0.0000 0.3077
vn 0.9969 -0.0000 -0.0784
vn 0.9515 -0.0000 -0.3077
vn 0.8107 -0.0000 -0.5854
vn 0.5913 -0.0000 -0.8064
vn 0.3145 -0.0000 -0.9493
vn 0.3116 0.0424 0.9493
vn 0.5859 0.0798 0.8064
vn 0.8033 0.1094 0.5854
vn 0.9428 0.1283 0.3076
vn 0.9878 0.1345 0.0784
vn 0.9969 -0.0000 0.0784
vn 0.9878 0.1345 -0.0784
vn 0.9428 0.1283 -0.3077
vn 0.8033 0.1094 -0.5854
vn 0.5859 0.0798 -0.8064
vn 0.3116 0.0424 -0.9493
vn 0.3030 0.0837 0.9493
vn 0.1547 0.0211 0.9877
vn 0.5700 0.1574 0.8065
vn 0.7815 0.2158 0.5855
vn 0.9172 0.2532 0.3077
vn 0.9610 0.2653 0.0784
vn 0.9610 0.2653 -0.0784
vn 0.9172 0.2532 -0.3077
vn 0.7815 0.2158 -0.5855
vn 0.5699 0.1574 -0.8065
vn 0.1547 0.0211 -0.9877
vn 0.3030 0.0837 -0.9493
vn 0.2893 0.1228 0.9493
vn 0.1505 0.0415 0.9877
vn 0.5443 0.2309 0.8065
vn 0.7463 0.3166 0.5855
vn 0.8759 0.3716 0.3077
vn 0.9177 0.3894 0.0784
vn 0.9177 0.3894 -0.0784
vn 0.8759 0.3716 -0.3077
vn 0.7463 0.3166 -0.5855
vn 0.5443 0.2309 -0.8065
vn 0.1505 0.0415 -0.9877
vn 0.2893 0.1228 -0.9493
vn 0.2710 0.1591 0.9493
vn 0.1437 0.0610 0.9877
vn 0.5098 0.2993 0.8065
vn 0.6991 0.4104 0.5855
vn 0.8206 0.4817 0.3077
vn 0.8598 0.5047 0.0784
vn 0.8598 0.5047 -0.0784
vn 0.8206 0.4817 -0.3077
vn 0.6991 0.4104 -0.5855
vn 0.5098 0.2993 -0.8065
vn 0.1437 0.0610 -0.9877
vn 0.2710 0.1591 -0.9493
vn 0.2485 0.1923 0.9494
vn 0.1346 0.0790 0.9877
vn 0.4675 0.3618 0.8066
vn 0.6411 0.4961 0.5855
vn 0.7525 0.5823 0.3077
vn 0.7884 0.6101 0.0784
vn 0.7884 0.6101 -0.0784
vn 0.7525 0.5823 -0.3077
vn 0.6411 0.4961 -0.5855
vn 0.4675 0.3618 -0.8066
vn 0.1346 0.0790 -0.9877
vn 0.2485 0.1923 -0.9494
vn 0.2221 0.2221 0.9494
vn 0.1235 0.0956 0.9877
vn 0.4180 0.4180 0.8066
vn 0.5732 0.5732 0.5855
vn 0.6728 0.6728 0.3077
vn 0.7049 0.7049 0.0784
vn 0.7049 0.7049 -0.0784
vn 0.6728 0.6728 -0.3077
vn 0.5732 0.5732 -0.5855
vn 0.4180 0.4180 -0.8066
vn 0.1235 0.0956 -0.9877
vn 0.2221 0.2221 -0.9494
vn 0.0956 0.1235 0.9877
vn 0.1104 0.1104 0.9877
vn 0.1923 0.2485 0.9494
vn 0.3618 0.4675 0.8066
vn 0.4961 0.6411 0.5855
vn 0.5823 0.7525 0.3077
vn 0.6101 0.7884 -0.0784
vn 0.5823 0.7525 -0.3077
vn 0.4961 0.6411 -0.5855
vn 0.3618 0.4675 -0.8066
vn 0.1923 0.2485 -0.9494
vn 0.0956 0.1235 -0.9877
vn 0.1104 0.1104 -0.9877
vn 0.0790 0.1346 0.9877
vn 0.1591 0.2710 0.9493
vn 0.2993 0.5098 0.8065
vn 0.4104 0.6991 0.5855
vn 0.6101 0.7884 0.0784
vn 0.4817 0.8206 0.3077
vn 0.5047 0.8597 -0.0784
vn 0.4817 0.8206 -0.3077
vn 0.4104 0.6991 -0.5855
vn 0.2993 0.5098 -0.8065
vn 0.1591 0.2710 -0.9493
vn 0.0790 0.1346 -0.9877
vn 0.0610 0.1437 0.9877
vn 0.1228 0.2893 0.9493
vn 0.2309 0.5443 0.8065
vn 0.3166 0.7463 0.5855
vn 0.5047 0.8597 0.0784
vn 0.3716 0.8759 0.3077
vn 0.3894 0.9177 -0.0784
vn 0.3716 0.8759 -0.3077
vn 0.3166 0.7463 -0.5855
vn 0.2309 0.5443 -0.8065
vn 0.1228 0.2893 -0.9493
vn 0.0610 0.1437 -0.9877
vn 0.0415 0.1505 0.9877
vn 0.0837 0.3030 0.9493
vn 0.1574 0.5700 0.8065
vn 0.2158 0.7815 0.5855
vn 0.3894 0.9177 0.0784
vn 0.2532 0.9172 0.3077
vn 0.2653 0.9610 -0.0784
vn 0.2532 0.9172 -0.3077
vn 0.2158 0.7815 -0.5855
vn 0.1574 0.5700 -0.8065
vn 0.0837 0.3030 -0.9493
vn 0.0415 0.1505 -0.9877
vn 0.0211 0.1547 0.9877
vn 0.0424 0.3116 0.9493
vn 0.0798 0.5859 0.8064
vn 0.1094 0.8033 0.5854
vn 0.2653 0.9610 0.0784
vn 0.1283 0.9428 0.3077
vn 0.1345 0.9878 -0.0784
vn 0.1283 0.9428 -0.3077
vn 0.1094 0.8033 -0.5854
vn 0.0798 0.5859 -0.8064
vn 0.0424 0.3116 -0.9493
vn 0.0211 0.1547 -0.9877
vn -0.0000 0.1561 0.9877
vn -0.0000 0.3145 0.9493
vn -0.0000 0.5913 0.8064
vn -0.0000 0.8107 0.5854
vn 0.1345 0.9878 0.0784
vn -0.0000 0.9515 0.3077
vn -0.0000 0.9969 -0.0784
vn -0.0000 0.9515 -0.3077
vn -0.0000 0.8107 -0.5854
vn -0.0000 0.5913 -0.8064
vn -0.0000 0.3145 -0.9493
vn -0.0000 0.1561 -0.9877
vn -0.0424 0.3116 0.9493
vn -0.0798 0.5859 0.8064
vn -0.1094 0.8033 0.5854
vn -0.1283 0.9428 0.3077
vn -0.1345 0.9878 0.0784
vn -0.0000 0.9969 0.0784
vn -0.1345 0.9878 -0.0784
vn -0.1283 0.9428 -0.3077
vn -0.1094 0.8033 -0.5854
vn -0.0798 0.5859 -0.8064
vn -0.0424 0.3116 -0.9493
vn -0.0837 0.3030 0.9493
vn -0.0211 0.1547 0.9877
vn -0.1574 0.5700 0.8065
vn -0.2158 0.7815 0.5855
vn -0.2532 0.9172 0.3077
vn -0.2653 0.9610 0.0784
vn -0.2653 0.9610 -0.0784
vn -0.2532 0.9172 -0.3077
vn -0.2158 0.7815 -0.5855
vn -0.1574 0.5700 -0.8065
vn -0.0211 0.1547 -0.9877
vn -0.0837 0.3030 -0.9493
vn -0.1228 0.2893 0.9493
vn -0.0415 0.1505 0.9877
vn -0.2309 0.5443 0.8065
vn -0.3166 0.7463 0.5855
vn -0.3716 0.8759 0.3077
vn -0.3894 0.9177 0.0784
vn -0.3894 0.9177 -0.0784
vn -0.3716 0.8759 -0.3077
vn -0.3166 0.7463 -0.5855
vn -0.2309 0.5443 -0.8065
vn -0.0415 0.1505 -0.9877
vn -0.1228 0.2893 -0.9493
vn -0.1591 0.2710 0.9493
vn -0.0610 0.1437 0.9877
vn -0.2993 0.5098 0.8065
vn -0.4104 0.6991 0.5855
vn -0.4817 0.8206 0.3077
vn -0.5047 0.8597 0.0784
vn -0.5047 0.8597 -0.0784
vn -0.4817 0.8206 -0.3077
vn -0.4104 0.6991 -0.5855
vn -0.2993 0.5098 -0.8065
vn -0.0610 0.1437 -0.9877
vn -0.1591 0.2710 -0.9493
vn -0.1923 0.2485 0.9494
vn -0.0790 0.1346 0.9877
vn -0.3618 0.4675 0.8066
vn -0.4961 0.6411 0.5855
vn -0.5823 0.7525 0.3077
vn -0.6101 0.7884 0.0784
vn -0.6101 0.7884 -0.0784
vn -0.5823 0.7525 -0.3077
vn -0.4961 0.6411 -0.5855
vn -0.3618 0.4675 -0.8066
vn -0.0790 0.1346 -0.9877
vn -0.1923 0.2485 -0.9494
vn -0.2221 0.2221 0.9494
vn -0.0956 0.1235 0.9877
vn -0.4180 0.4180 0.8066
vn -0.5732 0.5732 0.5855
vn -0.6728 0.6728 0.3077
vn -0.7049 0.7049 0.0784
vn -0.7049 0.7049 -0.0784
vn -0.6728 0.6728 -0.3077
vn -0.5732 0.5732 -0.5855
vn -0.4180 0.4180 -0.8066
vn -0.0956 0.1235 -0.9877
vn -0.2221 0.2221 -0.9494
vn -0.1235 0.0956 0.9877
vn -0.1104 0.1104 0.9877
vn -0.2485 0.1923 0.9494
vn -0.4675 0.3618 0.8066
vn -0.6411 0.4961 0.5855
vn -0.7525 0.5823 0.3077
vn -0.7884 0.6101 -0.0784
vn -0.7525 0.5823 -0.3077
vn -0.6411 0.4961 -0.5855
vn -0.4675 0.3618 -0.8066
vn -0.2485 0.1923 -0.9494
vn -0.1235 0.0956 -0.9877
vn -0.1104 0.1104 -0.9877
vn -0.1346 0.0790 0.9877
vn -0.2710 0.1591 0.9493
vn -0.5098 0.2993 0.8065
vn -0.6991 0.4104 0.5855
vn -0.7884 0.6101 0.0784
vn -0.8206 0.4817 0.3077
vn -0.8598 0.5047 -0.0784
vn -0.8206 0.4817 -0.3077
vn -0.6991 0.4104 -0.5855
vn -0.5098 0.2993 -0.8065
vn -0.2710 0.1591 -0.9494
vn -0.1346 0.0790 -0.9877
vn -0.1437 0.0610 0.9877
vn -0.2893 0.1227 0.9493
vn -0.5443 0.2309 0.8065
vn -0.7463 0.3166 0.5855
vn -0.8598 0.5047 0.0784
vn -0.8759 0.3716 0.3077
vn -0.9178 0.3893 -0.0784
vn -0.8759 0.3716 -0.3077
vn -0.7463 0.3166 -0.5855
vn -0.5443 0.2309 -0.8065
vn -0.2893 0.1227 -0.9493
vn -0.1437 0.0610 -0.9877
vn -0.1505 0.0415 0.9877
vn -0.3030 0.0837 0.9493
vn -0.5700 0.1574 0.8065
vn -0.7815 0.2158 0.5855
vn -0.9178 0.3893 0.0784
vn -0.9172 0.2532 0.3077
vn -0.9610 0.2653 -0.0784
vn -0.9172 0.2532 -0.3077
vn -0.7815 0.2158 -0.5855
vn -0.5700 0.1574 -0.8065
vn -0.3030 0.0837 -0.9493
vn -0.1505 0.0415 -0.9877
vn -0.1547 0.0211 0.9877
vn -0.3116 0.0424 0.9493
vn -0.5859 0.0798 0.8064
vn -0.8033 0.1094 0.5854
vn -0.9610 0.2653 0.0784
vn -0.9428 0.1283 0.3077
vn -0.9878 0.1345 -0.0784
vn -0.9428 0.1283 -0.3077
vn -0.8033 0.1094 -0.5854
vn -0.5859 0.0798 -0.8064
vn -0.3116 0.0424 -0.9493
vn -0.1547 0.0211 -0.9877
vn -0.3145 -0.0000 0.9493
vn -0.5913 -0.0000 0.8064
vn -0.8107 -0.0000 0.5854
vn -0.9878 0.1345 0.0784
vn -0.8107 -0.0000 -0.5854
vn -0.5913 -0.0000 -0.8064
vn -0.3145 -0.0000 -0.9493
vn -0.2733 0.5262 -0.8052
vn -0.2076 0.2399 0.9483
vn -0.6228 0.7195 0.3074
vn -0.5216 0.2788 0.8063
vn -0.8392 0.4486 0.3076
vn -0.8392 0.4486 -0.3076
vn -0.7151 0.3822 -0.5853
vn -0.8895 0.3378 -0.3078
vn -0.9186 0.2478 -0.3080
vn -0.5796 0.1089 0.8076
vn -0.9969 -0.0079 0.0784
vn -0.9969 -0.0079 -0.0784
vn -0.9968 -0.0162 -0.0784
vn -0.9968 -0.0162 0.0784
vn -0.9966 -0.0250 -0.0785
vn -0.5877 -0.0204 0.8088
vn -0.9966 -0.0250 0.0785
vn -0.5877 -0.0204 -0.8088
vn -0.9501 -0.0427 0.3089
vn -0.9954 -0.0558 -0.0785
vn -0.9496 -0.0532 -0.3088
vn -0.9946 -0.0677 -0.0785
vn -0.9433 -0.1216 0.3087
vn -0.9433 -0.1216 -0.3087
vn -0.5822 -0.0825 0.8088
vn -0.9871 -0.1399 -0.0785
vn -0.8007 -0.1156 0.5879
vn -0.9413 -0.1359 0.3091
vn -0.9867 -0.1425 -0.0785
vn -0.7933 -0.1613 -0.5870
vn -0.7866 -0.1920 -0.5868
vn -0.9110 -0.2740 0.3083
vn -0.9110 -0.2740 -0.3083
vn -0.7241 -0.3642 0.5857
vn -0.7241 -0.3642 -0.5857
vn -0.5677 -0.5793 0.5849
vn -0.2616 -0.9620 -0.0787
vn 0.7241 -0.3642 -0.5856
vn 0.5723 -0.1397 0.8080
vn 0.5724 -0.1397 -0.8080
vn 0.9871 -0.1399 -0.0784
vn 0.5822 -0.0825 -0.8088
vn 0.9871 -0.1399 0.0784
vn 0.8056 -0.0770 0.5875
vn 0.8056 -0.0770 -0.5875
vn 0.9489 -0.0646 0.3089
vn 0.8073 -0.0550 -0.5875
vn 0.5872 -0.0329 0.8087
vn 0.8080 -0.0453 0.5875
vn 0.5872 -0.0329 -0.8087
vn 0.9501 -0.0427 0.3089
vn 0.5877 -0.0204 0.8088
vn 0.8087 -0.0280 0.5876
vn 0.9966 -0.0250 0.0785
vn 0.9966 -0.0250 -0.0785
vn 0.9968 -0.0162 0.0784
vn 0.9968 -0.0162 -0.0784
vn 0.9186 0.2478 0.3080
vn 0.9186 0.2478 -0.3080
vn 0.8895 0.3377 0.3078
vn 0.7150 0.3822 0.5853
vn 0.8391 0.4486 0.3076
vn 0.7150 0.3822 -0.5853
vn 0.2733 0.5262 -0.8052
vn -0.5700 -0.1574 -0.8065
vn -0.2893 -0.1228 -0.9493
vn -0.1591 -0.2710 0.9494
vn -0.1574 -0.5699 -0.8065
vn 0.1283 -0.9428 0.3077
vn 0.1283 -0.9428 -0.3077
vn 0.0955 -0.1235 0.9877
vn 0.8598 -0.5047 -0.0784
vn 0.2893 -0.1227 0.9493
vn 0.9178 -0.3893 -0.0784
vn 0.2893 -0.1227 -0.9493
vn 0.9178 -0.3893 0.0784
vn 0.9428 -0.1283 0.3077
vn 0.9428 0.1284 0.3077
vn 0.9428 0.1284 -0.3077
vn 0.7814 0.2158 0.5855
vn 0.2893 0.1227 0.9493
vn 0.9178 0.3893 0.0784
vn 0.9178 0.3893 -0.0784
vn 0.2893 0.1227 -0.9493
vn 0.1235 0.0955 0.9877
vn 0.1235 0.0955 -0.9877
vn -0.1591 0.2710 0.9494
vn -0.1591 0.2710 -0.9494
vn -0.2710 0.1591 -0.9493
vn -0.3031 0.0837 0.9493
vn -0.8033 0.1094 0.5855
vn -0.8033 0.1094 -0.5855
vt 0.793388 0.000000
vt 0.785124 0.000000
vt 0.776860 0.000000
vt 0.801653 0.000000
vt 0.834711 0.000000
vt 0.768595 0.000000
vt 0.760331 0.000000
vt 0.842975 0.000000
vt 0.826446 0.000000
vt 0.809917 0.000000
vt 0.818182 0.000000
vt 0.314050 0.000000
vt 0.305785 0.000000
vt 0.297521 0.000000
vt 0.719008 0.000000
vt 0.710744 0.000000
vt 0.727273 0.000000
vt 0.892562 0.000000
vt 0.884298 0.000000
vt 0.876033 0.000000
vt 0.603306 0.000000
vt 0.595041 0.000000
vt 0.578512 0.000000
vt 0.586777 0.000000
vt 0.752066 0.000000
vt 0.851240 0.000000
vt 0.694215 0.000000
vt 0.685950 0.000000
vt 0.677686 0.000000
vt 0.702479 0.000000
vt 0.669421 0.000000
vt 0.933884 0.000000
vt 0.925620 0.000000
vt 0.900826 0.000000
vt 0.909091 0.000000
vt 0.917355 0.000000
vt 0.008264 0.000000
vt 0.000000 0.000000
vt 0.016529 0.000000
vt 0.950413 0.000000
vt 0.652893 0.000000
vt 0.644628 0.000000
vt 0.958678 0.000000
vt 0.636364 0.000000
vt 0.966942 0.000000
vt 0.628099 0.000000
vt 0.619835 0.000000
vt 0.611570 0.000000
vt 1.000000 0.000000
vt 0.991736 0.000000
vt 0.975207 0.000000
vt 0.983471 0.000000
vt 0.735537 0.000000
vt 0.743802 0.000000
vt 0.661157 0.000000
vt 0.859504 0.000000
vt 0.942149 0.000000
vt 0.867769 0.000000
vt 0.289256 0.000000
vt 0.280992 0.000000
vt 0.272727 0.000000
vt 0.322314 0.000000
vt 0.264463 0.000000
vt 0.330579 0.000000
vt 0.338843 0.000000
vt 0.256198 0.000000
vt 0.347107 0.000000
vt 0.247934 0.000000
vt 0.355372 0.000000
vt 0.239669 0.000000
vt 0.231405 0.000000
vt 0.363636 0.000000
vt 0.371901 0.000000
vt 0.223140 0.000000
vt 0.380165 0.000000
vt 0.214876 0.000000
vt 0.388430 0.000000
vt 0.206612 0.000000
vt 0.198347 0.000000
vt 0.396694 0.000000
vt 0.404959 0.000000
vt 0.190083 0.000000
vt 0.181818 0.000000
vt 0.413223 0.000000
vt 0.421488 0.000000
vt 0.173554 0.000000
vt 0.165289 0.000000
vt 0.429752 0.000000
vt 0.438017 0.000000
vt 0.157025 0.000000
vt 0.446281 0.000000
vt 0.148760 0.000000
vt 0.140496 0.000000
vt 0.454545 0.000000
vt 0.462810 0.000000
vt 0.132231 0.000000
vt 0.471074 0.000000
vt 0.123967 0.000000
vt 0.479339 0.000000
vt 0.115702 0.000000
vt 0.487603 0.000000
vt 0.107438 0.000000
vt 0.495868 0.000000
vt 0.099174 0.000000
vt 0.504132 0.000000
vt 0.090909 0.000000
vt 0.512397 0.000000
vt 0.082645 0.000000
vt 0.074380 0.000000
vt 0.520661 0.000000
vt 0.066116 0.000000
vt 0.528926 0.000000
vt 0.057851 0.000000
vt 0.537190 0.000000
vt 0.049587 0.000000
vt 0.545455 0.000000
vt 0.041322 0.000000
vt 0.553719 0.000000
vt 0.033058 0.000000
vt 0.561983 0.000000
vt 0.024793 0.000000
vt 0.570248 0.000000
vt 0.600000 0.000000
vt 0.400000 0.000000
vt 0.200000 0.000000
vt 0.800000 0.000000
vt 0.300000 0.000000
vt 0.500000 0.000000
vt 0.900000 0.000000
vt 0.100000 0.000000
vt 0.700000 0.000000
vt 0.326316 0.000000
vt 0.315789 0.000000
vt 0.915789 0.000000
vt 0.905263 0.000000
vt 0.336842 0.000000
vt 0.894737 0.000000
vt 0.347368 0.000000
vt 0.884211 0.000000
vt 0.357895 0.000000
vt 0.873684 0.000000
vt 0.368421 0.000000
vt 0.378947 0.000000
vt 0.863158 0.000000
vt 0.389474 0.000000
vt 0.852632 0.000000
vt 0.842105 0.000000
vt 0.410526 0.000000
vt 0.831579 0.000000
vt 0.421053 0.000000
vt 0.273684 0.000000
vt 0.957895 0.000000
vt 0.284211 0.000000
vt 0.947368 0.000000
vt 0.789474 0.000000
vt 0.452632 0.000000
vt 0.463158 0.000000
vt 0.968421 0.000000
vt 0.263158 0.000000
vt 0.978947 0.000000
vt 0.768421 0.000000
vt 0.473684 0.000000
vt 0.778947 0.000000
vt 0.989474 0.000000
vt 0.252632 0.000000
vt 0.242105 0.000000
vt 0.757895 0.000000
vt 0.484211 0.000000
vt 0.294737 0.000000
vt 0.936842 0.000000
vt 0.305263 0.000000
vt 0.926316 0.000000
vt 0.821053 0.000000
vt 0.431579 0.000000
vt 0.810526 0.000000
vt 0.442105 0.000000
vt 0.494737 0.000000
vt 0.747368 0.000000
vt 0.736842 0.000000
vt 0.221053 0.000000
vt 0.526316 0.000000
vt 0.515789 0.000000
vt 0.010526 0.000000
vt 0.726316 0.000000
vt 0.715789 0.000000
vt 0.231579 0.000000
vt 0.505263 0.000000
vt 0.536842 0.000000
vt 0.210526 0.000000
vt 0.547368 0.000000
vt 0.705263 0.000000
vt 0.694737 0.000000
vt 0.031579 0.000000
vt 0.021053 0.000000
vt 0.168421 0.000000
vt 0.157895 0.000000
vt 0.578947 0.000000
vt 0.589474 0.000000
vt 0.147368 0.000000
vt 0.136842 0.000000
vt 0.610526 0.000000
vt 0.126316 0.000000
vt 0.621053 0.000000
vt 0.115789 0.000000
vt 0.105263 0.000000
vt 0.631579 0.000000
vt 0.094737 0.000000
vt 0.642105 0.000000
vt 0.084211 0.000000
vt 0.652632 0.000000
vt 0.073684 0.000000
vt 0.663158 0.000000
vt 0.063158 0.000000
vt 0.189474 0.000000
vt 0.557895 0.000000
vt 0.178947 0.000000
vt 0.568421 0.000000
vt 0.673684 0.000000
vt 0.052632 0.000000
vt 0.684211 0.000000
vt 0.042105 0.000000
vt 0.237624 0.000000
vt 0.227723 0.000000
vt 0.712871 0.000000
vt 0.188119 0.000000
vt 0.178218 0.000000
vt 0.752475 0.000000
vt 0.742574 0.000000
vt 0.198020 0.000000
vt 0.732673 0.000000
vt 0.207921 0.000000
vt 0.217822 0.000000
vt 0.722772 0.000000
vt 0.702970 0.000000
vt 0.247525 0.000000
vt 0.693069 0.000000
vt 0.257426 0.000000
vt 0.683168 0.000000
vt 0.267327 0.000000
vt 0.673267 0.000000
vt 0.277228 0.000000
vt 0.663366 0.000000
vt 0.287129 0.000000
vt 0.633663 0.000000
vt 0.623762 0.000000
vt 0.316832 0.000000
vt 0.138614 0.000000
vt 0.792079 0.000000
vt 0.148515 0.000000
vt 0.782178 0.000000
vt 0.306931 0.000000
vt 0.643564 0.000000
vt 0.326733 0.000000
vt 0.613861 0.000000
vt 0.336634 0.000000
vt 0.821782 0.000000
vt 0.108911 0.000000
vt 0.831683 0.000000
vt 0.118812 0.000000
vt 0.811881 0.000000
vt 0.603960 0.000000
vt 0.594059 0.000000
vt 0.346535 0.000000
vt 0.128713 0.000000
vt 0.801980 0.000000
vt 0.158416 0.000000
vt 0.772277 0.000000
vt 0.168317 0.000000
vt 0.762376 0.000000
vt 0.653465 0.000000
vt 0.297030 0.000000
vt 0.564356 0.000000
vt 0.376238 0.000000
vt 0.574257 0.000000
vt 0.366337 0.000000
vt 0.841584 0.000000
vt 0.099010 0.000000
vt 0.089109 0.000000
vt 0.851485 0.000000
vt 0.861386 0.000000
vt 0.871287 0.000000
vt 0.079208 0.000000
vt 0.069307 0.000000
vt 0.881188 0.000000
vt 0.900990 0.000000
vt 0.891089 0.000000
vt 0.059406 0.000000
vt 0.544554 0.000000
vt 0.405941 0.000000
vt 0.554455 0.000000
vt 0.396040 0.000000
vt 0.386139 0.000000
vt 0.930693 0.000000
vt 0.920792 0.000000
vt 0.039604 0.000000
vt 0.029703 0.000000
vt 0.940594 0.000000
vt 0.534653 0.000000
vt 0.524752 0.000000
vt 0.425743 0.000000
vt 0.415842 0.000000
vt 0.475248 0.000000
vt 0.465347 0.000000
vt 0.485149 0.000000
vt 0.495050 0.000000
vt 0.455446 0.000000
vt 0.504951 0.000000
vt 0.445545 0.000000
vt 0.019802 0.000000
vt 0.950495 0.000000
vt 0.009901 0.000000
vt 0.960396 0.000000
vt 0.990099 0.000000
vt 0.514852 0.000000
vt 0.435644 0.000000
vt 0.049505 0.000000
vt 0.910891 0.000000
vt 0.980198 0.000000
vt 0.970297 0.000000
vt 0.584158 0.000000
vt 0.356436 0.000000
vt 0.000000 0.090909
vt 0.009804 0.000000
vt 0.000000 0.181818
vt 0.009804 0.090909
vt 0.000000 0.272727
vt 0.009804 0.181818
vt 0.000000 0.363636
vt 0.009804 0.272727
vt 0.000000 0.454545
vt 0.009804 0.363636
vt 0.009804 0.545455
vt 0.000000 0.545455
vt 0.009804 0.636364
vt 0.000000 0.636364
vt 0.009804 0.727273
vt 0.000000 0.727273
vt 0.009804 0.818182
vt 0.000000 0.818182
vt 0.009804 0.909091
vt 0.000000 0.909091
vt 0.009804 1.000000
vt 0.000000 1.000000
vt 0.019608 0.000000
vt 0.019608 0.090909
vt 0.019608 0.181818
vt 0.019608 0.272727
vt 0.009804 0.454545
vt 0.019608 0.363636
vt 0.019608 0.545455
vt 0.019608 0.636364
vt 0.019608 0.727273
vt 0.019608 0.818182
vt 0.019608 0.909091
vt 0.019608 1.000000
vt 0.029412 0.000000
vt 0.029412 0.090909
vt 0.029412 0.181818
vt 0.029412 0.272727
vt 0.019608 0.454545
vt 0.029412 0.363636
vt 0.029412 0.545455
vt 0.029412 0.636364
vt 0.029412 0.727273
vt 0.029412 0.818182
vt 0.029412 0.909091
vt 0.029412 1.000000
vt 0.039216 0.000000
vt 0.039216 0.090909
vt 0.039216 0.181818
vt 0.039216 0.272727
vt 0.029412 0.454545
vt 0.039216 0.363636
vt 0.039216 0.545455
vt 0.039216 0.636364
vt 0.039216 0.727273
vt 0.039216 0.818182
vt 0.039216 0.909091
vt 0.039216 1.000000
vt 0.049020 0.000000
vt 0.049020 0.090909
vt 0.049020 0.181818
vt 0.049020 0.272727
vt 0.039216 0.454545
vt 0.049020 0.363636
vt 0.049020 0.545455
vt 0.049020 0.636364
vt 0.049020 0.727273
vt 0.049020 0.818182
vt 0.049020 0.909091
vt 0.049020 1.000000
vt 0.058824 0.090909
vt 0.058824 0.181818
vt 0.058824 0.272727
vt 0.058824 0.363636
vt 0.049020 0.454545
vt 0.058824 0.545455
vt 0.058824 0.636364
vt 0.058824 0.727273
vt 0.058824 0.818182
vt 0.058824 0.909091
vt 0.068627 0.090909
vt 0.058824 0.000000
vt 0.068627 0.181818
vt 0.068627 0.272727
vt 0.068627 0.363636
vt 0.068627 0.454545
vt 0.058824 0.454545
vt 0.068627 0.545455
vt 0.068627 0.636364
vt 0.068627 0.727273
vt 0.068627 0.818182
vt 0.058824 1.000000
vt 0.068627 0.909091
vt 0.078431 0.090909
vt 0.068627 0.000000
vt 0.078431 0.181818
vt 0.078431 0.272727
vt 0.078431 0.363636
vt 0.078431 0.454545
vt 0.078431 0.545455
vt 0.078431 0.636364
vt 0.078431 0.727273
vt 0.078431 0.818182
vt 0.068627 1.000000
vt 0.078431 0.909091
vt 0.088235 0.090909
vt 0.078431 0.000000
vt 0.088235 0.181818
vt 0.088235 0.272727
vt 0.088235 0.363636
vt 0.088235 0.454545
vt 0.088235 0.545455
vt 0.088235 0.636364
vt 0.088235 0.727273
vt 0.088235 0.818182
vt 0.078431 1.000000
vt 0.088235 0.909091
vt 0.098039 0.090909
vt 0.088235 0.000000
vt 0.098039 0.181818
vt 0.098039 0.272727
vt 0.098039 0.363636
vt 0.098039 0.454545
vt 0.098039 0.545455
vt 0.098039 0.636364
vt 0.098039 0.727273
vt 0.098039 0.818182
vt 0.088235 1.000000
vt 0.098039 0.909091
vt 0.107843 0.000000
vt 0.098039 0.000000
vt 0.107843 0.090909
vt 0.107843 0.181818
vt 0.107843 0.272727
vt 0.107843 0.363636
vt 0.107843 0.545455
vt 0.107843 0.636364
vt 0.107843 0.727273
vt 0.107843 0.818182
vt 0.107843 0.909091
vt 0.107843 1.000000
vt 0.098039 1.000000
vt 0.117647 0.000000
vt 0.117647 0.090909
vt 0.117647 0.181818
vt 0.117647 0.272727
vt 0.107843 0.454545
vt 0.117647 0.363636
vt 0.117647 0.545455
vt 0.117647 0.636364
vt 0.117647 0.727273
vt 0.117647 0.818182
vt 0.117647 0.909091
vt 0.117647 1.000000
vt 0.127451 0.000000
vt 0.127451 0.090909
vt 0.127451 0.181818
vt 0.127451 0.272727
vt 0.117647 0.454545
vt 0.127451 0.363636
vt 0.127451 0.545455
vt 0.127451 0.636364
vt 0.127451 0.727273
vt 0.127451 0.818182
vt 0.127451 0.909091
vt 0.127451 1.000000
vt 0.137255 0.000000
vt 0.137255 0.090909
vt 0.137255 0.181818
vt 0.137255 0.272727
vt 0.127451 0.454545
vt 0.137255 0.363636
vt 0.137255 0.545455
vt 0.137255 0.636364
vt 0.137255 0.727273
vt 0.137255 0.818182
vt 0.137255 0.909091
vt 0.137255 1.000000
vt 0.147059 0.000000
vt 0.147059 0.090909
vt 0.147059 0.181818
vt 0.147059 0.272727
vt 0.137255 0.454545
vt 0.147059 0.363636
vt 0.147059 0.545455
vt 0.147059 0.636364
vt 0.147059 0.727273
vt 0.147059 0.818182
vt 0.147059 0.909091
vt 0.147059 1.000000
vt 0.156863 0.000000
vt 0.156863 0.090909
vt 0.156863 0.181818
vt 0.156863 0.272727
vt 0.147059 0.454545
vt 0.156863 0.363636
vt 0.156863 0.545455
vt 0.156863 0.636364
vt 0.156863 0.727273
vt 0.156863 0.818182
vt 0.156863 0.909091
vt 0.156863 1.000000
vt 0.166667 0.000000
vt 0.166667 0.090909
vt 0.166667 0.181818
vt 0.166667 0.272727
vt 0.156863 0.454545
vt 0.166667 0.363636
vt 0.166667 0.545455
vt 0.166667 0.636364
vt 0.166667 0.727273
vt 0.166667 0.818182
vt 0.166667 0.909091
vt 0.166667 1.000000
vt 0.176471 0.000000
vt 0.176471 0.090909
vt 0.176471 0.181818
vt 0.176471 0.272727
vt 0.166667 0.454545
vt 0.176471 0.363636
vt 0.176471 0.545455
vt 0.176471 0.636364
vt 0.176471 0.727273
vt 0.176471 0.818182
vt 0.176471 0.909091
vt 0.176471 1.000000
vt 0.186275 0.000000
vt 0.186275 0.090909
vt 0.186275 0.181818
vt 0.186275 0.272727
vt 0.176471 0.454545
vt 0.186275 0.363636
vt 0.186275 0.545455
vt 0.186275 0.636364
vt 0.186275 0.727273
vt 0.186275 0.818182
vt 0.186275 0.909091
vt 0.186275 1.000000
vt 0.196078 0.090909
vt 0.196078 0.181818
vt 0.196078 0.272727
vt 0.196078 0.363636
vt 0.196078 0.454545
vt 0.186275 0.454545
vt 0.196078 0.545455
vt 0.196078 0.636364
vt 0.196078 0.727273
vt 0.196078 0.818182
vt 0.196078 0.909091
vt 0.205882 0.090909
vt 0.196078 0.000000
vt 0.205882 0.181818
vt 0.205882 0.272727
vt 0.205882 0.363636
vt 0.205882 0.454545
vt 0.205882 0.545455
vt 0.205882 0.636364
vt 0.205882 0.727273
vt 0.205882 0.818182
vt 0.196078 1.000000
vt 0.205882 0.909091
vt 0.215686 0.090909
vt 0.205882 0.000000
vt 0.215686 0.181818
vt 0.215686 0.272727
vt 0.215686 0.363636
vt 0.215686 0.454545
vt 0.215686 0.545455
vt 0.215686 0.636364
vt 0.215686 0.727273
vt 0.215686 0.818182
vt 0.205882 1.000000
vt 0.215686 0.909091
vt 0.225490 0.090909
vt 0.215686 0.000000
vt 0.225490 0.181818
vt 0.225490 0.272727
vt 0.225490 0.363636
vt 0.225490 0.454545
vt 0.225490 0.545455
vt 0.225490 0.636364
vt 0.225490 0.727273
vt 0.225490 0.818182
vt 0.215686 1.000000
vt 0.225490 0.909091
vt 0.235294 0.000000
vt 0.225490 0.000000
vt 0.235294 0.090909
vt 0.235294 0.181818
vt 0.235294 0.272727
vt 0.235294 0.363636
vt 0.235294 0.454545
vt 0.235294 0.636364
vt 0.235294 0.727273
vt 0.235294 0.818182
vt 0.235294 0.909091
vt 0.235294 1.000000
vt 0.225490 1.000000
vt 0.245098 0.000000
vt 0.245098 0.090909
vt 0.245098 0.181818
vt 0.245098 0.272727
vt 0.245098 0.363636
vt 0.245098 0.545455
vt 0.235294 0.545455
vt 0.245098 0.636364
vt 0.245098 0.727273
vt 0.245098 0.818182
vt 0.245098 0.909091
vt 0.245098 1.000000
vt 0.254902 0.000000
vt 0.254902 0.090909
vt 0.254902 0.181818
vt 0.254902 0.272727
vt 0.245098 0.454545
vt 0.254902 0.363636
vt 0.254902 0.545455
vt 0.254902 0.636364
vt 0.254902 0.727273
vt 0.254902 0.818182
vt 0.254902 0.909091
vt 0.254902 1.000000
vt 0.264706 0.090909
vt 0.264706 0.181818
vt 0.264706 0.272727
vt 0.264706 0.363636
vt 0.264706 0.454545
vt 0.254902 0.454545
vt 0.264706 0.545455
vt 0.264706 0.636364
vt 0.264706 0.727273
vt 0.264706 0.818182
vt 0.264706 0.909091
vt 0.274510 0.090909
vt 0.264706 0.000000
vt 0.274510 0.181818
vt 0.274510 0.272727
vt 0.274510 0.363636
vt 0.274510 0.454545
vt 0.274510 0.545455
vt 0.274510 0.636364
vt 0.274510 0.727273
vt 0.274510 0.818182
vt 0.264706 1.000000
vt 0.274510 0.909091
vt 0.284314 0.090909
vt 0.274510 0.000000
vt 0.284314 0.181818
vt 0.284314 0.272727
vt 0.284314 0.363636
vt 0.284314 0.454545
vt 0.284314 0.545455
vt 0.284314 0.636364
vt 0.284314 0.727273
vt 0.284314 0.818182
vt 0.274510 1.000000
vt 0.284314 0.909091
vt 0.294118 0.090909
vt 0.284314 0.000000
vt 0.294118 0.181818
vt 0.294118 0.272727
vt 0.294118 0.363636
vt 0.294118 0.454545
vt 0.294118 0.545455
vt 0.294118 0.636364
vt 0.294118 0.727273
vt 0.294118 0.818182
vt 0.284314 1.000000
vt 0.294118 0.909091
vt 0.303922 0.090909
vt 0.294118 0.000000
vt 0.303922 0.181818
vt 0.303922 0.272727
vt 0.303922 0.363636
vt 0.303922 0.454545
vt 0.303922 0.545455
vt 0.303922 0.636364
vt 0.303922 0.727273
vt 0.303922 0.818182
vt 0.294118 1.000000
vt 0.303922 0.909091
vt 0.313726 0.090909
vt 0.303922 0.000000
vt 0.313726 0.181818
vt 0.313726 0.272727
vt 0.313726 0.363636
vt 0.313726 0.454545
vt 0.313726 0.545455
vt 0.313726 0.636364
vt 0.313726 0.727273
vt 0.313726 0.818182
vt 0.303922 1.000000
vt 0.313726 0.909091
vt 0.323529 0.090909
vt 0.313726 0.000000
vt 0.323529 0.181818
vt 0.323529 0.272727
vt 0.323529 0.363636
vt 0.323529 0.454545
vt 0.323529 0.545455
vt 0.323529 0.636364
vt 0.323529 0.727273
vt 0.323529 0.818182
vt 0.313726 1.000000
vt 0.323529 0.909091
vt 0.333333 0.090909
vt 0.323529 0.000000
vt 0.333333 0.181818
vt 0.333333 0.272727
vt 0.333333 0.363636
vt 0.333333 0.454545
vt 0.333333 0.545455
vt 0.333333 0.636364
vt 0.333333 0.727273
vt 0.333333 0.818182
vt 0.323529 1.000000
vt 0.333333 0.909091
vt 0.343137 0.090909
vt 0.333333 0.000000
vt 0.343137 0.181818
vt 0.343137 0.272727
vt 0.343137 0.363636
vt 0.343137 0.454545
vt 0.343137 0.545455
vt 0.343137 0.636364
vt 0.343137 0.727273
vt 0.343137 0.818182
vt 0.333333 1.000000
vt 0.343137 0.909091
vt 0.352941 0.090909
vt 0.343137 0.000000
vt 0.352941 0.181818
vt 0.352941 0.272727
vt 0.352941 0.363636
vt 0.352941 0.454545
vt 0.352941 0.545455
vt 0.352941 0.636364
vt 0.352941 0.727273
vt 0.352941 0.818182
vt 0.343137 1.000000
vt 0.352941 0.909091
vt 0.362745 0.000000
vt 0.352941 0.000000
vt 0.362745 0.090909
vt 0.362745 0.181818
vt 0.362745 0.272727
vt 0.362745 0.363636
vt 0.362745 0.545455
vt 0.362745 0.636364
vt 0.362745 0.727273
vt 0.362745 0.818182
vt 0.362745 0.909091
vt 0.362745 1.000000
vt 0.352941 1.000000
vt 0.372549 0.000000
vt 0.372549 0.090909
vt 0.372549 0.181818
vt 0.372549 0.272727
vt 0.362745 0.454545
vt 0.372549 0.363636
vt 0.372549 0.545455
vt 0.372549 0.636364
vt 0.372549 0.727273
vt 0.372549 0.818182
vt 0.372549 0.909091
vt 0.372549 1.000000
vt 0.382353 0.000000
vt 0.382353 0.090909
vt 0.382353 0.181818
vt 0.382353 0.272727
vt 0.372549 0.454545
vt 0.382353 0.363636
vt 0.382353 0.545455
vt 0.382353 0.636364
vt 0.382353 0.727273
vt 0.382353 0.818182
vt 0.382353 0.909091
vt 0.382353 1.000000
vt 0.392157 0.090909
vt 0.392157 0.181818
vt 0.392157 0.272727
vt 0.392157 0.363636
vt 0.392157 0.454545
vt 0.382353 0.454545
vt 0.392157 0.545455
vt 0.392157 0.636364
vt 0.392157 0.727273
vt 0.392157 0.818182
vt 0.392157 0.909091
vt 0.401961 0.090909
vt 0.392157 0.000000
vt 0.401961 0.181818
vt 0.401961 0.272727
vt 0.401961 0.363636
vt 0.401961 0.454545
vt 0.401961 0.545455
vt 0.401961 0.636364
vt 0.401961 0.727273
vt 0.401961 0.818182
vt 0.392157 1.000000
vt 0.401961 0.909091
vt 0.411765 0.090909
vt 0.401961 0.000000
vt 0.411765 0.181818
vt 0.411765 0.272727
vt 0.411765 0.363636
vt 0.411765 0.454545
vt 0.411765 0.545455
vt 0.411765 0.636364
vt 0.411765 0.727273
vt 0.411765 0.818182
vt 0.401961 1.000000
vt 0.411765 0.909091
vt 0.421569 0.090909
vt 0.411765 0.000000
vt 0.421569 0.181818
vt 0.421569 0.272727
vt 0.421569 0.363636
vt 0.421569 0.454545
vt 0.421569 0.545455
vt 0.421569 0.636364
vt 0.421569 0.727273
vt 0.421569 0.818182
vt 0.411765 1.000000
vt 0.421569 0.909091
vt 0.431373 0.090909
vt 0.421569 0.000000
vt 0.431373 0.181818
vt 0.431373 0.272727
vt 0.431373 0.363636
vt 0.431373 0.454545
vt 0.431373 0.545455
vt 0.431373 0.636364
vt 0.431373 0.727273
vt 0.431373 0.818182
vt 0.421569 1.000000
vt 0.431373 0.909091
vt 0.441176 0.090909
vt 0.431373 0.000000
vt 0.441176 0.181818
vt 0.441176 0.272727
vt 0.441176 0.363636
vt 0.441176 0.454545
vt 0.441176 0.545455
vt 0.441176 0.636364
vt 0.441176 0.727273
vt 0.441176 0.818182
vt 0.431373 1.000000
vt 0.441176 0.909091
vt 0.450980 0.090909
vt 0.441176 0.000000
vt 0.450980 0.181818
vt 0.450980 0.272727
vt 0.450980 0.363636
vt 0.450980 0.454545
vt 0.450980 0.545455
vt 0.450980 0.636364
vt 0.450980 0.727273
vt 0.450980 0.818182
vt 0.441176 1.000000
vt 0.450980 0.909091
vt 0.460784 0.000000
vt 0.450980 0.000000
vt 0.460784 0.090909
vt 0.460784 0.181818
vt 0.460784 0.272727
vt 0.460784 0.363636
vt 0.460784 0.545455
vt 0.460784 0.636364
vt 0.460784 0.727273
vt 0.460784 0.818182
vt 0.460784 0.909091
vt 0.460784 1.000000
vt 0.450980 1.000000
vt 0.470588 0.000000
vt 0.470588 0.090909
vt 0.470588 0.181818
vt 0.470588 0.272727
vt 0.460784 0.454545
vt 0.470588 0.363636
vt 0.470588 0.545455
vt 0.470588 0.636364
vt 0.470588 0.727273
vt 0.470588 0.818182
vt 0.470588 0.909091
vt 0.470588 1.000000
vt 0.480392 0.090909
vt 0.480392 0.181818
vt 0.480392 0.272727
vt 0.480392 0.363636
vt 0.480392 0.454545
vt 0.470588 0.454545
vt 0.480392 0.545455
vt 0.480392 0.636364
vt 0.480392 0.727273
vt 0.480392 0.818182
vt 0.480392 0.909091
vt 0.490196 0.090909
vt 0.480392 0.000000
vt 0.490196 0.181818
vt 0.490196 0.272727
vt 0.490196 0.363636
vt 0.490196 0.454545
vt 0.490196 0.545455
vt 0.490196 0.636364
vt 0.490196 0.727273
vt 0.490196 0.818182
vt 0.480392 1.000000
vt 0.490196 0.909091
vt 0.500000 0.090909
vt 0.490196 0.000000
vt 0.500000 0.181818
vt 0.500000 0.272727
vt 0.500000 0.363636
vt 0.500000 0.454545
vt 0.500000 0.545455
vt 0.500000 0.636364
vt 0.500000 0.727273
vt 0.500000 0.818182
vt 0.490196 1.000000
vt 0.500000 0.909091
vt 0.509804 0.090909
vt 0.509804 0.181818
vt 0.509804 0.272727
vt 0.509804 0.363636
vt 0.509804 0.454545
vt 0.509804 0.545455
vt 0.509804 0.636364
vt 0.509804 0.727273
vt 0.509804 0.818182
vt 0.500000 1.000000
vt 0.509804 0.909091
vt 0.519608 0.090909
vt 0.509804 0.000000
vt 0.519608 0.181818
vt 0.519608 0.272727
vt 0.519608 0.363636
vt 0.519608 0.454545
vt 0.519608 0.545455
vt 0.519608 0.636364
vt 0.519608 0.727273
vt 0.519608 0.818182
vt 0.509804 1.000000
vt 0.519608 0.909091
vt 0.529412 0.090909
vt 0.519608 0.000000
vt 0.529412 0.181818
vt 0.529412 0.272727
vt 0.529412 0.363636
vt 0.529412 0.454545
vt 0.529412 0.545455
vt 0.529412 0.636364
vt 0.529412 0.727273
vt 0.529412 0.818182
vt 0.519608 1.000000
vt 0.529412 0.909091
vt 0.539216 0.090909
vt 0.529412 0.000000
vt 0.539216 0.181818
vt 0.539216 0.272727
vt 0.539216 0.363636
vt 0.539216 0.454545
vt 0.539216 0.545455
vt 0.539216 0.636364
vt 0.539216 0.727273
vt 0.539216 0.818182
vt 0.529412 1.000000
vt 0.539216 0.909091
vt 0.549020 0.090909
vt 0.539216 0.000000
vt 0.549020 0.181818
vt 0.549020 0.272727
vt 0.549020 0.363636
vt 0.549020 0.454545
vt 0.549020 0.545455
vt 0.549020 0.636364
vt 0.549020 0.727273
vt 0.549020 0.818182
vt 0.539216 1.000000
vt 0.549020 0.909091
vt 0.558824 0.090909
vt 0.549020 0.000000
vt 0.558824 0.181818
vt 0.558824 0.272727
vt 0.558824 0.363636
vt 0.558824 0.454545
vt 0.558824 0.545455
vt 0.558824 0.636364
vt 0.558824 0.727273
vt 0.558824 0.818182
vt 0.549020 1.000000
vt 0.558824 0.909091
vt 0.568627 0.090909
vt 0.558824 0.000000
vt 0.568627 0.181818
vt 0.568627 0.272727
vt 0.568627 0.363636
vt 0.568627 0.454545
vt 0.568627 0.545455
vt 0.568627 0.636364
vt 0.568627 0.727273
vt 0.568627 0.818182
vt 0.558824 1.000000
vt 0.568627 0.909091
vt 0.578431 0.090909
vt 0.568627 0.000000
vt 0.578431 0.181818
vt 0.578431 0.272727
vt 0.578431 0.363636
vt 0.578431 0.454545
vt 0.578431 0.545455
vt 0.578431 0.636364
vt 0.578431 0.727273
vt 0.578431 0.818182
vt 0.568627 1.000000
vt 0.578431 0.909091
vt 0.588235 0.090909
vt 0.578431 0.000000
vt 0.588235 0.181818
vt 0.588235 0.272727
vt 0.588235 0.363636
vt 0.588235 0.454545
vt 0.588235 0.545455
vt 0.588235 0.636364
vt 0.588235 0.727273
vt 0.588235 0.818182
vt 0.578431 1.000000
vt 0.588235 0.909091
vt 0.598039 0.090909
vt 0.588235 0.000000
vt 0.598039 0.181818
vt 0.598039 0.272727
vt 0.598039 0.363636
vt 0.598039 0.454545
vt 0.598039 0.545455
vt 0.598039 0.636364
vt 0.598039 0.727273
vt 0.598039 0.818182
vt 0.588235 1.000000
vt 0.598039 0.909091
vt 0.607843 0.090909
vt 0.598039 0.000000
vt 0.607843 0.181818
vt 0.607843 0.272727
vt 0.607843 0.363636
vt 0.607843 0.454545
vt 0.607843 0.545455
vt 0.607843 0.636364
vt 0.607843 0.727273
vt 0.607843 0.818182
vt 0.598039 1.000000
vt 0.607843 0.909091
vt 0.617647 0.090909
vt 0.607843 0.000000
vt 0.617647 0.181818
vt 0.617647 0.272727
vt 0.617647 0.363636
vt 0.617647 0.454545
vt 0.617647 0.545455
vt 0.617647 0.636364
vt 0.617647 0.727273
vt 0.617647 0.818182
vt 0.607843 1.000000
vt 0.617647 0.909091
vt 0.627451 0.090909
vt 0.617647 0.000000
vt 0.627451 0.181818
vt 0.627451 0.272727
vt 0.627451 0.363636
vt 0.627451 0.454545
vt 0.627451 0.545455
vt 0.627451 0.636364
vt 0.627451 0.727273
vt 0.627451 0.818182
vt 0.617647 1.000000
vt 0.627451 0.909091
vt 0.637255 0.090909
vt 0.627451 0.000000
vt 0.637255 0.181818
vt 0.637255 0.272727
vt 0.637255 0.363636
vt 0.637255 0.454545
vt 0.637255 0.545455
vt 0.637255 0.636364
vt 0.637255 0.727273
vt 0.637255 0.818182
vt 0.627451 1.000000
vt 0.637255 0.909091
vt 0.647059 0.090909
vt 0.637255 0.000000
vt 0.647059 0.181818
vt 0.647059 0.272727
vt 0.647059 0.363636
vt 0.647059 0.454545
vt 0.647059 0.545455
vt 0.647059 0.636364
vt 0.647059 0.727273
vt 0.647059 0.818182
vt 0.637255 1.000000
vt 0.647059 0.909091
vt 0.656863 0.090909
vt 0.647059 0.000000
vt 0.656863 0.181818
vt 0.656863 0.272727
vt 0.656863 0.363636
vt 0.656863 0.454545
vt 0.656863 0.545455
vt 0.656863 0.636364
vt 0.656863 0.727273
vt 0.656863 0.818182
vt 0.647059 1.000000
vt 0.656863 0.909091
vt 0.666667 0.090909
vt 0.656863 0.000000
vt 0.666667 0.181818
vt 0.666667 0.272727
vt 0.666667 0.363636
vt 0.666667 0.454545
vt 0.666667 0.545455
vt 0.666667 0.636364
vt 0.666667 0.727273
vt 0.666667 0.818182
vt 0.656863 1.000000
vt 0.666667 0.909091
vt 0.676471 0.090909
vt 0.666667 0.000000
vt 0.676471 0.181818
vt 0.676471 0.272727
vt 0.676471 0.363636
vt 0.676471 0.454545
vt 0.676471 0.545455
vt 0.676471 0.636364
vt 0.676471 0.727273
vt 0.676471 0.818182
vt 0.666667 1.000000
vt 0.676471 0.909091
vt 0.686275 0.000000
vt 0.676471 0.000000
vt 0.686275 0.090909
vt 0.686275 0.181818
vt 0.686275 0.272727
vt 0.686275 0.363636
vt 0.686275 0.545455
vt 0.686275 0.636364
vt 0.686275 0.727273
vt 0.686275 0.818182
vt 0.686275 0.909091
vt 0.686275 1.000000
vt 0.676471 1.000000
vt 0.696078 0.000000
vt 0.696078 0.090909
vt 0.696078 0.181818
vt 0.696078 0.272727
vt 0.686275 0.454545
vt 0.696078 0.363636
vt 0.696078 0.545455
vt 0.696078 0.636364
vt 0.696078 0.727273
vt 0.696078 0.818182
vt 0.696078 0.909091
vt 0.696078 1.000000
vt 0.705882 0.000000
vt 0.705882 0.090909
vt 0.705882 0.181818
vt 0.705882 0.272727
vt 0.696078 0.454545
vt 0.705882 0.363636
vt 0.705882 0.545455
vt 0.705882 0.636364
vt 0.705882 0.727273
vt 0.705882 0.818182
vt 0.705882 0.909091
vt 0.705882 1.000000
vt 0.715686 0.090909
vt 0.715686 0.181818
vt 0.715686 0.272727
vt 0.715686 0.363636
vt 0.715686 0.454545
vt 0.705882 0.454545
vt 0.715686 0.545455
vt 0.715686 0.636364
vt 0.715686 0.727273
vt 0.715686 0.818182
vt 0.715686 0.909091
vt 0.725490 0.090909
vt 0.715686 0.000000
vt 0.725490 0.181818
vt 0.725490 0.272727
vt 0.725490 0.363636
vt 0.725490 0.454545
vt 0.725490 0.545455
vt 0.725490 0.636364
vt 0.725490 0.727273
vt 0.725490 0.818182
vt 0.715686 1.000000
vt 0.725490 0.909091
vt 0.735294 0.090909
vt 0.725490 0.000000
vt 0.735294 0.181818
vt 0.735294 0.272727
vt 0.735294 0.363636
vt 0.735294 0.454545
vt 0.735294 0.545455
vt 0.735294 0.636364
vt 0.735294 0.727273
vt 0.735294 0.818182
vt 0.725490 1.000000
vt 0.735294 0.909091
vt 0.745098 0.090909
vt 0.735294 0.000000
vt 0.745098 0.181818
vt 0.745098 0.272727
vt 0.745098 0.363636
vt 0.745098 0.454545
vt 0.745098 0.545455
vt 0.745098 0.636364
vt 0.745098 0.727273
vt 0.745098 0.818182
vt 0.735294 1.000000
vt 0.745098 0.909091
vt 0.754902 0.000000
vt 0.745098 0.000000
vt 0.754902 0.090909
vt 0.754902 0.181818
vt 0.754902 0.272727
vt 0.754902 0.363636
vt 0.754902 0.545455
vt 0.754902 0.636364
vt 0.754902 0.727273
vt 0.754902 0.818182
vt 0.754902 0.909091
vt 0.754902 1.000000
vt 0.745098 1.000000
vt 0.764706 0.000000
vt 0.764706 0.090909
vt 0.764706 0.181818
vt 0.764706 0.272727
vt 0.754902 0.454545
vt 0.764706 0.363636
vt 0.764706 0.545455
vt 0.764706 0.636364
vt 0.764706 0.727273
vt 0.764706 0.818182
vt 0.764706 0.909091
vt 0.764706 1.000000
vt 0.774510 0.000000
vt 0.774510 0.090909
vt 0.774510 0.181818
vt 0.774510 0.272727
vt 0.764706 0.454545
vt 0.774510 0.363636
vt 0.774510 0.545455
vt 0.774510 0.636364
vt 0.774510 0.727273
vt 0.774510 0.818182
vt 0.774510 0.909091
vt 0.774510 1.000000
vt 0.784314 0.000000
vt 0.784314 0.090909
vt 0.784314 0.181818
vt 0.784314 0.272727
vt 0.774510 0.454545
vt 0.784314 0.363636
vt 0.784314 0.545455
vt 0.784314 0.636364
vt 0.784314 0.727273
vt 0.784314 0.818182
vt 0.784314 0.909091
vt 0.784314 1.000000
vt 0.794118 0.000000
vt 0.794118 0.090909
vt 0.794118 0.181818
vt 0.794118 0.272727
vt 0.784314 0.454545
vt 0.794118 0.363636
vt 0.794118 0.454545
vt 0.794118 0.636364
vt 0.794118 0.727273
vt 0.794118 0.818182
vt 0.794118 0.909091
vt 0.794118 1.000000
vt 0.803922 0.000000
vt 0.803922 0.090909
vt 0.803922 0.181818
vt 0.803922 0.272727
vt 0.803922 0.363636
vt 0.803922 0.545455
vt 0.794118 0.545455
vt 0.803922 0.636364
vt 0.803922 0.727273
vt 0.803922 0.818182
vt 0.803922 0.909091
vt 0.803922 1.000000
vt 0.813725 0.000000
vt 0.813725 0.090909
vt 0.813725 0.181818
vt 0.813725 0.272727
vt 0.803922 0.454545
vt 0.813725 0.363636
vt 0.813725 0.545455
vt 0.813725 0.636364
vt 0.813725 0.727273
vt 0.813725 0.818182
vt 0.813725 0.909091
vt 0.813725 1.000000
vt 0.823529 0.000000
vt 0.823529 0.090909
vt 0.823529 0.181818
vt 0.823529 0.272727
vt 0.813725 0.454545
vt 0.823529 0.363636
vt 0.823529 0.454545
vt 0.823529 0.636364
vt 0.823529 0.727273
vt 0.823529 0.818182
vt 0.823529 0.909091
vt 0.823529 1.000000
vt 0.833333 0.000000
vt 0.833333 0.090909
vt 0.833333 0.181818
vt 0.833333 0.272727
vt 0.833333 0.363636
vt 0.833333 0.545455
vt 0.823529 0.545455
vt 0.833333 0.636364
vt 0.833333 0.727273
vt 0.833333 0.818182
vt 0.833333 0.909091
vt 0.833333 1.000000
vt 0.843137 0.000000
vt 0.843137 0.090909
vt 0.843137 0.181818
vt 0.843137 0.272727
vt 0.833333 0.454545
vt 0.843137 0.363636
vt 0.843137 0.545455
vt 0.843137 0.636364
vt 0.843137 0.727273
vt 0.843137 0.818182
vt 0.843137 0.909091
vt 0.843137 1.000000
vt 0.852941 0.000000
vt 0.852941 0.090909
vt 0.852941 0.181818
vt 0.852941 0.272727
vt 0.843137 0.454545
vt 0.852941 0.363636
vt 0.852941 0.545455
vt 0.852941 0.636364
vt 0.852941 0.727273
vt 0.852941 0.818182
vt 0.852941 0.909091
vt 0.852941 1.000000
vt 0.862745 0.000000
vt 0.862745 0.090909
vt 0.862745 0.181818
vt 0.862745 0.272727
vt 0.852941 0.454545
vt 0.862745 0.363636
vt 0.862745 0.545455
vt 0.862745 0.636364
vt 0.862745 0.727273
vt 0.862745 0.818182
vt 0.862745 0.909091
vt 0.862745 1.000000
vt 0.872549 0.000000
vt 0.872549 0.090909
vt 0.872549 0.181818
vt 0.872549 0.272727
vt 0.862745 0.454545
vt 0.872549 0.363636
vt 0.872549 0.545455
vt 0.872549 0.636364
vt 0.872549 0.727273
vt 0.872549 0.818182
vt 0.872549 0.909091
vt 0.872549 1.000000
vt 0.882353 0.000000
vt 0.882353 0.090909
vt 0.882353 0.181818
vt 0.882353 0.272727
vt 0.872549 0.454545
vt 0.882353 0.363636
vt 0.882353 0.545455
vt 0.882353 0.636364
vt 0.882353 0.727273
vt 0.882353 0.818182
vt 0.882353 0.909091
vt 0.882353 1.000000
vt 0.892157 0.000000
vt 0.892157 0.090909
vt 0.892157 0.181818
vt 0.892157 0.272727
vt 0.882353 0.454545
vt 0.892157 0.363636
vt 0.892157 0.545455
vt 0.892157 0.636364
vt 0.892157 0.727273
vt 0.892157 0.818182
vt 0.892157 0.909091
vt 0.892157 1.000000
vt 0.901961 0.000000
vt 0.901961 0.090909
vt 0.901961 0.181818
vt 0.901961 0.272727
vt 0.892157 0.454545
vt 0.901961 0.363636
vt 0.901961 0.545455
vt 0.901961 0.636364
vt 0.901961 0.727273
vt 0.901961 0.818182
vt 0.901961 0.909091
vt 0.901961 1.000000
vt 0.911765 0.000000
vt 0.911765 0.090909
vt 0.911765 0.181818
vt 0.911765 0.272727
vt 0.901961 0.454545
vt 0.911765 0.363636
vt 0.911765 0.545455
vt 0.911765 0.636364
vt 0.911765 0.727273
vt 0.911765 0.818182
vt 0.911765 0.909091
vt 0.911765 1.000000
vt 0.921569 0.000000
vt 0.921569 0.090909
vt 0.921569 0.181818
vt 0.921569 0.272727
vt 0.911765 0.454545
vt 0.921569 0.363636
vt 0.921569 0.545455
vt 0.921569 0.636364
vt 0.921569 0.727273
vt 0.921569 0.818182
vt 0.921569 0.909091
vt 0.921569 1.000000
vt 0.931373 0.000000
vt 0.931373 0.090909
vt 0.931373 0.181818
vt 0.931373 0.272727
vt 0.921569 0.454545
vt 0.931373 0.363636
vt 0.931373 0.545455
vt 0.931373 0.636364
vt 0.931373 0.727273
vt 0.931373 0.818182
vt 0.931373 0.909091
vt 0.931373 1.000000
vt 0.941176 0.090909
vt 0.941176 0.181818
vt 0.941176 0.272727
vt 0.931373 0.454545
vt 0.941176 0.363636
vt 0.941176 0.545455
vt 0.941176 0.636364
vt 0.941176 0.727273
vt 0.941176 0.818182
vt 0.941176 0.909091
vt 0.950980 0.090909
vt 0.941176 0.000000
vt 0.950980 0.181818
vt 0.950980 0.272727
vt 0.950980 0.363636
vt 0.950980 0.454545
vt 0.941176 0.454545
vt 0.950980 0.545455
vt 0.950980 0.636364
vt 0.950980 0.727273
vt 0.950980 0.818182
vt 0.941176 1.000000
vt 0.950980 0.909091
vt 0.960784 0.000000
vt 0.950980 0.000000
vt 0.960784 0.090909
vt 0.960784 0.181818
vt 0.960784 0.272727
vt 0.960784 0.363636
vt 0.960784 0.454545
vt 0.960784 0.636364
vt 0.960784 0.727273
vt 0.960784 0.818182
vt 0.960784 0.909091
vt 0.960784 1.000000
vt 0.950980 1.000000
vt 0.970588 0.090909
vt 0.970588 0.272727
vt 0.970588 0.363636
vt 0.970588 0.454545
vt 0.960784 0.545455
vt 0.970588 0.636364
vt 0.970588 0.727273
vt 0.970588 0.818182
vt 0.970588 0.909091
vt 0.970588 1.000000
vt 0.980392 0.000000
vt 0.970588 0.000000
vt 0.980392 0.181818
vt 0.970588 0.181818
vt 0.980392 0.272727
vt 0.980392 0.454545
vt 0.980392 0.545455
vt 0.970588 0.545455
vt 0.980392 0.636364
vt 0.980392 0.727273
vt 0.980392 0.818182
vt 0.980392 1.000000
vt 0.990196 0.090909
vt 0.980392 0.090909
vt 0.990196 0.181818
vt 0.990196 0.272727
vt 0.990196 0.363636
vt 0.980392 0.363636
vt 0.990196 0.454545
vt 0.990196 0.545455
vt 0.990196 0.636364
vt 0.990196 0.727273
vt 0.980392 0.909091
vt 0.990196 0.818182
vt 0.990196 0.909091
vt 1.000000 0.090909
vt 0.990196 0.000000
vt 1.000000 0.181818
vt 1.000000 0.272727
vt 1.000000 0.363636
vt 1.000000 0.454545
vt 1.000000 0.545455
vt 1.000000 0.636364
vt 1.000000 0.727273
vt 1.000000 0.818182
vt 0.990196 1.000000
vt 1.000000 0.909091
vt 0.020833 0.000000
vt 0.020833 0.090909
vt 0.020833 0.181818
vt 0.020833 0.272727
vt 0.020833 0.363636
vt 0.020833 0.454545
vt 0.020833 0.636364
vt 0.020833 0.727273
vt 0.020833 0.818182
vt 0.020833 0.909091
vt 0.020833 1.000000
vt 0.041667 0.000000
vt 0.041667 0.090909
vt 0.041667 0.181818
vt 0.041667 0.272727
vt 0.041667 0.363636
vt 0.041667 0.545455
vt 0.020833 0.545455
vt 0.041667 0.636364
vt 0.041667 0.727273
vt 0.041667 0.818182
vt 0.041667 0.909091
vt 0.041667 1.000000
vt 0.062500 0.000000
vt 0.062500 0.090909
vt 0.062500 0.181818
vt 0.062500 0.272727
vt 0.041667 0.454545
vt 0.062500 0.363636
vt 0.062500 0.545455
vt 0.062500 0.636364
vt 0.062500 0.727273
vt 0.062500 0.818182
vt 0.062500 0.909091
vt 0.062500 1.000000
vt 0.083333 0.000000
vt 0.083333 0.090909
vt 0.083333 0.181818
vt 0.083333 0.272727
vt 0.062500 0.454545
vt 0.083333 0.363636
vt 0.083333 0.454545
vt 0.083333 0.636364
vt 0.083333 0.727273
vt 0.083333 0.818182
vt 0.083333 0.909091
vt 0.083333 1.000000
vt 0.104167 0.090909
vt 0.104167 0.181818
vt 0.104167 0.272727
vt 0.104167 0.363636
vt 0.104167 0.454545
vt 0.104167 0.545455
vt 0.083333 0.545455
vt 0.104167 0.636364
vt 0.104167 0.727273
vt 0.104167 0.818182
vt 0.104167 0.909091
vt 0.125000 0.090909
vt 0.104167 0.000000
vt 0.125000 0.181818
vt 0.125000 0.272727
vt 0.125000 0.363636
vt 0.125000 0.454545
vt 0.125000 0.545455
vt 0.125000 0.636364
vt 0.125000 0.727273
vt 0.125000 0.818182
vt 0.104167 1.000000
vt 0.125000 0.909091
vt 0.145833 0.090909
vt 0.125000 0.000000
vt 0.145833 0.181818
vt 0.145833 0.272727
vt 0.145833 0.363636
vt 0.145833 0.454545
vt 0.145833 0.545455
vt 0.145833 0.636364
vt 0.145833 0.727273
vt 0.145833 0.818182
vt 0.125000 1.000000
vt 0.145833 0.909091
vt 0.145833 0.000000
vt 0.145833 1.000000
vt 0.187500 0.090909
vt 0.187500 0.181818
vt 0.187500 0.272727
vt 0.187500 0.363636
vt 0.187500 0.454545
vt 0.187500 0.545455
vt 0.187500 0.636364
vt 0.187500 0.727273
vt 0.187500 0.818182
vt 0.187500 0.909091
vt 0.208333 0.090909
vt 0.187500 0.000000
vt 0.208333 0.181818
vt 0.208333 0.272727
vt 0.208333 0.363636
vt 0.208333 0.454545
vt 0.208333 0.545455
vt 0.208333 0.636364
vt 0.208333 0.727273
vt 0.208333 0.818182
vt 0.187500 1.000000
vt 0.208333 0.909091
vt 0.229167 0.090909
vt 0.208333 0.000000
vt 0.229167 0.181818
vt 0.229167 0.272727
vt 0.229167 0.363636
vt 0.229167 0.454545
vt 0.229167 0.545455
vt 0.229167 0.636364
vt 0.229167 0.727273
vt 0.229167 0.818182
vt 0.208333 1.000000
vt 0.229167 0.909091
vt 0.250000 0.000000
vt 0.229167 0.000000
vt 0.250000 0.090909
vt 0.250000 0.181818
vt 0.250000 0.272727
vt 0.250000 0.363636
vt 0.250000 0.545455
vt 0.250000 0.636364
vt 0.250000 0.727273
vt 0.250000 0.818182
vt 0.250000 0.909091
vt 0.250000 1.000000
vt 0.229167 1.000000
vt 0.270833 0.000000
vt 0.270833 0.090909
vt 0.270833 0.181818
vt 0.270833 0.272727
vt 0.250000 0.454545
vt 0.270833 0.363636
vt 0.270833 0.545455
vt 0.270833 0.636364
vt 0.270833 0.727273
vt 0.270833 0.818182
vt 0.270833 0.909091
vt 0.270833 1.000000
vt 0.291667 0.000000
vt 0.291667 0.090909
vt 0.291667 0.181818
vt 0.291667 0.272727
vt 0.270833 0.454545
vt 0.291667 0.363636
vt 0.291667 0.545455
vt 0.291667 0.636364
vt 0.291667 0.727273
vt 0.291667 0.818182
vt 0.291667 0.909091
vt 0.291667 1.000000
vt 0.312500 0.000000
vt 0.312500 0.090909
vt 0.312500 0.181818
vt 0.312500 0.272727
vt 0.291667 0.454545
vt 0.312500 0.363636
vt 0.312500 0.545455
vt 0.312500 0.636364
vt 0.312500 0.727273
vt 0.312500 0.818182
vt 0.312500 0.909091
vt 0.312500 1.000000
vt 0.312500 0.454545
vt 0.354167 0.000000
vt 0.354167 0.090909
vt 0.354167 0.181818
vt 0.354167 0.272727
vt 0.354167 0.363636
vt 0.354167 0.545455
vt 0.354167 0.636364
vt 0.354167 0.727273
vt 0.354167 0.818182
vt 0.354167 0.909091
vt 0.354167 1.000000
vt 0.375000 0.000000
vt 0.375000 0.090909
vt 0.375000 0.181818
vt 0.375000 0.272727
vt 0.354167 0.454545
vt 0.375000 0.363636
vt 0.375000 0.545455
vt 0.375000 0.636364
vt 0.375000 0.727273
vt 0.375000 0.818182
vt 0.375000 0.909091
vt 0.375000 1.000000
vt 0.395833 0.090909
vt 0.395833 0.181818
vt 0.395833 0.272727
vt 0.395833 0.363636
vt 0.395833 0.454545
vt 0.375000 0.454545
vt 0.395833 0.545455
vt 0.395833 0.636364
vt 0.395833 0.727273
vt 0.395833 0.818182
vt 0.395833 0.909091
vt 0.416667 0.090909
vt 0.395833 0.000000
vt 0.416667 0.181818
vt 0.416667 0.272727
vt 0.416667 0.363636
vt 0.416667 0.454545
vt 0.416667 0.545455
vt 0.416667 0.636364
vt 0.416667 0.727273
vt 0.416667 0.818182
vt 0.395833 1.000000
vt 0.416667 0.909091
vt 0.437500 0.090909
vt 0.416667 0.000000
vt 0.437500 0.181818
vt 0.437500 0.272727
vt 0.437500 0.363636
vt 0.437500 0.454545
vt 0.437500 0.545455
vt 0.437500 0.636364
vt 0.437500 0.727273
vt 0.437500 0.818182
vt 0.416667 1.000000
vt 0.437500 0.909091
vt 0.458333 0.090909
vt 0.437500 0.000000
vt 0.458333 0.181818
vt 0.458333 0.272727
vt 0.458333 0.363636
vt 0.458333 0.454545
vt 0.458333 0.545455
vt 0.458333 0.636364
vt 0.458333 0.727273
vt 0.458333 0.818182
vt 0.437500 1.000000
vt 0.458333 0.909091
vt 0.479167 0.090909
vt 0.458333 0.000000
vt 0.479167 0.181818
vt 0.479167 0.272727
vt 0.479167 0.363636
vt 0.479167 0.454545
vt 0.479167 0.545455
vt 0.479167 0.636364
vt 0.479167 0.727273
vt 0.479167 0.818182
vt 0.458333 1.000000
vt 0.479167 0.909091
vt 0.479167 0.000000
vt 0.479167 1.000000
vt 0.520833 0.000000
vt 0.520833 0.090909
vt 0.520833 0.181818
vt 0.520833 0.272727
vt 0.520833 0.363636
vt 0.520833 0.545455
vt 0.520833 0.636364
vt 0.520833 0.727273
vt 0.520833 0.818182
vt 0.520833 0.909091
vt 0.520833 1.000000
vt 0.541667 0.000000
vt 0.541667 0.090909
vt 0.541667 0.181818
vt 0.541667 0.272727
vt 0.520833 0.454545
vt 0.541667 0.363636
vt 0.541667 0.545455
vt 0.541667 0.636364
vt 0.541667 0.727273
vt 0.541667 0.818182
vt 0.541667 0.909091
vt 0.541667 1.000000
vt 0.562500 0.000000
vt 0.562500 0.090909
vt 0.562500 0.181818
vt 0.562500 0.272727
vt 0.541667 0.454545
vt 0.562500 0.363636
vt 0.562500 0.545455
vt 0.562500 0.636364
vt 0.562500 0.727273
vt 0.562500 0.818182
vt 0.562500 0.909091
vt 0.562500 1.000000
vt 0.583333 0.090909
vt 0.583333 0.181818
vt 0.583333 0.272727
vt 0.583333 0.363636
vt 0.583333 0.454545
vt 0.562500 0.454545
vt 0.583333 0.545455
vt 0.583333 0.636364
vt 0.583333 0.727273
vt 0.583333 0.818182
vt 0.583333 0.909091
vt 0.604167 0.090909
vt 0.583333 0.000000
vt 0.604167 0.181818
vt 0.604167 0.272727
vt 0.604167 0.363636
vt 0.604167 0.454545
vt 0.604167 0.545455
vt 0.604167 0.636364
vt 0.604167 0.727273
vt 0.604167 0.818182
vt 0.583333 1.000000
vt 0.604167 0.909091
vt 0.625000 0.090909
vt 0.604167 0.000000
vt 0.625000 0.181818
vt 0.625000 0.272727
vt 0.625000 0.363636
vt 0.625000 0.454545
vt 0.625000 0.545455
vt 0.625000 0.636364
vt 0.625000 0.727273
vt 0.625000 0.818182
vt 0.604167 1.000000
vt 0.625000 0.909091
vt 0.645833 0.090909
vt 0.625000 0.000000
vt 0.645833 0.181818
vt 0.645833 0.272727
vt 0.645833 0.363636
vt 0.645833 0.454545
vt 0.645833 0.545455
vt 0.645833 0.636364
vt 0.645833 0.727273
vt 0.645833 0.818182
vt 0.625000 1.000000
vt 0.645833 0.909091
vt 0.645833 0.000000
vt 0.645833 1.000000
vt 0.687500 0.090909
vt 0.687500 0.181818
vt 0.687500 0.272727
vt 0.687500 0.363636
vt 0.687500 0.454545
vt 0.687500 0.545455
vt 0.687500 0.636364
vt 0.687500 0.727273
vt 0.687500 0.818182
vt 0.687500 0.909091
vt 0.708333 0.090909
vt 0.687500 0.000000
vt 0.708333 0.181818
vt 0.708333 0.272727
vt 0.708333 0.363636
vt 0.708333 0.454545
vt 0.708333 0.545455
vt 0.708333 0.636364
vt 0.708333 0.727273
vt 0.708333 0.818182
vt 0.687500 1.000000
vt 0.708333 0.909091
vt 0.729167 0.090909
vt 0.708333 0.000000
vt 0.729167 0.181818
vt 0.729167 0.272727
vt 0.729167 0.363636
vt 0.729167 0.454545
vt 0.729167 0.545455
vt 0.729167 0.636364
vt 0.729167 0.727273
vt 0.729167 0.818182
vt 0.708333 1.000000
vt 0.729167 0.909091
vt 0.750000 0.000000
vt 0.729167 0.000000
vt 0.750000 0.090909
vt 0.750000 0.181818
vt 0.750000 0.272727
vt 0.750000 0.363636
vt 0.750000 0.545455
vt 0.750000 0.636364
vt 0.750000 0.727273
vt 0.750000 0.818182
vt 0.750000 0.909091
vt 0.750000 1.000000
vt 0.729167 1.000000
vt 0.770833 0.000000
vt 0.770833 0.090909
vt 0.770833 0.181818
vt 0.770833 0.272727
vt 0.750000 0.454545
vt 0.770833 0.363636
vt 0.770833 0.545455
vt 0.770833 0.636364
vt 0.770833 0.727273
vt 0.770833 0.818182
vt 0.770833 0.909091
vt 0.770833 1.000000
vt 0.791667 0.000000
vt 0.791667 0.090909
vt 0.791667 0.181818
vt 0.791667 0.272727
vt 0.770833 0.454545
vt 0.791667 0.363636
vt 0.791667 0.545455
vt 0.791667 0.636364
vt 0.791667 0.727273
vt 0.791667 0.818182
vt 0.791667 0.909091
vt 0.791667 1.000000
vt 0.812500 0.000000
vt 0.812500 0.090909
vt 0.812500 0.181818
vt 0.812500 0.272727
vt 0.791667 0.454545
vt 0.812500 0.363636
vt 0.812500 0.545455
vt 0.812500 0.636364
vt 0.812500 0.727273
vt 0.812500 0.818182
vt 0.812500 0.909091
vt 0.812500 1.000000
vt 0.812500 0.454545
vt 0.854167 0.000000
vt 0.854167 0.090909
vt 0.854167 0.181818
vt 0.854167 0.272727
vt 0.854167 0.363636
vt 0.854167 0.545455
vt 0.854167 0.636364
vt 0.854167 0.727273
vt 0.854167 0.818182
vt 0.854167 0.909091
vt 0.854167 1.000000
vt 0.875000 0.000000
vt 0.875000 0.090909
vt 0.875000 0.181818
vt 0.875000 0.272727
vt 0.854167 0.454545
vt 0.875000 0.363636
vt 0.875000 0.545455
vt 0.875000 0.636364
vt 0.875000 0.727273
vt 0.875000 0.818182
vt 0.875000 0.909091
vt 0.875000 1.000000
vt 0.895833 0.090909
vt 0.895833 0.181818
vt 0.895833 0.272727
vt 0.895833 0.363636
vt 0.895833 0.454545
vt 0.875000 0.454545
vt 0.895833 0.545455
vt 0.895833 0.636364
vt 0.895833 0.727273
vt 0.895833 0.818182
vt 0.895833 0.909091
vt 0.916667 0.090909
vt 0.895833 0.000000
vt 0.916667 0.181818
vt 0.916667 0.272727
vt 0.916667 0.363636
vt 0.916667 0.454545
vt 0.916667 0.545455
vt 0.916667 0.636364
vt 0.916667 0.727273
vt 0.916667 0.818182
vt 0.895833 1.000000
vt 0.916667 0.909091
vt 0.937500 0.090909
vt 0.916667 0.000000
vt 0.937500 0.181818
vt 0.937500 0.272727
vt 0.937500 0.363636
vt 0.937500 0.454545
vt 0.937500 0.545455
vt 0.937500 0.636364
vt 0.937500 0.727273
vt 0.937500 0.818182
vt 0.916667 1.000000
vt 0.937500 0.909091
vt 0.958333 0.090909
vt 0.937500 0.000000
vt 0.958333 0.181818
vt 0.958333 0.272727
vt 0.958333 0.363636
vt 0.958333 0.454545
vt 0.958333 0.545455
vt 0.958333 0.636364
vt 0.958333 0.727273
vt 0.958333 0.818182
vt 0.937500 1.000000
vt 0.958333 0.909091
vt 0.979167 0.090909
vt 0.958333 0.000000
vt 0.979167 0.181818
vt 0.979167 0.272727
vt 0.979167 0.363636
vt 0.979167 0.454545
vt 0.979167 0.545455
vt 0.979167 0.636364
vt 0.979167 0.727273
vt 0.979167 0.818182
vt 0.958333 1.000000
vt 0.979167 0.909091
vt 0.979167 0.000000
vt 1.000000 1.000000
vt 0.979167 1.000000
vt 0.013514 0.000000
vt 0.013514 0.090909
vt 0.013514 0.181818
vt 0.013514 0.272727
vt 0.013514 0.363636
vt 0.013514 0.545455
vt 0.013514 0.636364
vt 0.013514 0.727273
vt 0.013514 0.818182
vt 0.013514 0.909091
vt 0.013514 1.000000
vt 0.027027 0.090909
vt 0.027027 0.181818
vt 0.027027 0.272727
vt 0.027027 0.363636
vt 0.027027 0.454545
vt 0.013514 0.454545
vt 0.027027 0.545455
vt 0.027027 0.636364
vt 0.027027 0.727273
vt 0.027027 0.818182
vt 0.027027 0.909091
vt 0.040541 0.090909
vt 0.027027 0.000000
vt 0.040541 0.181818
vt 0.040541 0.272727
vt 0.040541 0.363636
vt 0.040541 0.454545
vt 0.040541 0.545455
vt 0.040541 0.636364
vt 0.040541 0.727273
vt 0.040541 0.818182
vt 0.027027 1.000000
vt 0.040541 0.909091
vt 0.054054 0.090909
vt 0.040541 0.000000
vt 0.054054 0.181818
vt 0.054054 0.272727
vt 0.054054 0.363636
vt 0.054054 0.454545
vt 0.054054 0.545455
vt 0.054054 0.636364
vt 0.054054 0.727273
vt 0.054054 0.818182
vt 0.040541 1.000000
vt 0.054054 0.909091
vt 0.067568 0.090909
vt 0.054054 0.000000
vt 0.067568 0.181818
vt 0.067568 0.272727
vt 0.067568 0.363636
vt 0.067568 0.454545
vt 0.067568 0.545455
vt 0.067568 0.636364
vt 0.067568 0.727273
vt 0.067568 0.818182
vt 0.054054 1.000000
vt 0.067568 0.909091
vt 0.081081 0.090909
vt 0.067568 0.000000
vt 0.081081 0.181818
vt 0.081081 0.272727
vt 0.081081 0.363636
vt 0.081081 0.454545
vt 0.081081 0.545455
vt 0.081081 0.636364
vt 0.081081 0.727273
vt 0.081081 0.818182
vt 0.067568 1.000000
vt 0.081081 0.909091
vt 0.094595 0.090909
vt 0.081081 0.000000
vt 0.094595 0.181818
vt 0.094595 0.272727
vt 0.094595 0.363636
vt 0.094595 0.454545
vt 0.094595 0.545455
vt 0.094595 0.636364
vt 0.094595 0.727273
vt 0.094595 0.818182
vt 0.081081 1.000000
vt 0.094595 0.909091
vt 0.108108 0.090909
vt 0.094595 0.000000
vt 0.108108 0.181818
vt 0.108108 0.272727
vt 0.108108 0.363636
vt 0.108108 0.454545
vt 0.108108 0.545455
vt 0.108108 0.636364
vt 0.108108 0.727273
vt 0.108108 0.818182
vt 0.094595 1.000000
vt 0.108108 0.909091
vt 0.121622 0.090909
vt 0.108108 0.000000
vt 0.121622 0.181818
vt 0.121622 0.272727
vt 0.121622 0.363636
vt 0.121622 0.454545
vt 0.121622 0.545455
vt 0.121622 0.636364
vt 0.121622 0.727273
vt 0.121622 0.818182
vt 0.108108 1.000000
vt 0.121622 0.909091
vt 0.135135 0.090909
vt 0.121622 0.000000
vt 0.135135 0.181818
vt 0.135135 0.272727
vt 0.135135 0.363636
vt 0.135135 0.454545
vt 0.135135 0.545455
vt 0.135135 0.636364
vt 0.135135 0.727273
vt 0.135135 0.818182
vt 0.121622 1.000000
vt 0.135135 0.909091
vt 0.148649 0.090909
vt 0.135135 0.000000
vt 0.148649 0.181818
vt 0.148649 0.272727
vt 0.148649 0.363636
vt 0.148649 0.454545
vt 0.148649 0.545455
vt 0.148649 0.636364
vt 0.148649 0.727273
vt 0.148649 0.818182
vt 0.135135 1.000000
vt 0.148649 0.909091
vt 0.162162 0.090909
vt 0.148649 0.000000
vt 0.162162 0.181818
vt 0.162162 0.272727
vt 0.162162 0.363636
vt 0.162162 0.454545
vt 0.162162 0.545455
vt 0.162162 0.636364
vt 0.162162 0.727273
vt 0.162162 0.818182
vt 0.148649 1.000000
vt 0.162162 0.909091
vt 0.175676 0.000000
vt 0.162162 0.000000
vt 0.175676 0.090909
vt 0.175676 0.181818
vt 0.175676 0.272727
vt 0.175676 0.363636
vt 0.175676 0.545455
vt 0.175676 0.636364
vt 0.175676 0.727273
vt 0.175676 0.818182
vt 0.175676 0.909091
vt 0.175676 1.000000
vt 0.162162 1.000000
vt 0.189189 0.000000
vt 0.189189 0.090909
vt 0.189189 0.181818
vt 0.189189 0.272727
vt 0.175676 0.454545
vt 0.189189 0.363636
vt 0.189189 0.545455
vt 0.189189 0.636364
vt 0.189189 0.727273
vt 0.189189 0.818182
vt 0.189189 0.909091
vt 0.189189 1.000000
vt 0.202703 0.000000
vt 0.202703 0.090909
vt 0.202703 0.181818
vt 0.202703 0.272727
vt 0.189189 0.454545
vt 0.202703 0.363636
vt 0.202703 0.545455
vt 0.202703 0.636364
vt 0.202703 0.727273
vt 0.202703 0.818182
vt 0.202703 0.909091
vt 0.202703 1.000000
vt 0.216216 0.000000
vt 0.216216 0.090909
vt 0.216216 0.181818
vt 0.216216 0.272727
vt 0.202703 0.454545
vt 0.216216 0.363636
vt 0.216216 0.545455
vt 0.216216 0.636364
vt 0.216216 0.727273
vt 0.216216 0.818182
vt 0.216216 0.909091
vt 0.216216 1.000000
vt 0.229730 0.000000
vt 0.229730 0.090909
vt 0.229730 0.181818
vt 0.229730 0.272727
vt 0.216216 0.454545
vt 0.229730 0.363636
vt 0.229730 0.545455
vt 0.229730 0.636364
vt 0.229730 0.727273
vt 0.229730 0.818182
vt 0.229730 0.909091
vt 0.229730 1.000000
vt 0.243243 0.000000
vt 0.243243 0.090909
vt 0.243243 0.181818
vt 0.243243 0.272727
vt 0.229730 0.454545
vt 0.243243 0.363636
vt 0.243243 0.545455
vt 0.243243 0.636364
vt 0.243243 0.727273
vt 0.243243 0.818182
vt 0.243243 0.909091
vt 0.243243 1.000000
vt 0.256757 0.000000
vt 0.256757 0.090909
vt 0.256757 0.181818
vt 0.256757 0.272727
vt 0.243243 0.454545
vt 0.256757 0.363636
vt 0.256757 0.545455
vt 0.256757 0.636364
vt 0.256757 0.727273
vt 0.256757 0.818182
vt 0.256757 0.909091
vt 0.256757 1.000000
vt 0.270270 0.000000
vt 0.270270 0.090909
vt 0.270270 0.181818
vt 0.270270 0.272727
vt 0.256757 0.454545
vt 0.270270 0.363636
vt 0.270270 0.545455
vt 0.270270 0.636364
vt 0.270270 0.727273
vt 0.270270 0.818182
vt 0.270270 0.909091
vt 0.270270 1.000000
vt 0.283784 0.000000
vt 0.283784 0.090909
vt 0.283784 0.181818
vt 0.283784 0.272727
vt 0.270270 0.454545
vt 0.283784 0.363636
vt 0.283784 0.545455
vt 0.283784 0.636364
vt 0.283784 0.727273
vt 0.283784 0.818182
vt 0.283784 0.909091
vt 0.283784 1.000000
vt 0.297297 0.000000
vt 0.297297 0.090909
vt 0.297297 0.181818
vt 0.297297 0.272727
vt 0.283784 0.454545
vt 0.297297 0.363636
vt 0.297297 0.545455
vt 0.297297 0.636364
vt 0.297297 0.727273
vt 0.297297 0.818182
vt 0.297297 0.909091
vt 0.297297 1.000000
vt 0.310811 0.090909
vt 0.310811 0.181818
vt 0.310811 0.272727
vt 0.310811 0.363636
vt 0.310811 0.454545
vt 0.297297 0.454545
vt 0.310811 0.545455
vt 0.310811 0.636364
vt 0.310811 0.727273
vt 0.310811 0.818182
vt 0.310811 0.909091
vt 0.324324 0.090909
vt 0.310811 0.000000
vt 0.324324 0.181818
vt 0.324324 0.272727
vt 0.324324 0.363636
vt 0.324324 0.454545
vt 0.324324 0.545455
vt 0.324324 0.636364
vt 0.324324 0.727273
vt 0.324324 0.818182
vt 0.310811 1.000000
vt 0.324324 0.909091
vt 0.337838 0.000000
vt 0.324324 0.000000
vt 0.337838 0.090909
vt 0.337838 0.181818
vt 0.337838 0.272727
vt 0.337838 0.363636
vt 0.337838 0.545455
vt 0.337838 0.636364
vt 0.337838 0.727273
vt 0.337838 0.818182
vt 0.337838 0.909091
vt 0.337838 1.000000
vt 0.324324 1.000000
vt 0.351351 0.000000
vt 0.351351 0.090909
vt 0.351351 0.181818
vt 0.351351 0.272727
vt 0.337838 0.454545
vt 0.351351 0.363636
vt 0.351351 0.545455
vt 0.351351 0.636364
vt 0.351351 0.727273
vt 0.351351 0.818182
vt 0.351351 0.909091
vt 0.351351 1.000000
vt 0.364865 0.000000
vt 0.364865 0.090909
vt 0.364865 0.181818
vt 0.364865 0.272727
vt 0.351351 0.454545
vt 0.364865 0.363636
vt 0.364865 0.545455
vt 0.364865 0.636364
vt 0.364865 0.727273
vt 0.364865 0.818182
vt 0.364865 0.909091
vt 0.364865 1.000000
vt 0.378378 0.000000
vt 0.378378 0.090909
vt 0.378378 0.181818
vt 0.378378 0.272727
vt 0.364865 0.454545
vt 0.378378 0.363636
vt 0.378378 0.545455
vt 0.378378 0.636364
vt 0.378378 0.727273
vt 0.378378 0.818182
vt 0.378378 0.909091
vt 0.378378 1.000000
vt 0.391892 0.000000
vt 0.391892 0.090909
vt 0.391892 0.181818
vt 0.391892 0.272727
vt 0.378378 0.454545
vt 0.391892 0.363636
vt 0.391892 0.545455
vt 0.391892 0.636364
vt 0.391892 0.727273
vt 0.391892 0.818182
vt 0.391892 0.909091
vt 0.391892 1.000000
vt 0.405405 0.000000
vt 0.405405 0.090909
vt 0.405405 0.181818
vt 0.405405 0.272727
vt 0.391892 0.454545
vt 0.405405 0.363636
vt 0.405405 0.545455
vt 0.405405 0.636364
vt 0.405405 0.727273
vt 0.405405 0.818182
vt 0.405405 0.909091
vt 0.405405 1.000000
vt 0.418919 0.000000
vt 0.418919 0.090909
vt 0.418919 0.181818
vt 0.418919 0.272727
vt 0.405405 0.454545
vt 0.418919 0.363636
vt 0.418919 0.545455
vt 0.418919 0.636364
vt 0.418919 0.727273
vt 0.418919 0.818182
vt 0.418919 0.909091
vt 0.418919 1.000000
vt 0.432432 0.000000
vt 0.432432 0.090909
vt 0.432432 0.181818
vt 0.432432 0.272727
vt 0.418919 0.454545
vt 0.432432 0.363636
vt 0.432432 0.545455
vt 0.432432 0.636364
vt 0.432432 0.727273
vt 0.432432 0.818182
vt 0.432432 0.909091
vt 0.432432 1.000000
vt 0.445946 0.000000
vt 0.445946 0.090909
vt 0.445946 0.181818
vt 0.445946 0.272727
vt 0.432432 0.454545
vt 0.445946 0.363636
vt 0.445946 0.545455
vt 0.445946 0.636364
vt 0.445946 0.727273
vt 0.445946 0.818182
vt 0.445946 0.909091
vt 0.445946 1.000000
vt 0.459459 0.000000
vt 0.459459 0.090909
vt 0.459459 0.181818
vt 0.459459 0.272727
vt 0.445946 0.454545
vt 0.459459 0.363636
vt 0.459459 0.545455
vt 0.459459 0.636364
vt 0.459459 0.727273
vt 0.459459 0.818182
vt 0.459459 0.909091
vt 0.459459 1.000000
vt 0.472973 0.000000
vt 0.472973 0.090909
vt 0.472973 0.181818
vt 0.472973 0.272727
vt 0.459459 0.454545
vt 0.472973 0.363636
vt 0.472973 0.545455
vt 0.472973 0.636364
vt 0.472973 0.727273
vt 0.472973 0.818182
vt 0.472973 0.909091
vt 0.472973 1.000000
vt 0.486486 0.090909
vt 0.486486 0.181818
vt 0.486486 0.272727
vt 0.486486 0.363636
vt 0.486486 0.454545
vt 0.472973 0.454545
vt 0.486486 0.545455
vt 0.486486 0.636364
vt 0.486486 0.727273
vt 0.486486 0.818182
vt 0.486486 0.909091
vt 0.486486 0.000000
vt 0.486486 1.000000
vt 0.513514 0.090909
vt 0.513514 0.181818
vt 0.513514 0.272727
vt 0.513514 0.363636
vt 0.513514 0.454545
vt 0.513514 0.545455
vt 0.513514 0.636364
vt 0.513514 0.727273
vt 0.513514 0.818182
vt 0.513514 0.909091
vt 0.527027 0.090909
vt 0.513514 0.000000
vt 0.527027 0.181818
vt 0.527027 0.272727
vt 0.527027 0.363636
vt 0.527027 0.454545
vt 0.527027 0.545455
vt 0.527027 0.636364
vt 0.527027 0.727273
vt 0.527027 0.818182
vt 0.513514 1.000000
vt 0.527027 0.909091
vt 0.540541 0.090909
vt 0.527027 0.000000
vt 0.540541 0.181818
vt 0.540541 0.272727
vt 0.540541 0.363636
vt 0.540541 0.454545
vt 0.540541 0.545455
vt 0.540541 0.636364
vt 0.540541 0.727273
vt 0.540541 0.818182
vt 0.527027 1.000000
vt 0.540541 0.909091
vt 0.554054 0.090909
vt 0.540541 0.000000
vt 0.554054 0.181818
vt 0.554054 0.272727
vt 0.554054 0.363636
vt 0.554054 0.454545
vt 0.554054 0.545455
vt 0.554054 0.636364
vt 0.554054 0.727273
vt 0.554054 0.818182
vt 0.540541 1.000000
vt 0.554054 0.909091
vt 0.567568 0.090909
vt 0.554054 0.000000
vt 0.567568 0.181818
vt 0.567568 0.272727
vt 0.567568 0.363636
vt 0.567568 0.454545
vt 0.567568 0.545455
vt 0.567568 0.636364
vt 0.567568 0.727273
vt 0.567568 0.818182
vt 0.554054 1.000000
vt 0.567568 0.909091
vt 0.581081 0.090909
vt 0.567568 0.000000
vt 0.581081 0.181818
vt 0.581081 0.272727
vt 0.581081 0.363636
vt 0.581081 0.454545
vt 0.581081 0.545455
vt 0.581081 0.636364
vt 0.581081 0.727273
vt 0.581081 0.818182
vt 0.567568 1.000000
vt 0.581081 0.909091
vt 0.594595 0.090909
vt 0.581081 0.000000
vt 0.594595 0.181818
vt 0.594595 0.272727
vt 0.594595 0.363636
vt 0.594595 0.454545
vt 0.594595 0.545455
vt 0.594595 0.636364
vt 0.594595 0.727273
vt 0.594595 0.818182
vt 0.581081 1.000000
vt 0.594595 0.909091
vt 0.608108 0.090909
vt 0.594595 0.000000
vt 0.608108 0.181818
vt 0.608108 0.272727
vt 0.608108 0.363636
vt 0.608108 0.454545
vt 0.608108 0.545455
vt 0.608108 0.636364
vt 0.608108 0.727273
vt 0.608108 0.818182
vt 0.594595 1.000000
vt 0.608108 0.909091
vt 0.621622 0.090909
vt 0.608108 0.000000
vt 0.621622 0.181818
vt 0.621622 0.272727
vt 0.621622 0.363636
vt 0.621622 0.454545
vt 0.621622 0.545455
vt 0.621622 0.636364
vt 0.621622 0.727273
vt 0.621622 0.818182
vt 0.608108 1.000000
vt 0.621622 0.909091
vt 0.635135 0.090909
vt 0.621622 0.000000
vt 0.635135 0.181818
vt 0.635135 0.272727
vt 0.635135 0.363636
vt 0.635135 0.454545
vt 0.635135 0.545455
vt 0.635135 0.636364
vt 0.635135 0.727273
vt 0.635135 0.818182
vt 0.621622 1.000000
vt 0.635135 0.909091
vt 0.648649 0.090909
vt 0.635135 0.000000
vt 0.648649 0.181818
vt 0.648649 0.272727
vt 0.648649 0.363636
vt 0.648649 0.454545
vt 0.648649 0.545455
vt 0.648649 0.636364
vt 0.648649 0.727273
vt 0.648649 0.818182
vt 0.635135 1.000000
vt 0.648649 0.909091
vt 0.662162 0.000000
vt 0.648649 0.000000
vt 0.662162 0.090909
vt 0.662162 0.181818
vt 0.662162 0.272727
vt 0.662162 0.363636
vt 0.662162 0.545455
vt 0.662162 0.636364
vt 0.662162 0.727273
vt 0.662162 0.818182
vt 0.662162 0.909091
vt 0.662162 1.000000
vt 0.648649 1.000000
vt 0.675676 0.000000
vt 0.675676 0.090909
vt 0.675676 0.181818
vt 0.675676 0.272727
vt 0.662162 0.454545
vt 0.675676 0.363636
vt 0.675676 0.545455
vt 0.675676 0.636364
vt 0.675676 0.727273
vt 0.675676 0.818182
vt 0.675676 0.909091
vt 0.675676 1.000000
vt 0.689189 0.090909
vt 0.689189 0.181818
vt 0.689189 0.272727
vt 0.689189 0.363636
vt 0.689189 0.454545
vt 0.675676 0.454545
vt 0.689189 0.545455
vt 0.689189 0.636364
vt 0.689189 0.727273
vt 0.689189 0.818182
vt 0.689189 0.909091
vt 0.702703 0.090909
vt 0.689189 0.000000
vt 0.702703 0.181818
vt 0.702703 0.272727
vt 0.702703 0.363636
vt 0.702703 0.454545
vt 0.702703 0.545455
vt 0.702703 0.636364
vt 0.702703 0.727273
vt 0.702703 0.818182
vt 0.689189 1.000000
vt 0.702703 0.909091
vt 0.716216 0.090909
vt 0.702703 0.000000
vt 0.716216 0.181818
vt 0.716216 0.272727
vt 0.716216 0.363636
vt 0.716216 0.454545
vt 0.716216 0.545455
vt 0.716216 0.636364
vt 0.716216 0.727273
vt 0.716216 0.818182
vt 0.702703 1.000000
vt 0.716216 0.909091
vt 0.729730 0.090909
vt 0.716216 0.000000
vt 0.729730 0.181818
vt 0.729730 0.272727
vt 0.729730 0.363636
vt 0.729730 0.454545
vt 0.729730 0.545455
vt 0.729730 0.636364
vt 0.729730 0.727273
vt 0.729730 0.818182
vt 0.716216 1.000000
vt 0.729730 0.909091
vt 0.743243 0.090909
vt 0.729730 0.000000
vt 0.743243 0.181818
vt 0.743243 0.272727
vt 0.743243 0.363636
vt 0.743243 0.454545
vt 0.743243 0.545455
vt 0.743243 0.636364
vt 0.743243 0.727273
vt 0.743243 0.818182
vt 0.729730 1.000000
vt 0.743243 0.909091
vt 0.756757 0.090909
vt 0.743243 0.000000
vt 0.756757 0.181818
vt 0.756757 0.272727
vt 0.756757 0.363636
vt 0.756757 0.454545
vt 0.756757 0.545455
vt 0.756757 0.636364
vt 0.756757 0.727273
vt 0.756757 0.818182
vt 0.743243 1.000000
vt 0.756757 0.909091
vt 0.770270 0.090909
vt 0.756757 0.000000
vt 0.770270 0.181818
vt 0.770270 0.272727
vt 0.770270 0.363636
vt 0.770270 0.454545
vt 0.770270 0.545455
vt 0.770270 0.636364
vt 0.770270 0.727273
vt 0.770270 0.818182
vt 0.756757 1.000000
vt 0.770270 0.909091
vt 0.783784 0.090909
vt 0.770270 0.000000
vt 0.783784 0.181818
vt 0.783784 0.272727
vt 0.783784 0.363636
vt 0.783784 0.454545
vt 0.783784 0.545455
vt 0.783784 0.636364
vt 0.783784 0.727273
vt 0.783784 0.818182
vt 0.770270 1.000000
vt 0.783784 0.909091
vt 0.797297 0.090909
vt 0.783784 0.000000
vt 0.797297 0.181818
vt 0.797297 0.272727
vt 0.797297 0.363636
vt 0.797297 0.454545
vt 0.797297 0.545455
vt 0.797297 0.636364
vt 0.797297 0.727273
vt 0.797297 0.818182
vt 0.783784 1.000000
vt 0.797297 0.909091
vt 0.810811 0.090909
vt 0.797297 0.000000
vt 0.810811 0.181818
vt 0.810811 0.272727
vt 0.810811 0.363636
vt 0.810811 0.454545
vt 0.810811 0.545455
vt 0.810811 0.636364
vt 0.810811 0.727273
vt 0.810811 0.818182
vt 0.797297 1.000000
vt 0.810811 0.909091
vt 0.824324 0.000000
vt 0.810811 0.000000
vt 0.824324 0.090909
vt 0.824324 0.181818
vt 0.824324 0.272727
vt 0.824324 0.363636
vt 0.824324 0.545455
vt 0.824324 0.636364
vt 0.824324 0.727273
vt 0.824324 0.818182
vt 0.824324 0.909091
vt 0.824324 1.000000
vt 0.810811 1.000000
vt 0.837838 0.000000
vt 0.837838 0.090909
vt 0.837838 0.181818
vt 0.837838 0.272727
vt 0.824324 0.454545
vt 0.837838 0.363636
vt 0.837838 0.545455
vt 0.837838 0.636364
vt 0.837838 0.727273
vt 0.837838 0.818182
vt 0.837838 0.909091
vt 0.837838 1.000000
vt 0.851351 0.000000
vt 0.851351 0.090909
vt 0.851351 0.181818
vt 0.851351 0.272727
vt 0.837838 0.454545
vt 0.851351 0.363636
vt 0.851351 0.545455
vt 0.851351 0.636364
vt 0.851351 0.727273
vt 0.851351 0.818182
vt 0.851351 0.909091
vt 0.851351 1.000000
vt 0.864865 0.000000
vt 0.864865 0.090909
vt 0.864865 0.181818
vt 0.864865 0.272727
vt 0.851351 0.454545
vt 0.864865 0.363636
vt 0.864865 0.545455
vt 0.864865 0.636364
vt 0.864865 0.727273
vt 0.864865 0.818182
vt 0.864865 0.909091
vt 0.864865 1.000000
vt 0.878378 0.000000
vt 0.878378 0.090909
vt 0.878378 0.181818
vt 0.878378 0.272727
vt 0.864865 0.454545
vt 0.878378 0.363636
vt 0.878378 0.545455
vt 0.878378 0.636364
vt 0.878378 0.727273
vt 0.878378 0.818182
vt 0.878378 0.909091
vt 0.878378 1.000000
vt 0.891892 0.000000
vt 0.891892 0.090909
vt 0.891892 0.181818
vt 0.891892 0.272727
vt 0.878378 0.454545
vt 0.891892 0.363636
vt 0.891892 0.545455
vt 0.891892 0.636364
vt 0.891892 0.727273
vt 0.891892 0.818182
vt 0.891892 0.909091
vt 0.891892 1.000000
vt 0.905405 0.000000
vt 0.905405 0.090909
vt 0.905405 0.181818
vt 0.905405 0.272727
vt 0.891892 0.454545
vt 0.905405 0.363636
vt 0.905405 0.545455
vt 0.905405 0.636364
vt 0.905405 0.727273
vt 0.905405 0.818182
vt 0.905405 0.909091
vt 0.905405 1.000000
vt 0.918919 0.000000
vt 0.918919 0.090909
vt 0.918919 0.181818
vt 0.918919 0.272727
vt 0.905405 0.454545
vt 0.918919 0.363636
vt 0.918919 0.545455
vt 0.918919 0.636364
vt 0.918919 0.727273
vt 0.918919 0.818182
vt 0.918919 0.909091
vt 0.918919 1.000000
vt 0.932432 0.000000
vt 0.932432 0.090909
vt 0.932432 0.181818
vt 0.932432 0.272727
vt 0.918919 0.454545
vt 0.932432 0.363636
vt 0.932432 0.545455
vt 0.932432 0.636364
vt 0.932432 0.727273
vt 0.932432 0.818182
vt 0.932432 0.909091
vt 0.932432 1.000000
vt 0.945946 0.000000
vt 0.945946 0.090909
vt 0.945946 0.181818
vt 0.945946 0.272727
vt 0.932432 0.454545
vt 0.945946 0.363636
vt 0.945946 0.545455
vt 0.945946 0.636364
vt 0.945946 0.727273
vt 0.945946 0.818182
vt 0.945946 0.909091
vt 0.945946 1.000000
vt 0.959459 0.000000
vt 0.959459 0.090909
vt 0.959459 0.181818
vt 0.959459 0.272727
vt 0.945946 0.454545
vt 0.959459 0.363636
vt 0.959459 0.545455
vt 0.959459 0.636364
vt 0.959459 0.727273
vt 0.959459 0.818182
vt 0.959459 0.909091
vt 0.959459 1.000000
vt 0.972973 0.090909
vt 0.972973 0.181818
vt 0.972973 0.272727
vt 0.972973 0.363636
vt 0.972973 0.454545
vt 0.959459 0.454545
vt 0.972973 0.545455
vt 0.972973 0.636364
vt 0.972973 0.727273
vt 0.972973 0.818182
vt 0.972973 0.909091
vt 0.986486 0.090909
vt 0.972973 0.000000
vt 0.986486 0.181818
vt 0.986486 0.272727
vt 0.986486 0.363636
vt 0.986486 0.454545
vt 0.986486 0.545455
vt 0.986486 0.636364
vt 0.986486 0.727273
vt 0.986486 0.818182
vt 0.972973 1.000000
vt 0.986486 0.909091
vt 0.986486 0.000000
vt 0.986486 1.000000
s 0
usemtl マテリアル.001
f 97/1/1 96/2/1 95/3/1
f 98/4/1 97/1/1 95/3/1
f 102/5/1 94/6/1 93/7/1
f 93/7/1 103/8/1 102/5/1
f 98/4/1 95/3/1 94/6/1
f 94/6/1 102/5/1 98/4/1
f 102/5/1 101/9/1 98/4/1
f 99/10/1 98/4/1 101/9/1
f 100/11/1 99/10/1 101/9/1
f 39/12/1 38/13/1 37/14/1
f 88/15/1 87/16/1 89/17/1
f 109/18/1 108/19/1 107/20/1
f 74/21/1 73/22/1 71/23/1
f 73/22/1 72/24/1 71/23/1
f 103/8/1 93/7/1 92/25/1
f 92/25/1 104/26/1 103/8/1
f 85/27/1 84/28/1 83/29/1
f 86/30/1 85/27/1 83/29/1
f 83/29/1 82/31/1 86/30/1
f 114/32/1 113/33/1 110/34/1
f 111/35/1 110/34/1 113/33/1
f 112/36/1 111/35/1 113/33/1
f 2/37/1 1/38/1 3/39/1
f 116/40/1 80/41/1 79/42/1
f 79/42/1 117/43/1 116/40/1
f 117/43/1 79/42/1 78/44/1
f 78/44/1 118/45/1 117/43/1
f 77/46/1 76/47/1 75/48/1
f 75/48/1 122/49/1 77/46/1
f 122/49/1 121/50/1 119/51/1
f 121/50/1 120/52/1 119/51/1
f 77/46/1 122/49/1 78/44/1
f 118/45/1 78/44/1 122/49/1
f 122/49/1 119/51/1 118/45/1
f 89/17/1 87/16/1 86/30/1
f 90/53/1 89/17/1 86/30/1
f 86/30/1 82/31/1 90/53/1
f 91/54/1 90/53/1 82/31/1
f 82/31/1 81/55/1 91/54/1
f 92/25/1 91/54/1 81/55/1
f 81/55/1 80/41/1 92/25/1
f 104/26/1 92/25/1 80/41/1
f 80/41/1 116/40/1 104/26/1
f 105/56/1 104/26/1 116/40/1
f 116/40/1 115/57/1 105/56/1
f 106/58/1 105/56/1 115/57/1
f 115/57/1 114/32/1 106/58/1
f 114/32/1 110/34/1 106/58/1
f 107/20/1 106/58/1 110/34/1
f 109/18/1 107/20/1 110/34/1
f 36/59/1 35/60/1 37/14/1
f 39/12/1 37/14/1 35/60/1
f 35/60/1 34/61/1 39/12/1
f 40/62/1 39/12/1 34/61/1
f 34/61/1 33/63/1 40/62/1
f 41/64/1 40/62/1 33/63/1
f 42/65/1 41/64/1 33/63/1
f 33/63/1 32/66/1 42/65/1
f 43/67/1 42/65/1 32/66/1
f 32/66/1 31/68/1 43/67/1
f 44/69/1 43/67/1 31/68/1
f 31/68/1 30/70/1 44/69/1
f 30/70/1 29/71/1 44/69/1
f 45/72/1 44/69/1 29/71/1
f 46/73/1 45/72/1 29/71/1
f 29/71/1 28/74/1 46/73/1
f 47/75/1 46/73/1 28/74/1
f 28/74/1 27/76/1 47/75/1
f 48/77/1 47/75/1 27/76/1
f 27/76/1 26/78/1 48/77/1
f 26/78/1 25/79/1 48/77/1
f 49/80/1 48/77/1 25/79/1
f 50/81/1 49/80/1 25/79/1
f 25/79/1 24/82/1 50/81/1
f 24/82/1 23/83/1 50/81/1
f 51/84/1 50/81/1 23/83/1
f 52/85/1 51/84/1 23/83/1
f 23/83/1 22/86/1 52/85/1
f 22/86/1 21/87/1 52/85/1
f 53/88/1 52/85/1 21/87/1
f 54/89/1 53/88/1 21/87/1
f 21/87/1 20/90/1 54/89/1
f 55/91/1 54/89/1 20/90/1
f 20/90/1 19/92/1 55/91/1
f 19/92/1 18/93/1 55/91/1
f 56/94/1 55/91/1 18/93/1
f 57/95/1 56/94/1 18/93/1
f 18/93/1 17/96/1 57/95/1
f 58/97/1 57/95/1 17/96/1
f 17/96/1 16/98/1 58/97/1
f 59/99/1 58/97/1 16/98/1
f 16/98/1 15/100/1 59/99/1
f 60/101/1 59/99/1 15/100/1
f 15/100/1 14/102/1 60/101/1
f 61/103/1 60/101/1 14/102/1
f 14/102/1 13/104/1 61/103/1
f 62/105/1 61/103/1 13/104/1
f 13/104/1 12/106/1 62/105/1
f 63/107/1 62/105/1 12/106/1
f 12/106/1 11/108/1 63/107/1
f 11/108/1 10/109/1 63/107/1
f 64/110/1 63/107/1 10/109/1
f 10/109/1 9/111/1 64/110/1
f 65/112/1 64/110/1 9/111/1
f 9/111/1 8/113/1 65/112/1
f 66/114/1 65/112/1 8/113/1
f 8/113/1 7/115/1 66/114/1
f 67/116/1 66/114/1 7/115/1
f 7/115/1 6/117/1 67/116/1
f 68/118/1 67/116/1 6/117/1
f 6/117/1 5/119/1 68/118/1
f 69/120/1 68/118/1 5/119/1
f 5/119/1 4/121/1 69/120/1
f 70/122/1 69/120/1 4/121/1
f 4/121/1 3/39/1 70/122/1
f 71/23/1 70/122/1 3/39/1
f 74/21/1 71/23/1 3/39/1
f 3/39/1 1/38/1 74/21/1
f 219/1/1 218/2/1 217/3/1
f 220/4/1 219/1/1 217/3/1
f 224/5/1 216/6/1 215/7/1
f 215/7/1 225/8/1 224/5/1
f 220/4/1 217/3/1 216/6/1
f 216/6/1 224/5/1 220/4/1
f 224/5/1 223/9/1 220/4/1
f 221/10/1 220/4/1 223/9/1
f 222/11/1 221/10/1 223/9/1
f 161/12/1 160/13/1 159/14/1
f 210/15/1 209/16/1 211/17/1
f 231/18/1 230/19/1 229/20/1
f 196/21/1 195/22/1 193/23/1
f 195/22/1 194/24/1 193/23/1
f 214/25/1 226/26/1 215/7/1
f 225/8/1 215/7/1 226/26/1
f 207/27/1 206/28/1 205/29/1
f 208/30/1 207/27/1 205/29/1
f 205/29/1 204/31/1 208/30/1
f 236/32/1 235/33/1 232/34/1
f 233/35/1 232/34/1 235/33/1
f 234/36/1 233/35/1 235/33/1
f 124/37/1 123/38/1 125/39/1
f 238/40/1 202/41/1 201/42/1
f 201/42/1 239/43/1 238/40/1
f 239/43/1 201/42/1 200/44/1
f 200/44/1 240/45/1 239/43/1
f 199/46/1 198/47/1 197/48/1
f 197/48/1 244/49/1 199/46/1
f 244/49/1 243/50/1 241/51/1
f 243/50/1 242/52/1 241/51/1
f 199/46/1 244/49/1 200/44/1
f 240/45/1 200/44/1 244/49/1
f 244/49/1 241/51/1 240/45/1
f 211/17/1 209/16/1 208/30/1
f 212/53/1 211/17/1 208/30/1
f 208/30/1 204/31/1 212/53/1
f 213/54/1 212/53/1 204/31/1
f 204/31/1 203/55/1 213/54/1
f 214/25/1 213/54/1 203/55/1
f 203/55/1 202/41/1 214/25/1
f 226/26/1 214/25/1 202/41/1
f 202/41/1 238/40/1 226/26/1
f 227/56/1 226/26/1 238/40/1
f 238/40/1 237/57/1 227/56/1
f 228/58/1 227/56/1 237/57/1
f 237/57/1 236/32/1 228/58/1
f 236/32/1 232/34/1 228/58/1
f 229/20/1 228/58/1 232/34/1
f 231/18/1 229/20/1 232/34/1
f 158/59/1 157/60/1 159/14/1
f 161/12/1 159/14/1 157/60/1
f 157/60/1 156/61/1 161/12/1
f 162/62/1 161/12/1 156/61/1
f 156/61/1 155/63/1 162/62/1
f 163/64/1 162/62/1 155/63/1
f 164/65/1 163/64/1 155/63/1
f 155/63/1 154/66/1 164/65/1
f 165/67/1 164/65/1 154/66/1
f 154/66/1 153/68/1 165/67/1
f 166/69/1 165/67/1 153/68/1
f 153/68/1 152/70/1 166/69/1
f 152/70/1 151/71/1 166/69/1
f 167/72/1 166/69/1 151/71/1
f 168/73/1 167/72/1 151/71/1
f 151/71/1 150/74/1 168/73/1
f 169/75/1 168/73/1 150/74/1
f 150/74/1 149/76/1 169/75/1
f 170/77/1 169/75/1 149/76/1
f 149/76/1 148/78/1 170/77/1
f 148/78/1 147/79/1 170/77/1
f 171/80/1 170/77/1 147/79/1
f 172/81/1 171/80/1 147/79/1
f 147/79/1 146/82/1 172/81/1
f 146/82/1 145/83/1 172/81/1
f 173/84/1 172/81/1 145/83/1
f 174/85/1 173/84/1 145/83/1
f 145/83/1 144/86/1 174/85/1
f 175/88/1 174/85/1 144/86/1
f 144/86/1 143/87/1 175/88/1
f 176/89/1 175/88/1 143/87/1
f 143/87/1 142/90/1 176/89/1
f 177/91/1 176/89/1 142/90/1
f 142/90/1 141/92/1 177/91/1
f 178/94/1 177/91/1 141/92/1
f 141/92/1 140/93/1 178/94/1
f 179/95/1 178/94/1 140/93/1
f 140/93/1 139/96/1 179/95/1
f 180/97/1 179/95/1 139/96/1
f 139/96/1 138/98/1 180/97/1
f 181/99/1 180/97/1 138/98/1
f 138/98/1 137/100/1 181/99/1
f 182/101/1 181/99/1 137/100/1
f 137/100/1 136/102/1 182/101/1
f 183/103/1 182/101/1 136/102/1
f 136/102/1 135/104/1 183/103/1
f 184/105/1 183/103/1 135/104/1
f 135/104/1 134/106/1 184/105/1
f 185/107/1 184/105/1 134/106/1
f 134/106/1 133/108/1 185/107/1
f 133/108/1 132/109/1 185/107/1
f 186/110/1 185/107/1 132/109/1
f 132/109/1 131/111/1 186/110/1
f 187/112/1 186/110/1 131/111/1
f 131/111/1 130/113/1 187/112/1
f 188/114/1 187/112/1 130/113/1
f 130/113/1 129/115/1 188/114/1
f 189/116/1 188/114/1 129/115/1
f 129/115/1 128/117/1 189/116/1
f 190/118/1 189/116/1 128/117/1
f 128/117/1 127/119/1 190/118/1
f 191/120/1 190/118/1 127/119/1
f 127/119/1 126/121/1 191/120/1
f 192/122/1 191/120/1 126/121/1
f 126/121/1 125/39/1 192/122/1
f 193/23/1 192/122/1 125/39/1
f 196/21/1 193/23/1 125/39/1
f 125/39/1 123/38/1 196/21/1
f 248/123/1 247/124/1 250/49/1
f 250/49/1 247/124/1 246/125/1
f 246/125/1 245/38/1 250/49/1
f 248/123/1 250/49/1 249/126/1
f 255/124/1 254/127/1 253/125/1
f 253/125/1 261/49/1 255/124/1
f 261/49/1 256/128/1 255/124/1
f 257/123/1 260/129/1 259/126/1
f 252/130/1 251/38/1 258/131/1
f 252/130/1 258/131/1 259/126/1
f 257/123/1 259/126/1 258/131/1
f 252/130/1 259/126/1 253/125/1
f 261/49/1 253/125/1 259/126/1
f 256/128/1 261/49/1 260/129/1
f 260/129/1 257/123/1 256/128/1
f 293/132/1 292/133/1 349/134/1
f 349/134/1 348/135/1 293/132/1
f 294/136/1 293/132/1 348/135/1
f 348/135/1 347/137/1 294/136/1
f 295/138/1 294/136/1 347/137/1
f 347/137/1 346/139/1 295/138/1
f 296/140/1 295/138/1 346/139/1
f 346/139/1 345/141/1 296/140/1
f 297/142/1 296/140/1 345/141/1
f 298/143/1 297/142/1 345/141/1
f 345/141/1 344/144/1 298/143/1
f 299/145/1 298/143/1 344/144/1
f 344/144/1 343/146/1 299/145/1
f 300/124/1 299/145/1 343/146/1
f 343/146/1 342/147/1 300/124/1
f 301/148/1 300/124/1 342/147/1
f 342/147/1 341/149/1 301/148/1
f 302/150/1 301/148/1 341/149/1
f 288/151/1 353/152/1 289/153/1
f 353/152/1 352/154/1 289/153/1
f 338/126/1 337/155/1 305/156/1
f 337/155/1 306/157/1 305/156/1
f 354/158/1 287/159/1 355/160/1
f 335/161/1 307/162/1 336/163/1
f 356/164/1 286/165/1 285/166/1
f 285/166/1 357/49/1 356/164/1
f 355/160/1 287/159/1 286/165/1
f 286/165/1 356/164/1 355/160/1
f 334/167/1 308/168/1 335/161/1
f 307/162/1 335/161/1 308/168/1
f 287/159/1 354/158/1 288/151/1
f 353/152/1 288/151/1 354/158/1
f 306/157/1 337/155/1 336/163/1
f 336/163/1 307/162/1 306/157/1
f 289/153/1 352/154/1 290/169/1
f 352/154/1 351/170/1 290/169/1
f 291/171/1 290/169/1 351/170/1
f 351/170/1 350/172/1 291/171/1
f 292/133/1 291/171/1 350/172/1
f 349/134/1 292/133/1 350/172/1
f 302/150/1 341/149/1 340/173/1
f 303/174/1 302/150/1 340/173/1
f 340/173/1 339/175/1 303/174/1
f 304/176/1 303/174/1 339/175/1
f 339/175/1 338/126/1 304/176/1
f 338/126/1 305/156/1 304/176/1
f 309/177/1 333/178/1 332/179/1
f 332/179/1 262/38/1 309/177/1
f 283/180/1 312/181/1 311/182/1
f 263/183/1 331/184/1 330/185/1
f 283/180/1 311/182/1 284/186/1
f 310/187/1 284/186/1 311/182/1
f 262/38/1 332/179/1 331/184/1
f 331/184/1 263/183/1 262/38/1
f 313/188/1 282/189/1 281/125/1
f 314/190/1 313/188/1 281/125/1
f 329/191/1 328/192/1 265/193/1
f 264/194/1 329/191/1 265/193/1
f 312/181/1 283/180/1 282/189/1
f 282/189/1 313/188/1 312/181/1
f 329/191/1 264/194/1 330/185/1
f 263/183/1 330/185/1 264/194/1
f 278/195/1 277/196/1 317/197/1
f 318/198/1 317/197/1 277/196/1
f 277/196/1 276/199/1 318/198/1
f 319/123/1 318/198/1 276/199/1
f 276/199/1 275/200/1 319/123/1
f 320/201/1 319/123/1 275/200/1
f 275/200/1 274/202/1 320/201/1
f 321/203/1 320/201/1 274/202/1
f 274/202/1 273/204/1 321/203/1
f 273/204/1 272/205/1 321/203/1
f 322/206/1 321/203/1 272/205/1
f 272/205/1 271/207/1 322/206/1
f 323/208/1 322/206/1 271/207/1
f 271/207/1 270/209/1 323/208/1
f 324/210/1 323/208/1 270/209/1
f 270/209/1 269/211/1 324/210/1
f 325/212/1 324/210/1 269/211/1
f 269/211/1 268/213/1 325/212/1
f 314/190/1 281/125/1 280/214/1
f 315/215/1 314/190/1 280/214/1
f 280/214/1 279/216/1 315/215/1
f 316/217/1 315/215/1 279/216/1
f 279/216/1 278/195/1 316/217/1
f 278/195/1 317/197/1 316/217/1
f 325/212/1 268/213/1 326/218/1
f 268/213/1 267/219/1 326/218/1
f 327/220/1 326/218/1 267/219/1
f 267/219/1 266/221/1 327/220/1
f 328/192/1 327/220/1 266/221/1
f 265/193/1 328/192/1 266/221/1
f 284/186/1 310/187/1 285/166/1
f 357/49/1 285/166/1 310/187/1
f 333/178/1 309/177/1 334/167/1
f 308/168/1 334/167/1 309/177/1
f 382/222/1 381/223/1 430/224/1
f 377/225/1 376/226/1 434/227/1
f 434/227/1 433/228/1 377/225/1
f 378/229/1 377/225/1 433/228/1
f 433/228/1 432/230/1 378/229/1
f 379/231/1 378/229/1 432/230/1
f 380/232/1 379/231/1 432/230/1
f 432/230/1 431/233/1 380/232/1
f 381/223/1 380/232/1 431/233/1
f 430/224/1 381/223/1 431/233/1
f 382/222/1 430/224/1 429/234/1
f 383/235/1 382/222/1 429/234/1
f 429/234/1 428/236/1 383/235/1
f 384/237/1 383/235/1 428/236/1
f 428/236/1 427/238/1 384/237/1
f 385/239/1 384/237/1 427/238/1
f 427/238/1 426/240/1 385/239/1
f 386/241/1 385/239/1 426/240/1
f 426/240/1 425/242/1 386/241/1
f 425/242/1 387/243/1 386/241/1
f 422/244/1 421/245/1 390/246/1
f 372/247/1 438/248/1 373/249/1
f 438/248/1 437/250/1 373/249/1
f 389/251/1 423/252/1 422/244/1
f 422/244/1 390/246/1 389/251/1
f 391/253/1 420/254/1 392/255/1
f 441/256/1 369/257/1 442/258/1
f 369/257/1 441/256/1 370/259/1
f 440/260/1 370/259/1 441/256/1
f 392/255/1 420/254/1 419/261/1
f 419/261/1 418/262/1 392/255/1
f 418/262/1 393/263/1 392/255/1
f 370/259/1 440/260/1 371/264/1
f 440/260/1 439/265/1 371/264/1
f 372/247/1 371/264/1 439/265/1
f 438/248/1 372/247/1 439/265/1
f 420/254/1 391/253/1 421/245/1
f 390/246/1 421/245/1 391/253/1
f 373/249/1 437/250/1 374/266/1
f 437/250/1 436/267/1 374/266/1
f 375/268/1 374/266/1 436/267/1
f 436/267/1 435/269/1 375/268/1
f 376/226/1 375/268/1 435/269/1
f 434/227/1 376/226/1 435/269/1
f 387/243/1 425/242/1 424/270/1
f 388/271/1 387/243/1 424/270/1
f 424/270/1 423/252/1 388/271/1
f 423/252/1 389/251/1 388/271/1
f 415/272/1 396/273/1 416/274/1
f 395/275/1 416/274/1 396/273/1
f 443/276/1 368/277/1 367/278/1
f 444/279/1 443/276/1 367/278/1
f 367/278/1 445/280/1 444/279/1
f 446/281/1 366/282/1 365/283/1
f 365/283/1 447/284/1 446/281/1
f 449/285/1 448/286/1 364/287/1
f 364/287/1 448/286/1 365/283/1
f 447/284/1 365/283/1 448/286/1
f 413/288/1 399/289/1 414/290/1
f 399/289/1 398/291/1 414/290/1
f 445/280/1 367/278/1 366/282/1
f 366/282/1 446/281/1 445/280/1
f 414/290/1 398/291/1 415/272/1
f 398/291/1 397/292/1 415/272/1
f 396/273/1 415/272/1 397/292/1
f 452/293/1 451/294/1 362/295/1
f 362/295/1 361/296/1 452/293/1
f 361/296/1 453/297/1 452/293/1
f 412/298/1 411/299/1 401/300/1
f 400/301/1 412/298/1 401/300/1
f 406/302/1 405/303/1 407/304/1
f 407/304/1 405/303/1 408/305/1
f 405/303/1 404/306/1 408/305/1
f 409/307/1 408/305/1 404/306/1
f 403/308/1 409/307/1 404/306/1
f 453/297/1 361/296/1 360/309/1
f 454/310/1 453/297/1 360/309/1
f 360/309/1 359/311/1 454/310/1
f 359/311/1 358/38/1 454/310/1
f 358/38/1 459/49/1 454/310/1
f 455/312/1 454/310/1 459/49/1
f 459/49/1 458/313/1 455/312/1
f 409/307/1 403/308/1 410/314/1
f 403/308/1 402/315/1 410/314/1
f 411/299/1 410/314/1 402/315/1
f 401/300/1 411/299/1 402/315/1
f 449/285/1 364/287/1 363/316/1
f 450/317/1 449/285/1 363/316/1
f 363/316/1 362/295/1 450/317/1
f 362/295/1 451/294/1 450/317/1
f 457/318/1 456/319/1 455/312/1
f 455/312/1 458/313/1 457/318/1
f 412/298/1 400/301/1 413/288/1
f 399/289/1 413/288/1 400/301/1
f 442/258/1 369/257/1 368/277/1
f 368/277/1 443/276/1 442/258/1
f 416/274/1 395/275/1 417/320/1
f 395/275/1 394/321/1 417/320/1
f 418/262/1 417/320/1 394/321/1
f 393/263/1 418/262/1 394/321/1
f 556/1/2 554/3/2 555/2/2
f 557/4/2 554/3/2 556/1/2
f 561/5/2 552/7/2 553/6/2
f 552/7/2 561/5/2 562/8/2
f 557/4/2 553/6/2 554/3/2
f 553/6/2 557/4/2 561/5/2
f 561/5/2 557/4/2 560/9/2
f 558/10/2 560/9/2 557/4/2
f 559/11/2 560/9/2 558/10/2
f 498/12/2 496/14/2 497/13/2
f 547/15/2 548/17/2 546/16/2
f 568/18/2 566/20/2 567/19/2
f 533/21/2 530/23/2 532/22/2
f 532/22/2 530/23/2 531/24/2
f 562/8/2 551/25/2 552/7/2
f 551/25/2 562/8/2 563/26/2
f 544/27/2 542/29/2 543/28/2
f 545/30/2 542/29/2 544/27/2
f 542/29/2 545/30/2 541/31/2
f 573/32/2 569/34/2 572/33/2
f 570/35/2 572/33/2 569/34/2
f 571/36/2 572/33/2 570/35/2
f 461/37/2 462/39/2 460/38/2
f 575/40/2 538/42/2 539/41/2
f 538/42/2 575/40/2 576/43/2
f 576/43/2 537/44/2 538/42/2
f 537/44/2 576/43/2 577/45/2
f 536/46/2 534/48/2 535/47/2
f 534/48/2 536/46/2 581/49/2
f 581/49/2 578/51/2 580/50/2
f 580/50/2 578/51/2 579/52/2
f 536/46/2 537/44/2 581/49/2
f 577/45/2 581/49/2 537/44/2
f 581/49/2 577/45/2 578/51/2
f 548/17/2 545/30/2 546/16/2
f 549/53/2 545/30/2 548/17/2
f 545/30/2 549/53/2 541/31/2
f 550/54/2 541/31/2 549/53/2
f 541/31/2 550/54/2 540/55/2
f 551/25/2 540/55/2 550/54/2
f 540/55/2 551/25/2 539/41/2
f 563/26/2 539/41/2 551/25/2
f 539/41/2 563/26/2 575/40/2
f 564/56/2 575/40/2 563/26/2
f 575/40/2 564/56/2 574/57/2
f 565/58/2 574/57/2 564/56/2
f 574/57/2 565/58/2 573/32/2
f 573/32/2 565/58/2 569/34/2
f 566/20/2 569/34/2 565/58/2
f 568/18/2 569/34/2 566/20/2
f 495/59/2 496/14/2 494/60/2
f 498/12/2 494/60/2 496/14/2
f 494/60/2 498/12/2 493/61/2
f 499/62/2 493/61/2 498/12/2
f 493/61/2 499/62/2 492/63/2
f 500/64/2 492/63/2 499/62/2
f 501/65/2 492/63/2 500/64/2
f 492/63/2 501/65/2 491/66/2
f 502/67/2 491/66/2 501/65/2
f 491/66/2 502/67/2 490/68/2
f 503/69/2 490/68/2 502/67/2
f 490/68/2 503/69/2 489/70/2
f 489/70/2 503/69/2 488/71/2
f 504/72/2 488/71/2 503/69/2
f 505/73/2 488/71/2 504/72/2
f 488/71/2 505/73/2 487/74/2
f 506/75/2 487/74/2 505/73/2
f 487/74/2 506/75/2 486/76/2
f 507/77/2 486/76/2 506/75/2
f 486/76/2 507/77/2 485/78/2
f 485/78/2 507/77/2 484/79/2
f 508/80/2 484/79/2 507/77/2
f 509/81/2 484/79/2 508/80/2
f 484/79/2 509/81/2 483/82/2
f 483/82/2 509/81/2 482/83/2
f 510/84/2 482/83/2 509/81/2
f 511/85/2 482/83/2 510/84/2
f 482/83/2 511/85/2 481/86/2
f 481/86/2 511/85/2 480/87/2
f 512/88/2 480/87/2 511/85/2
f 513/89/2 480/87/2 512/88/2
f 480/87/2 513/89/2 479/90/2
f 514/91/2 479/90/2 513/89/2
f 479/90/2 514/91/2 478/92/2
f 478/92/2 514/91/2 477/93/2
f 515/94/2 477/93/2 514/91/2
f 516/95/2 477/93/2 515/94/2
f 477/93/2 516/95/2 476/96/2
f 517/97/2 476/96/2 516/95/2
f 476/96/2 517/97/2 475/98/2
f 518/99/2 475/98/2 517/97/2
f 475/98/2 518/99/2 474/100/2
f 519/101/2 474/100/2 518/99/2
f 474/100/2 519/101/2 473/102/2
f 520/103/2 473/102/2 519/101/2
f 473/102/2 520/103/2 472/104/2
f 521/105/2 472/104/2 520/103/2
f 472/104/2 521/105/2 471/106/2
f 522/107/2 471/106/2 521/105/2
f 471/106/2 522/107/2 470/108/2
f 470/108/2 522/107/2 469/109/2
f 523/110/2 469/109/2 522/107/2
f 469/109/2 523/110/2 468/111/2
f 524/112/2 468/111/2 523/110/2
f 468/111/2 524/112/2 467/113/2
f 525/114/2 467/113/2 524/112/2
f 467/113/2 525/114/2 466/115/2
f 526/116/2 466/115/2 525/114/2
f 466/115/2 526/116/2 465/117/2
f 527/118/2 465/117/2 526/116/2
f 465/117/2 527/118/2 464/119/2
f 528/120/2 464/119/2 527/118/2
f 464/119/2 528/120/2 463/121/2
f 529/122/2 463/121/2 528/120/2
f 463/121/2 529/122/2 462/39/2
f 530/23/2 462/39/2 529/122/2
f 533/21/2 462/39/2 530/23/2
f 462/39/2 533/21/2 460/38/2
f 678/1/2 676/3/2 677/2/2
f 679/4/2 676/3/2 678/1/2
f 683/5/2 674/7/2 675/6/2
f 674/7/2 683/5/2 684/8/2
f 679/4/2 675/6/2 676/3/2
f 675/6/2 679/4/2 683/5/2
f 683/5/2 679/4/2 682/9/2
f 680/10/2 682/9/2 679/4/2
f 681/11/2 682/9/2 680/10/2
f 620/12/2 618/14/2 619/13/2
f 669/15/2 670/17/2 668/16/2
f 690/18/2 688/20/2 689/19/2
f 655/21/2 652/23/2 654/22/2
f 654/22/2 652/23/2 653/24/2
f 673/25/2 674/7/2 685/26/2
f 684/8/2 685/26/2 674/7/2
f 666/27/2 664/29/2 665/28/2
f 667/30/2 664/29/2 666/27/2
f 664/29/2 667/30/2 663/31/2
f 695/32/2 691/34/2 694/33/2
f 692/35/2 694/33/2 691/34/2
f 693/36/2 694/33/2 692/35/2
f 583/37/2 584/39/2 582/38/2
f 697/40/2 660/42/2 661/41/2
f 660/42/2 697/40/2 698/43/2
f 698/43/2 659/44/2 660/42/2
f 659/44/2 698/43/2 699/45/2
f 658/46/2 656/48/2 657/47/2
f 656/48/2 658/46/2 703/49/2
f 703/49/2 700/51/2 702/50/2
f 702/50/2 700/51/2 701/52/2
f 658/46/2 659/44/2 703/49/2
f 699/45/2 703/49/2 659/44/2
f 703/49/2 699/45/2 700/51/2
f 670/17/2 667/30/2 668/16/2
f 671/53/2 667/30/2 670/17/2
f 667/30/2 671/53/2 663/31/2
f 672/54/2 663/31/2 671/53/2
f 663/31/2 672/54/2 662/55/2
f 673/25/2 662/55/2 672/54/2
f 662/55/2 673/25/2 661/41/2
f 685/26/2 661/41/2 673/25/2
f 661/41/2 685/26/2 697/40/2
f 686/56/2 697/40/2 685/26/2
f 697/40/2 686/56/2 696/57/2
f 687/58/2 696/57/2 686/56/2
f 696/57/2 687/58/2 695/32/2
f 695/32/2 687/58/2 691/34/2
f 688/20/2 691/34/2 687/58/2
f 690/18/2 691/34/2 688/20/2
f 617/59/2 618/14/2 616/60/2
f 620/12/2 616/60/2 618/14/2
f 616/60/2 620/12/2 615/61/2
f 621/62/2 615/61/2 620/12/2
f 615/61/2 621/62/2 614/63/2
f 622/64/2 614/63/2 621/62/2
f 623/65/2 614/63/2 622/64/2
f 614/63/2 623/65/2 613/66/2
f 624/67/2 613/66/2 623/65/2
f 613/66/2 624/67/2 612/68/2
f 625/69/2 612/68/2 624/67/2
f 612/68/2 625/69/2 611/70/2
f 611/70/2 625/69/2 610/71/2
f 626/72/2 610/71/2 625/69/2
f 627/73/2 610/71/2 626/72/2
f 610/71/2 627/73/2 609/74/2
f 628/75/2 609/74/2 627/73/2
f 609/74/2 628/75/2 608/76/2
f 629/77/2 608/76/2 628/75/2
f 608/76/2 629/77/2 607/78/2
f 607/78/2 629/77/2 606/79/2
f 630/80/2 606/79/2 629/77/2
f 631/81/2 606/79/2 630/80/2
f 606/79/2 631/81/2 605/82/2
f 605/82/2 631/81/2 604/83/2
f 632/84/2 604/83/2 631/81/2
f 633/85/2 604/83/2 632/84/2
f 604/83/2 633/85/2 603/86/2
f 634/88/2 603/86/2 633/85/2
f 603/86/2 634/88/2 602/87/2
f 635/89/2 602/87/2 634/88/2
f 602/87/2 635/89/2 601/90/2
f 636/91/2 601/90/2 635/89/2
f 601/90/2 636/91/2 600/92/2
f 637/94/2 600/92/2 636/91/2
f 600/92/2 637/94/2 599/93/2
f 638/95/2 599/93/2 637/94/2
f 599/93/2 638/95/2 598/96/2
f 639/97/2 598/96/2 638/95/2
f 598/96/2 639/97/2 597/98/2
f 640/99/2 597/98/2 639/97/2
f 597/98/2 640/99/2 596/100/2
f 641/101/2 596/100/2 640/99/2
f 596/100/2 641/101/2 595/102/2
f 642/103/2 595/102/2 641/101/2
f 595/102/2 642/103/2 594/104/2
f 643/105/2 594/104/2 642/103/2
f 594/104/2 643/105/2 593/106/2
f 644/107/2 593/106/2 643/105/2
f 593/106/2 644/107/2 592/108/2
f 592/108/2 644/107/2 591/109/2
f 645/110/2 591/109/2 644/107/2
f 591/109/2 645/110/2 590/111/2
f 646/112/2 590/111/2 645/110/2
f 590/111/2 646/112/2 589/113/2
f 647/114/2 589/113/2 646/112/2
f 589/113/2 647/114/2 588/115/2
f 648/116/2 588/115/2 647/114/2
f 588/115/2 648/116/2 587/117/2
f 649/118/2 587/117/2 648/116/2
f 587/117/2 649/118/2 586/119/2
f 650/120/2 586/119/2 649/118/2
f 586/119/2 650/120/2 585/121/2
f 651/122/2 585/121/2 650/120/2
f 585/121/2 651/122/2 584/39/2
f 652/23/2 584/39/2 651/122/2
f 655/21/2 584/39/2 652/23/2
f 584/39/2 655/21/2 582/38/2
f 707/123/2 709/49/2 706/124/2
f 709/49/2 705/125/2 706/124/2
f 705/125/2 709/49/2 704/38/2
f 707/123/2 708/126/2 709/49/2
f 714/124/2 712/125/2 713/127/2
f 712/125/2 714/124/2 720/49/2
f 720/49/2 714/124/2 715/128/2
f 716/123/2 718/126/2 719/129/2
f 711/130/2 717/131/2 710/38/2
f 711/130/2 718/126/2 717/131/2
f 716/123/2 717/131/2 718/126/2
f 711/130/2 712/125/2 718/126/2
f 720/49/2 718/126/2 712/125/2
f 715/128/2 719/129/2 720/49/2
f 719/129/2 715/128/2 716/123/2
f 752/132/2 808/134/2 751/133/2
f 808/134/2 752/132/2 807/135/2
f 753/136/2 807/135/2 752/132/2
f 807/135/2 753/136/2 806/137/2
f 754/138/2 806/137/2 753/136/2
f 806/137/2 754/138/2 805/139/2
f 755/140/2 805/139/2 754/138/2
f 805/139/2 755/140/2 804/141/2
f 756/142/2 804/141/2 755/140/2
f 757/143/2 804/141/2 756/142/2
f 804/141/2 757/143/2 803/144/2
f 758/145/2 803/144/2 757/143/2
f 803/144/2 758/145/2 802/146/2
f 759/124/2 802/146/2 758/145/2
f 802/146/2 759/124/2 801/147/2
f 760/148/2 801/147/2 759/124/2
f 801/147/2 760/148/2 800/149/2
f 761/150/2 800/149/2 760/148/2
f 747/151/2 748/153/2 812/152/2
f 812/152/2 748/153/2 811/154/2
f 797/126/2 764/156/2 796/155/2
f 796/155/2 764/156/2 765/157/2
f 813/158/2 814/160/2 746/159/2
f 794/161/2 795/163/2 766/162/2
f 815/164/2 744/166/2 745/165/2
f 744/166/2 815/164/2 816/49/2
f 814/160/2 745/165/2 746/159/2
f 745/165/2 814/160/2 815/164/2
f 793/167/2 794/161/2 767/168/2
f 766/162/2 767/168/2 794/161/2
f 746/159/2 747/151/2 813/158/2
f 812/152/2 813/158/2 747/151/2
f 765/157/2 795/163/2 796/155/2
f 795/163/2 765/157/2 766/162/2
f 748/153/2 749/169/2 811/154/2
f 811/154/2 749/169/2 810/170/2
f 750/171/2 810/170/2 749/169/2
f 810/170/2 750/171/2 809/172/2
f 751/133/2 809/172/2 750/171/2
f 808/134/2 809/172/2 751/133/2
f 761/150/2 799/173/2 800/149/2
f 762/174/2 799/173/2 761/150/2
f 799/173/2 762/174/2 798/175/2
f 763/176/2 798/175/2 762/174/2
f 798/175/2 763/176/2 797/126/2
f 797/126/2 763/176/2 764/156/2
f 768/177/2 791/179/2 792/178/2
f 791/179/2 768/177/2 721/38/2
f 742/180/2 770/182/2 771/181/2
f 722/183/2 789/185/2 790/184/2
f 742/180/2 743/186/2 770/182/2
f 769/187/2 770/182/2 743/186/2
f 721/38/2 790/184/2 791/179/2
f 790/184/2 721/38/2 722/183/2
f 772/188/2 740/125/2 741/189/2
f 773/190/2 740/125/2 772/188/2
f 788/191/2 724/193/2 787/192/2
f 723/194/2 724/193/2 788/191/2
f 771/181/2 741/189/2 742/180/2
f 741/189/2 771/181/2 772/188/2
f 788/191/2 789/185/2 723/194/2
f 722/183/2 723/194/2 789/185/2
f 737/195/2 776/197/2 736/196/2
f 777/198/2 736/196/2 776/197/2
f 736/196/2 777/198/2 735/199/2
f 778/123/2 735/199/2 777/198/2
f 735/199/2 778/123/2 734/200/2
f 779/201/2 734/200/2 778/123/2
f 734/200/2 779/201/2 733/202/2
f 780/203/2 733/202/2 779/201/2
f 733/202/2 780/203/2 732/204/2
f 732/204/2 780/203/2 731/205/2
f 781/206/2 731/205/2 780/203/2
f 731/205/2 781/206/2 730/207/2
f 782/208/2 730/207/2 781/206/2
f 730/207/2 782/208/2 729/209/2
f 783/210/2 729/209/2 782/208/2
f 729/209/2 783/210/2 728/211/2
f 784/212/2 728/211/2 783/210/2
f 728/211/2 784/212/2 727/213/2
f 773/190/2 739/214/2 740/125/2
f 774/215/2 739/214/2 773/190/2
f 739/214/2 774/215/2 738/216/2
f 775/217/2 738/216/2 774/215/2
f 738/216/2 775/217/2 737/195/2
f 737/195/2 775/217/2 776/197/2
f 784/212/2 785/218/2 727/213/2
f 727/213/2 785/218/2 726/219/2
f 786/220/2 726/219/2 785/218/2
f 726/219/2 786/220/2 725/221/2
f 787/192/2 725/221/2 786/220/2
f 724/193/2 725/221/2 787/192/2
f 743/186/2 744/166/2 769/187/2
f 816/49/2 769/187/2 744/166/2
f 792/178/2 793/167/2 768/177/2
f 767/168/2 768/177/2 793/167/2
f 841/222/2 889/224/2 840/223/2
f 836/225/2 893/227/2 835/226/2
f 893/227/2 836/225/2 892/228/2
f 837/229/2 892/228/2 836/225/2
f 892/228/2 837/229/2 891/230/2
f 838/231/2 891/230/2 837/229/2
f 839/232/2 891/230/2 838/231/2
f 891/230/2 839/232/2 890/233/2
f 840/223/2 890/233/2 839/232/2
f 889/224/2 890/233/2 840/223/2
f 841/222/2 888/234/2 889/224/2
f 842/235/2 888/234/2 841/222/2
f 888/234/2 842/235/2 887/236/2
f 843/237/2 887/236/2 842/235/2
f 887/236/2 843/237/2 886/238/2
f 844/239/2 886/238/2 843/237/2
f 886/238/2 844/239/2 885/240/2
f 845/241/2 885/240/2 844/239/2
f 885/240/2 845/241/2 884/242/2
f 884/242/2 845/241/2 846/243/2
f 881/244/2 849/246/2 880/245/2
f 831/247/2 832/249/2 897/248/2
f 897/248/2 832/249/2 896/250/2
f 848/251/2 881/244/2 882/252/2
f 881/244/2 848/251/2 849/246/2
f 850/253/2 851/255/2 879/254/2
f 900/256/2 901/258/2 828/257/2
f 828/257/2 829/259/2 900/256/2
f 899/260/2 900/256/2 829/259/2
f 851/255/2 878/261/2 879/254/2
f 878/261/2 851/255/2 877/262/2
f 877/262/2 851/255/2 852/263/2
f 829/259/2 830/264/2 899/260/2
f 899/260/2 830/264/2 898/265/2
f 831/247/2 898/265/2 830/264/2
f 897/248/2 898/265/2 831/247/2
f 879/254/2 880/245/2 850/253/2
f 849/246/2 850/253/2 880/245/2
f 832/249/2 833/266/2 896/250/2
f 896/250/2 833/266/2 895/267/2
f 834/268/2 895/267/2 833/266/2
f 895/267/2 834/268/2 894/269/2
f 835/226/2 894/269/2 834/268/2
f 893/227/2 894/269/2 835/226/2
f 846/243/2 883/270/2 884/242/2
f 847/271/2 883/270/2 846/243/2
f 883/270/2 847/271/2 882/252/2
f 882/252/2 847/271/2 848/251/2
f 874/272/2 875/274/2 855/273/2
f 854/275/2 855/273/2 875/274/2
f 902/276/2 826/278/2 827/277/2
f 903/279/2 826/278/2 902/276/2
f 826/278/2 903/279/2 904/280/2
f 905/281/2 824/283/2 825/282/2
f 824/283/2 905/281/2 906/284/2
f 908/285/2 823/287/2 907/286/2
f 823/287/2 824/283/2 907/286/2
f 906/284/2 907/286/2 824/283/2
f 872/288/2 873/290/2 858/289/2
f 858/289/2 873/290/2 857/291/2
f 904/280/2 825/282/2 826/278/2
f 825/282/2 904/280/2 905/281/2
f 873/290/2 874/272/2 857/291/2
f 857/291/2 874/272/2 856/292/2
f 855/273/2 856/292/2 874/272/2
f 911/293/2 821/295/2 910/294/2
f 821/295/2 911/293/2 820/296/2
f 820/296/2 911/293/2 912/297/2
f 871/298/2 860/300/2 870/299/2
f 859/301/2 860/300/2 871/298/2
f 865/302/2 866/304/2 864/303/2
f 866/304/2 867/305/2 864/303/2
f 864/303/2 867/305/2 863/306/2
f 868/307/2 863/306/2 867/305/2
f 862/308/2 863/306/2 868/307/2
f 912/297/2 819/309/2 820/296/2
f 913/310/2 819/309/2 912/297/2
f 819/309/2 913/310/2 818/311/2
f 818/311/2 913/310/2 817/38/2
f 817/38/2 913/310/2 918/49/2
f 914/312/2 918/49/2 913/310/2
f 918/49/2 914/312/2 917/313/2
f 868/307/2 869/314/2 862/308/2
f 862/308/2 869/314/2 861/315/2
f 870/299/2 861/315/2 869/314/2
f 860/300/2 861/315/2 870/299/2
f 908/285/2 822/316/2 823/287/2
f 909/317/2 822/316/2 908/285/2
f 822/316/2 909/317/2 821/295/2
f 821/295/2 909/317/2 910/294/2
f 916/318/2 914/312/2 915/319/2
f 914/312/2 916/318/2 917/313/2
f 871/298/2 872/288/2 859/301/2
f 858/289/2 859/301/2 872/288/2
f 901/258/2 827/277/2 828/257/2
f 827/277/2 901/258/2 902/276/2
f 875/274/2 876/320/2 854/275/2
f 854/275/2 876/320/2 853/321/2
f 877/262/2 853/321/2 876/320/2
f 852/263/2 853/321/2 877/262/2
s 1
f 920/322/3 931/323/4 919/38/5
f 921/324/6 932/325/7 920/322/3
f 922/326/8 933/327/9 921/324/6
f 923/328/10 934/329/11 922/326/8
f 924/330/12 935/331/13 923/328/10
f 937/332/14 924/330/12 925/333/15
f 938/334/16 925/333/15 926/335/17
f 939/336/18 926/335/17 927/337/19
f 940/338/20 927/337/19 928/339/21
f 941/340/22 928/339/21 929/341/23
f 942/342/24 929/341/23 930/343/25
f 932/325/7 943/344/26 931/323/4
f 933/327/9 944/345/27 932/325/7
f 934/329/11 945/346/28 933/327/9
f 935/331/13 946/347/29 934/329/11
f 936/348/30 947/349/31 935/331/13
f 949/350/32 936/348/30 937/332/14
f 950/351/33 937/332/14 938/334/16
f 951/352/34 938/334/16 939/336/18
f 952/353/35 939/336/18 940/338/20
f 953/354/36 940/338/20 941/340/22
f 954/355/37 941/340/22 942/342/24
f 944/345/27 955/356/38 943/344/26
f 945/346/28 956/357/39 944/345/27
f 946/347/29 957/358/40 945/346/28
f 947/349/31 958/359/41 946/347/29
f 948/360/42 959/361/43 947/349/31
f 961/362/44 948/360/42 949/350/32
f 962/363/45 949/350/32 950/351/33
f 963/364/46 950/351/33 951/352/34
f 964/365/47 951/352/34 952/353/35
f 965/366/48 952/353/35 953/354/36
f 966/367/49 953/354/36 954/355/37
f 956/357/39 967/368/50 955/356/38
f 957/358/40 968/369/51 956/357/39
f 958/359/41 969/370/52 957/358/40
f 959/361/43 970/371/53 958/359/41
f 960/372/54 971/373/55 959/361/43
f 973/374/56 960/372/54 961/362/44
f 974/375/57 961/362/44 962/363/45
f 975/376/58 962/363/45 963/364/46
f 976/377/59 963/364/46 964/365/47
f 977/378/60 964/365/47 965/366/48
f 978/379/61 965/366/48 966/367/49
f 968/369/51 979/380/62 967/368/50
f 969/370/52 980/381/63 968/369/51
f 970/371/53 981/382/64 969/370/52
f 971/373/55 982/383/65 970/371/53
f 972/384/66 983/385/67 971/373/55
f 985/386/68 972/384/66 973/374/56
f 986/387/69 973/374/56 974/375/57
f 987/388/70 974/375/57 975/376/58
f 988/389/71 975/376/58 976/377/59
f 989/390/72 976/377/59 977/378/60
f 990/391/73 977/378/60 978/379/61
f 992/392/74 979/380/62 980/381/63
f 993/393/75 980/381/63 981/382/64
f 994/394/76 981/382/64 982/383/65
f 995/395/77 982/383/65 983/385/67
f 984/396/78 995/395/77 983/385/67
f 997/397/79 984/396/78 985/386/68
f 998/398/80 985/386/68 986/387/69
f 987/388/70 998/398/80 986/387/69
f 988/389/71 999/399/81 987/388/70
f 989/390/72 1000/400/82 988/389/71
f 990/391/73 1001/401/83 989/390/72
f 1004/402/84 991/403/85 992/392/74
f 1005/404/86 992/392/74 993/393/75
f 1006/405/87 993/393/75 994/394/76
f 1007/406/88 994/394/76 995/395/77
f 1008/407/89 995/395/77 996/408/90
f 1009/409/91 996/408/90 997/397/79
f 998/398/80 1009/409/91 997/397/79
f 999/399/81 1010/410/92 998/398/80
f 1000/400/82 1011/411/93 999/399/81
f 1001/401/83 1012/412/94 1000/400/82
f 1002/413/95 1013/414/96 1001/401/83
f 1016/415/97 1003/416/98 1004/402/84
f 1017/417/99 1004/402/84 1005/404/86
f 1018/418/100 1005/404/86 1006/405/87
f 1019/419/101 1006/405/87 1007/406/88
f 1020/420/102 1007/406/88 1008/407/89
f 1021/421/103 1008/407/89 1009/409/91
f 1010/410/92 1021/421/103 1009/409/91
f 1011/411/93 1022/422/104 1010/410/92
f 1012/412/94 1023/423/105 1011/411/93
f 1013/414/96 1024/424/106 1012/412/94
f 1014/425/107 1025/426/108 1013/414/96
f 1028/427/109 1015/428/110 1016/415/97
f 1029/429/111 1016/415/97 1017/417/99
f 1030/430/112 1017/417/99 1018/418/100
f 1031/431/113 1018/418/100 1019/419/101
f 1032/432/114 1019/419/101 1020/420/102
f 1033/433/115 1020/420/102 1021/421/103
f 1022/422/104 1033/433/115 1021/421/103
f 1023/423/105 1034/434/116 1022/422/104
f 1024/424/106 1035/435/117 1023/423/105
f 1025/426/108 1036/436/118 1024/424/106
f 1026/437/119 1037/438/120 1025/426/108
f 1040/439/121 1027/440/122 1028/427/109
f 1041/441/123 1028/427/109 1029/429/111
f 1042/442/124 1029/429/111 1030/430/112
f 1043/443/125 1030/430/112 1031/431/113
f 1044/444/126 1031/431/113 1032/432/114
f 1045/445/127 1032/432/114 1033/433/115
f 1034/434/116 1045/445/127 1033/433/115
f 1035/435/117 1046/446/128 1034/434/116
f 1036/436/118 1047/447/129 1035/435/117
f 1037/438/120 1048/448/130 1036/436/118
f 1038/449/131 1049/450/132 1037/438/120
f 1040/439/121 1051/451/133 1039/452/134
f 1041/441/123 1052/453/135 1040/439/121
f 1042/442/124 1053/454/136 1041/441/123
f 1043/443/125 1054/455/137 1042/442/124
f 1044/444/126 1055/456/138 1043/443/125
f 1057/457/139 1044/444/126 1045/445/127
f 1058/458/140 1045/445/127 1046/446/128
f 1059/459/141 1046/446/128 1047/447/129
f 1060/460/142 1047/447/129 1048/448/130
f 1061/461/143 1048/448/130 1049/450/132
f 1062/462/144 1049/450/132 1050/463/145
f 1052/453/135 1063/464/146 1051/451/133
f 1053/454/136 1064/465/147 1052/453/135
f 1054/455/137 1065/466/148 1053/454/136
f 1055/456/138 1066/467/149 1054/455/137
f 1056/468/150 1067/469/151 1055/456/138
f 1069/470/152 1056/468/150 1057/457/139
f 1070/471/153 1057/457/139 1058/458/140
f 1071/472/154 1058/458/140 1059/459/141
f 1072/473/155 1059/459/141 1060/460/142
f 1073/474/156 1060/460/142 1061/461/143
f 1074/475/157 1061/461/143 1062/462/144
f 1064/465/147 1075/476/158 1063/464/146
f 1065/466/148 1076/477/159 1064/465/147
f 1066/467/149 1077/478/160 1065/466/148
f 1067/469/151 1078/479/161 1066/467/149
f 1068/480/162 1079/481/163 1067/469/151
f 1081/482/164 1068/480/162 1069/470/152
f 1082/483/165 1069/470/152 1070/471/153
f 1083/484/166 1070/471/153 1071/472/154
f 1084/485/167 1071/472/154 1072/473/155
f 1085/486/168 1072/473/155 1073/474/156
f 1086/487/169 1073/474/156 1074/475/157
f 1076/477/159 1087/488/170 1075/476/158
f 1077/478/160 1088/489/171 1076/477/159
f 1078/479/161 1089/490/172 1077/478/160
f 1079/481/163 1090/491/173 1078/479/161
f 1080/492/174 1091/493/175 1079/481/163
f 1093/494/176 1080/492/174 1081/482/164
f 1094/495/177 1081/482/164 1082/483/165
f 1095/496/178 1082/483/165 1083/484/166
f 1096/497/179 1083/484/166 1084/485/167
f 1097/498/180 1084/485/167 1085/486/168
f 1098/499/181 1085/486/168 1086/487/169
f 1088/489/171 1099/500/182 1087/488/170
f 1089/490/172 1100/501/183 1088/489/171
f 1090/491/173 1101/502/184 1089/490/172
f 1091/493/175 1102/503/185 1090/491/173
f 1092/504/186 1103/505/187 1091/493/175
f 1105/506/188 1092/504/186 1093/494/176
f 1106/507/189 1093/494/176 1094/495/177
f 1107/508/190 1094/495/177 1095/496/178
f 1108/509/191 1095/496/178 1096/497/179
f 1109/510/192 1096/497/179 1097/498/180
f 1110/511/193 1097/498/180 1098/499/181
f 1100/501/183 1111/512/194 1099/500/182
f 1101/502/184 1112/513/195 1100/501/183
f 1102/503/185 1113/514/196 1101/502/184
f 1103/505/187 1114/515/197 1102/503/185
f 1104/516/198 1115/517/199 1103/505/187
f 1117/518/200 1104/516/198 1105/506/188
f 1118/519/201 1105/506/188 1106/507/189
f 1119/520/202 1106/507/189 1107/508/190
f 1120/521/203 1107/508/190 1108/509/191
f 1121/522/204 1108/509/191 1109/510/192
f 1122/523/205 1109/510/192 1110/511/193
f 1112/513/195 1123/524/206 1111/512/194
f 1113/514/196 1124/525/207 1112/513/195
f 1114/515/197 1125/526/208 1113/514/196
f 1115/517/199 1126/527/209 1114/515/197
f 1116/528/210 1127/529/211 1115/517/199
f 1129/530/212 1116/528/210 1117/518/200
f 1130/531/213 1117/518/200 1118/519/201
f 1131/532/214 1118/519/201 1119/520/202
f 1132/533/215 1119/520/202 1120/521/203
f 1133/534/216 1120/521/203 1121/522/204
f 1134/535/217 1121/522/204 1122/523/205
f 1124/525/207 1135/536/218 1123/524/206
f 1125/526/208 1136/537/219 1124/525/207
f 1126/527/209 1137/538/220 1125/526/208
f 1127/529/211 1138/539/221 1126/527/209
f 1128/540/222 1139/541/223 1127/529/211
f 1141/542/224 1128/540/222 1129/530/212
f 1142/543/225 1129/530/212 1130/531/213
f 1143/544/226 1130/531/213 1131/532/214
f 1144/545/227 1131/532/214 1132/533/215
f 1145/546/228 1132/533/215 1133/534/216
f 1146/547/229 1133/534/216 1134/535/217
f 1136/537/219 1147/548/230 1135/536/218
f 1137/538/220 1148/549/231 1136/537/219
f 1138/539/221 1149/550/232 1137/538/220
f 1139/541/223 1150/551/233 1138/539/221
f 1140/552/234 1151/553/235 1139/541/223
f 1153/554/236 1140/552/234 1141/542/224
f 1154/555/237 1141/542/224 1142/543/225
f 1155/556/238 1142/543/225 1143/544/226
f 1156/557/239 1143/544/226 1144/545/227
f 1157/558/240 1144/545/227 1145/546/228
f 1158/559/241 1145/546/228 1146/547/229
f 1160/560/242 1147/548/230 1148/549/231
f 1161/561/243 1148/549/231 1149/550/232
f 1162/562/244 1149/550/232 1150/551/233
f 1163/563/245 1150/551/233 1151/553/235
f 1164/564/246 1151/553/235 1152/565/247
f 1165/566/248 1152/565/247 1153/554/236
f 1154/555/237 1165/566/248 1153/554/236
f 1155/556/238 1166/567/249 1154/555/237
f 1156/557/239 1167/568/250 1155/556/238
f 1157/558/240 1168/569/251 1156/557/239
f 1158/559/241 1169/570/252 1157/558/240
f 1172/571/253 1159/572/254 1160/560/242
f 1173/573/255 1160/560/242 1161/561/243
f 1174/574/256 1161/561/243 1162/562/244
f 1175/575/257 1162/562/244 1163/563/245
f 1176/576/258 1163/563/245 1164/564/246
f 1177/577/259 1164/564/246 1165/566/248
f 1166/567/249 1177/577/259 1165/566/248
f 1167/568/250 1178/578/260 1166/567/249
f 1168/569/251 1179/579/261 1167/568/250
f 1169/570/252 1180/580/262 1168/569/251
f 1170/581/263 1181/582/264 1169/570/252
f 1184/583/265 1171/584/266 1172/571/253
f 1185/585/267 1172/571/253 1173/573/255
f 1186/586/268 1173/573/255 1174/574/256
f 1187/587/269 1174/574/256 1175/575/257
f 1188/588/270 1175/575/257 1176/576/258
f 1189/589/271 1176/576/258 1177/577/259
f 1178/578/260 1189/589/271 1177/577/259
f 1179/579/261 1190/590/272 1178/578/260
f 1180/580/262 1191/591/273 1179/579/261
f 1181/582/264 1192/592/274 1180/580/262
f 1182/593/275 1193/594/276 1181/582/264
f 1196/595/277 1183/596/278 1184/583/265
f 1197/597/279 1184/583/265 1185/585/267
f 1198/598/280 1185/585/267 1186/586/268
f 1199/599/281 1186/586/268 1187/587/269
f 1200/600/282 1187/587/269 1188/588/270
f 1189/589/271 1200/600/282 1188/588/270
f 1190/590/272 1201/601/283 1189/589/271
f 1191/591/273 1202/602/284 1190/590/272
f 1192/592/274 1203/603/285 1191/591/273
f 1193/594/276 1204/604/286 1192/592/274
f 1194/605/287 1205/606/288 1193/594/276
f 1196/595/277 1207/607/289 1195/608/290
f 1197/597/279 1208/609/291 1196/595/277
f 1198/598/280 1209/610/292 1197/597/279
f 1199/599/281 1210/611/293 1198/598/280
f 1200/600/282 1211/612/294 1199/599/281
f 1201/601/283 1212/613/295 1200/600/282
f 1214/614/296 1201/601/283 1202/602/284
f 1215/615/297 1202/602/284 1203/603/285
f 1216/616/298 1203/603/285 1204/604/286
f 1217/617/299 1204/604/286 1205/606/288
f 1218/618/300 1205/606/288 1206/619/301
f 1208/609/291 1219/620/302 1207/607/289
f 1209/610/292 1220/621/303 1208/609/291
f 1210/611/293 1221/622/304 1209/610/292
f 1211/612/294 1222/623/305 1210/611/293
f 1212/613/295 1223/624/306 1211/612/294
f 1225/625/307 1212/613/295 1213/626/308
f 1226/627/309 1213/626/308 1214/614/296
f 1227/628/310 1214/614/296 1215/615/297
f 1228/629/311 1215/615/297 1216/616/298
f 1229/630/312 1216/616/298 1217/617/299
f 1230/631/313 1217/617/299 1218/618/300
f 1220/621/303 1231/632/314 1219/620/302
f 1221/622/304 1232/633/315 1220/621/303
f 1222/623/305 1233/634/316 1221/622/304
f 1223/624/306 1234/635/317 1222/623/305
f 1224/636/318 1235/637/319 1223/624/306
f 1237/638/320 1224/636/318 1225/625/307
f 1238/639/321 1225/625/307 1226/627/309
f 1239/640/322 1226/627/309 1227/628/310
f 1240/641/323 1227/628/310 1228/629/311
f 1241/642/324 1228/629/311 1229/630/312
f 1242/643/325 1229/630/312 1230/631/313
f 1244/644/326 1231/632/314 1232/633/315
f 1245/645/327 1232/633/315 1233/634/316
f 1246/646/328 1233/634/316 1234/635/317
f 1247/647/329 1234/635/317 1235/637/319
f 1248/648/330 1235/637/319 1236/649/331
f 1249/650/332 1236/649/331 1237/638/320
f 1238/639/321 1249/650/332 1237/638/320
f 1239/640/322 1250/651/333 1238/639/321
f 1240/641/323 1251/652/334 1239/640/322
f 1241/642/324 1252/653/335 1240/641/323
f 1242/643/325 1253/654/336 1241/642/324
f 1256/655/337 1243/656/338 1244/644/326
f 1257/657/339 1244/644/326 1245/645/327
f 1258/658/340 1245/645/327 1246/646/328
f 1259/659/341 1246/646/328 1247/647/329
f 1260/660/342 1247/647/329 1248/648/330
f 1261/661/343 1248/648/330 1249/650/332
f 1250/651/333 1261/661/343 1249/650/332
f 1251/652/334 1262/662/344 1250/651/333
f 1252/653/335 1263/663/345 1251/652/334
f 1253/654/336 1264/664/346 1252/653/335
f 1254/665/347 1265/666/348 1253/654/336
f 1268/667/349 1255/668/350 1256/655/337
f 1269/669/351 1256/655/337 1257/657/339
f 1270/670/352 1257/657/339 1258/658/340
f 1271/671/353 1258/658/340 1259/659/341
f 1272/672/354 1259/659/341 1260/660/342
f 1273/673/355 1260/660/342 1261/661/343
f 1262/662/344 1273/673/355 1261/661/343
f 1263/663/345 1274/674/356 1262/662/344
f 1264/664/346 1275/675/357 1263/663/345
f 1265/666/348 1276/676/358 1264/664/346
f 1266/677/359 1277/678/360 1265/666/348
f 1280/679/361 1267/680/362 1268/667/349
f 1281/681/363 1268/667/349 1269/669/351
f 1282/682/364 1269/669/351 1270/670/352
f 1283/683/365 1270/670/352 1271/671/353
f 1284/684/366 1271/671/353 1272/672/354
f 1273/673/355 1284/684/366 1272/672/354
f 1274/674/356 1285/685/367 1273/673/355
f 1275/675/357 1286/686/368 1274/674/356
f 1276/676/358 1287/687/369 1275/675/357
f 1277/678/360 1288/688/370 1276/676/358
f 1278/689/371 1289/690/372 1277/678/360
f 1292/691/373 1279/692/374 1280/679/361
f 1293/693/375 1280/679/361 1281/681/363
f 1294/694/376 1281/681/363 1282/682/364
f 1295/695/377 1282/682/364 1283/683/365
f 1296/696/378 1283/683/365 1284/684/366
f 1297/697/379 1284/684/366 1285/685/367
f 1286/686/368 1297/697/379 1285/685/367
f 1287/687/369 1298/698/380 1286/686/368
f 1288/688/370 1299/699/381 1287/687/369
f 1289/690/372 1300/700/382 1288/688/370
f 1290/701/383 1301/702/384 1289/690/372
f 1304/703/385 1291/704/386 1292/691/373
f 1305/705/387 1292/691/373 1293/693/375
f 1306/706/388 1293/693/375 1294/694/376
f 1307/707/389 1294/694/376 1295/695/377
f 1308/708/390 1295/695/377 1296/696/378
f 1297/697/379 1308/708/390 1296/696/378
f 1298/698/380 1309/709/391 1297/697/379
f 1299/699/381 1310/710/392 1298/698/380
f 1300/700/382 1311/711/393 1299/699/381
f 1301/702/384 1312/712/394 1300/700/382
f 1302/713/395 1313/714/396 1301/702/384
f 1316/715/397 1303/716/398 1304/703/385
f 1317/717/399 1304/703/385 1305/705/387
f 1318/718/400 1305/705/387 1306/706/388
f 1319/719/401 1306/706/388 1307/707/389
f 1320/720/402 1307/707/389 1308/708/390
f 1321/721/403 1308/708/390 1309/709/391
f 1310/710/392 1321/721/403 1309/709/391
f 1311/711/393 1322/722/404 1310/710/392
f 1312/712/394 1323/723/405 1311/711/393
f 1313/714/396 1324/724/406 1312/712/394
f 1314/725/407 1325/726/408 1313/714/396
f 1328/727/409 1315/728/410 1316/715/397
f 1329/729/411 1316/715/397 1317/717/399
f 1330/730/412 1317/717/399 1318/718/400
f 1331/731/413 1318/718/400 1319/719/401
f 1332/732/414 1319/719/401 1320/720/402
f 1321/721/403 1332/732/414 1320/720/402
f 1322/722/404 1333/733/415 1321/721/403
f 1323/723/405 1334/734/416 1322/722/404
f 1324/724/406 1335/735/417 1323/723/405
f 1325/726/408 1336/736/418 1324/724/406
f 1326/737/419 1337/738/420 1325/726/408
f 1340/739/421 1327/740/422 1328/727/409
f 1341/741/423 1328/727/409 1329/729/411
f 1342/742/424 1329/729/411 1330/730/412
f 1343/743/425 1330/730/412 1331/731/413
f 1344/744/426 1331/731/413 1332/732/414
f 1345/745/427 1332/732/414 1333/733/415
f 1334/734/416 1345/745/427 1333/733/415
f 1335/735/417 1346/746/428 1334/734/416
f 1336/736/418 1347/747/429 1335/735/417
f 1337/738/420 1348/748/430 1336/736/418
f 1338/749/431 1349/750/432 1337/738/420
f 1352/751/433 1339/752/434 1340/739/421
f 1353/753/435 1340/739/421 1341/741/423
f 1354/754/436 1341/741/423 1342/742/424
f 1355/755/437 1342/742/424 1343/743/425
f 1356/756/438 1343/743/425 1344/744/426
f 1357/757/439 1344/744/426 1345/745/427
f 1346/746/428 1357/757/439 1345/745/427
f 1347/747/429 1358/758/440 1346/746/428
f 1348/748/430 1359/759/441 1347/747/429
f 1349/750/432 1360/760/442 1348/748/430
f 1350/761/443 1361/762/444 1349/750/432
f 1352/751/433 1363/763/445 1351/764/446
f 1353/753/435 1364/765/447 1352/751/433
f 1354/754/436 1365/766/448 1353/753/435
f 1355/755/437 1366/767/449 1354/754/436
f 1356/756/438 1367/768/450 1355/755/437
f 1369/769/451 1356/756/438 1357/757/439
f 1370/770/452 1357/757/439 1358/758/440
f 1371/771/453 1358/758/440 1359/759/441
f 1372/772/454 1359/759/441 1360/760/442
f 1373/773/455 1360/760/442 1361/762/444
f 1374/774/456 1361/762/444 1362/775/457
f 1364/765/447 1375/776/458 1363/763/445
f 1365/766/448 1376/777/459 1364/765/447
f 1366/767/449 1377/778/460 1365/766/448
f 1367/768/450 1378/779/461 1366/767/449
f 1368/780/462 1379/781/463 1367/768/450
f 1381/782/464 1368/780/462 1369/769/451
f 1382/783/465 1369/769/451 1370/770/452
f 1383/784/466 1370/770/452 1371/771/453
f 1384/785/467 1371/771/453 1372/772/454
f 1385/786/468 1372/772/454 1373/773/455
f 1386/787/469 1373/773/455 1374/774/456
f 1376/777/459 1387/788/470 1375/776/458
f 1377/778/460 1388/789/471 1376/777/459
f 1378/779/461 1389/790/472 1377/778/460
f 1379/781/463 1390/791/473 1378/779/461
f 1380/792/474 1391/793/475 1379/781/463
f 1393/794/476 1380/792/474 1381/782/464
f 1394/795/477 1381/782/464 1382/783/465
f 1395/796/478 1382/783/465 1383/784/466
f 1396/797/479 1383/784/466 1384/785/467
f 1397/798/480 1384/785/467 1385/786/468
f 1398/799/481 1385/786/468 1386/787/469
f 1400/800/482 1387/788/470 1388/789/471
f 1401/801/483 1388/789/471 1389/790/472
f 1402/802/484 1389/790/472 1390/791/473
f 1403/803/485 1390/791/473 1391/793/475
f 1404/804/486 1391/793/475 1392/805/487
f 1405/806/488 1392/805/487 1393/794/476
f 1394/795/477 1405/806/488 1393/794/476
f 1395/796/478 1406/807/489 1394/795/477
f 1396/797/479 1407/808/490 1395/796/478
f 1397/798/480 1408/809/491 1396/797/479
f 1398/799/481 1409/810/492 1397/798/480
f 1412/811/493 1399/812/494 1400/800/482
f 1413/813/495 1400/800/482 1401/801/483
f 1414/814/496 1401/801/483 1402/802/484
f 1415/815/497 1402/802/484 1403/803/485
f 1416/816/498 1403/803/485 1404/804/486
f 1405/806/488 1416/816/498 1404/804/486
f 1406/807/489 1417/817/499 1405/806/488
f 1407/808/490 1418/818/500 1406/807/489
f 1408/809/491 1419/819/501 1407/808/490
f 1409/810/492 1420/820/502 1408/809/491
f 1410/821/503 1421/822/504 1409/810/492
f 1424/823/505 1411/824/506 1412/811/493
f 1425/825/507 1412/811/493 1413/813/495
f 1426/826/508 1413/813/495 1414/814/496
f 1427/827/509 1414/814/496 1415/815/497
f 1428/828/510 1415/815/497 1416/816/498
f 1429/829/511 1416/816/498 1417/817/499
f 1418/818/500 1429/829/511 1417/817/499
f 1419/819/501 1430/830/512 1418/818/500
f 1420/820/502 1431/831/513 1419/819/501
f 1421/822/504 1432/832/514 1420/820/502
f 1422/833/515 1433/834/516 1421/822/504
f 1436/835/517 1423/836/518 1424/823/505
f 1437/837/519 1424/823/505 1425/825/507
f 1438/838/520 1425/825/507 1426/826/508
f 1439/839/521 1426/826/508 1427/827/509
f 1440/840/522 1427/827/509 1428/828/510
f 1441/841/523 1428/828/510 1429/829/511
f 1430/830/512 1441/841/523 1429/829/511
f 1431/831/513 1442/842/524 1430/830/512
f 1432/832/514 1443/843/525 1431/831/513
f 1433/834/516 1444/844/526 1432/832/514
f 1434/845/527 1445/846/528 1433/834/516
f 1448/847/529 1435/848/530 1436/835/517
f 1449/849/531 1436/835/517 1437/837/519
f 1450/850/532 1437/837/519 1438/838/520
f 1451/851/533 1438/838/520 1439/839/521
f 1452/852/534 1439/839/521 1440/840/522
f 1453/853/535 1440/840/522 1441/841/523
f 1442/842/524 1453/853/535 1441/841/523
f 1443/843/525 1454/854/536 1442/842/524
f 1444/844/526 1455/855/537 1443/843/525
f 1445/846/528 1456/856/538 1444/844/526
f 1446/857/539 1457/858/540 1445/846/528
f 1460/859/541 1447/860/542 1448/847/529
f 1461/861/543 1448/847/529 1449/849/531
f 1462/862/544 1449/849/531 1450/850/532
f 1463/863/545 1450/850/532 1451/851/533
f 1464/864/546 1451/851/533 1452/852/534
f 1465/865/547 1452/852/534 1453/853/535
f 1454/854/536 1465/865/547 1453/853/535
f 1455/855/537 1466/866/548 1454/854/536
f 1456/856/538 1467/867/549 1455/855/537
f 1457/858/540 1468/868/550 1456/856/538
f 1458/869/551 1469/870/552 1457/858/540
f 1472/871/553 1459/872/554 1460/859/541
f 1473/873/555 1460/859/541 1461/861/543
f 1474/874/556 1461/861/543 1462/862/544
f 1475/875/557 1462/862/544 1463/863/545
f 1476/876/558 1463/863/545 1464/864/546
f 1477/877/559 1464/864/546 1465/865/547
f 1466/866/548 1477/877/559 1465/865/547
f 1467/867/549 1478/878/560 1466/866/548
f 1468/868/550 1479/879/561 1467/867/549
f 1469/870/552 1480/880/562 1468/868/550
f 1470/881/563 1481/882/564 1469/870/552
f 1472/871/553 1483/883/565 1471/884/566
f 1473/873/555 1484/885/567 1472/871/553
f 1474/874/556 1485/886/568 1473/873/555
f 1475/875/557 1486/887/569 1474/874/556
f 1476/876/558 1487/888/570 1475/875/557
f 1489/889/571 1476/876/558 1477/877/559
f 1490/890/572 1477/877/559 1478/878/560
f 1491/891/573 1478/878/560 1479/879/561
f 1492/892/574 1479/879/561 1480/880/562
f 1493/893/575 1480/880/562 1481/882/564
f 1494/894/576 1481/882/564 1482/895/577
f 1484/885/567 1495/896/578 1483/883/565
f 1485/886/568 1496/897/579 1484/885/567
f 1486/887/569 1497/898/580 1485/886/568
f 1487/888/570 1498/899/581 1486/887/569
f 1488/900/582 1499/901/583 1487/888/570
f 1501/902/584 1488/900/582 1489/889/571
f 1502/903/585 1489/889/571 1490/890/572
f 1503/904/586 1490/890/572 1491/891/573
f 1504/905/587 1491/891/573 1492/892/574
f 1505/906/588 1492/892/574 1493/893/575
f 1506/907/589 1493/893/575 1494/894/576
f 1508/908/590 1495/896/578 1496/897/579
f 1509/909/591 1496/897/579 1497/898/580
f 1510/910/592 1497/898/580 1498/899/581
f 1511/911/593 1498/899/581 1499/901/583
f 1512/912/594 1499/901/583 1500/913/595
f 1513/914/596 1500/913/595 1501/902/584
f 1502/903/585 1513/914/596 1501/902/584
f 1503/904/586 1514/915/597 1502/903/585
f 1504/905/587 1515/916/598 1503/904/586
f 1505/906/588 1516/917/599 1504/905/587
f 1506/907/589 1517/918/600 1505/906/588
f 1520/919/601 1507/920/602 1508/908/590
f 1521/921/603 1508/908/590 1509/909/591
f 1522/922/604 1509/909/591 1510/910/592
f 1523/923/605 1510/910/592 1511/911/593
f 1524/924/606 1511/911/593 1512/912/594
f 1525/925/607 1512/912/594 1513/914/596
f 1514/915/597 1525/925/607 1513/914/596
f 1515/916/598 1526/926/608 1514/915/597
f 1516/917/599 1527/927/609 1515/916/598
f 1517/918/600 1528/928/610 1516/917/599
f 1518/929/611 1529/930/612 1517/918/600
f 1532/931/613 1519/932/614 1520/919/601
f 1533/933/615 1520/919/601 1521/921/603
f 1534/934/616 1521/921/603 1522/922/604
f 1535/935/617 1522/922/604 1523/923/605
f 1536/936/618 1523/923/605 1524/924/606
f 1537/937/619 1524/924/606 1525/925/607
f 1526/926/608 1537/937/619 1525/925/607
f 1527/927/609 1538/938/620 1526/926/608
f 1528/928/610 1539/939/621 1527/927/609
f 1529/930/612 1540/940/622 1528/928/610
f 1530/941/623 1541/942/624 1529/930/612
f 1544/943/625 1531/128/626 1532/931/613
f 1545/944/627 1532/931/613 1533/933/615
f 1546/945/628 1533/933/615 1534/934/616
f 1547/946/629 1534/934/616 1535/935/617
f 1548/947/630 1535/935/617 1536/936/618
f 1549/948/631 1536/936/618 1537/937/619
f 1538/938/620 1549/948/631 1537/937/619
f 1539/939/621 1550/949/632 1538/938/620
f 1540/940/622 1551/950/633 1539/939/621
f 1541/942/624 1552/951/634 1540/940/622
f 1542/952/635 1553/953/636 1541/942/624
f 1556/954/637 1543/955/638 1544/943/625
f 1557/956/639 1544/943/625 1545/944/627
f 1558/957/640 1545/944/627 1546/945/628
f 1559/958/641 1546/945/628 1547/946/629
f 1560/959/642 1547/946/629 1548/947/630
f 1561/960/643 1548/947/630 1549/948/631
f 1550/949/632 1561/960/643 1549/948/631
f 1551/950/633 1562/961/644 1550/949/632
f 1552/951/634 1563/962/645 1551/950/633
f 1553/953/636 1564/963/646 1552/951/634
f 1554/964/647 1565/965/648 1553/953/636
f 1568/966/649 1555/967/650 1556/954/637
f 1569/968/651 1556/954/637 1557/956/639
f 1570/969/652 1557/956/639 1558/957/640
f 1571/970/653 1558/957/640 1559/958/641
f 1572/971/654 1559/958/641 1560/959/642
f 1573/972/655 1560/959/642 1561/960/643
f 1562/961/644 1573/972/655 1561/960/643
f 1563/962/645 1574/973/656 1562/961/644
f 1564/963/646 1575/974/657 1563/962/645
f 1565/965/648 1576/975/658 1564/963/646
f 1566/976/659 1577/977/660 1565/965/648
f 1580/978/661 1567/979/662 1568/966/649
f 1581/980/663 1568/966/649 1569/968/651
f 1582/981/664 1569/968/651 1570/969/652
f 1583/982/665 1570/969/652 1571/970/653
f 1584/983/666 1571/970/653 1572/971/654
f 1585/984/667 1572/971/654 1573/972/655
f 1574/973/656 1585/984/667 1573/972/655
f 1575/974/657 1586/985/668 1574/973/656
f 1576/975/658 1587/986/669 1575/974/657
f 1577/977/660 1588/987/670 1576/975/658
f 1578/988/671 1589/989/672 1577/977/660
f 1592/990/673 1579/991/674 1580/978/661
f 1593/992/675 1580/978/661 1581/980/663
f 1594/993/676 1581/980/663 1582/981/664
f 1595/994/677 1582/981/664 1583/982/665
f 1596/995/678 1583/982/665 1584/983/666
f 1597/996/679 1584/983/666 1585/984/667
f 1586/985/668 1597/996/679 1585/984/667
f 1587/986/669 1598/997/680 1586/985/668
f 1588/987/670 1599/998/681 1587/986/669
f 1589/989/672 1600/999/682 1588/987/670
f 1590/1000/683 1601/1001/684 1589/989/672
f 1604/1002/685 1591/1003/686 1592/990/673
f 1605/1004/687 1592/990/673 1593/992/675
f 1606/1005/688 1593/992/675 1594/993/676
f 1607/1006/689 1594/993/676 1595/994/677
f 1608/1007/690 1595/994/677 1596/995/678
f 1609/1008/691 1596/995/678 1597/996/679
f 1598/997/680 1609/1008/691 1597/996/679
f 1599/998/681 1610/1009/692 1598/997/680
f 1600/999/682 1611/1010/693 1599/998/681
f 1601/1001/684 1612/1011/694 1600/999/682
f 1602/1012/695 1613/1013/696 1601/1001/684
f 1616/1014/697 1603/1015/698 1604/1002/685
f 1617/1016/699 1604/1002/685 1605/1004/687
f 1618/1017/700 1605/1004/687 1606/1005/688
f 1619/1018/701 1606/1005/688 1607/1006/689
f 1620/1019/702 1607/1006/689 1608/1007/690
f 1621/1020/703 1608/1007/690 1609/1008/691
f 1610/1009/692 1621/1020/703 1609/1008/691
f 1611/1010/693 1622/1021/704 1610/1009/692
f 1612/1011/694 1623/1022/705 1611/1010/693
f 1613/1013/696 1624/1023/706 1612/1011/694
f 1614/1024/707 1625/1025/708 1613/1013/696
f 1628/1026/709 1615/1027/710 1616/1014/697
f 1629/1028/711 1616/1014/697 1617/1016/699
f 1630/1029/712 1617/1016/699 1618/1017/700
f 1631/1030/713 1618/1017/700 1619/1018/701
f 1632/1031/714 1619/1018/701 1620/1019/702
f 1633/1032/715 1620/1019/702 1621/1020/703
f 1622/1021/704 1633/1032/715 1621/1020/703
f 1623/1022/705 1634/1033/716 1622/1021/704
f 1624/1023/706 1635/1034/717 1623/1022/705
f 1625/1025/708 1636/1035/718 1624/1023/706
f 1626/1036/719 1637/1037/720 1625/1025/708
f 1640/1038/721 1627/1039/722 1628/1026/709
f 1641/1040/723 1628/1026/709 1629/1028/711
f 1642/1041/724 1629/1028/711 1630/1029/712
f 1643/1042/725 1630/1029/712 1631/1030/713
f 1644/1043/726 1631/1030/713 1632/1031/714
f 1645/1044/727 1632/1031/714 1633/1032/715
f 1634/1033/716 1645/1044/727 1633/1032/715
f 1635/1034/717 1646/1045/728 1634/1033/716
f 1636/1035/718 1647/1046/729 1635/1034/717
f 1637/1037/720 1648/1047/730 1636/1035/718
f 1638/1048/731 1649/1049/732 1637/1037/720
f 1652/1050/733 1639/1051/734 1640/1038/721
f 1653/1052/735 1640/1038/721 1641/1040/723
f 1654/1053/736 1641/1040/723 1642/1041/724
f 1655/1054/737 1642/1041/724 1643/1042/725
f 1656/1055/738 1643/1042/725 1644/1043/726
f 1657/1056/739 1644/1043/726 1645/1044/727
f 1646/1045/728 1657/1056/739 1645/1044/727
f 1647/1046/729 1658/1057/740 1646/1045/728
f 1648/1047/730 1659/1058/741 1647/1046/729
f 1649/1049/732 1660/1059/742 1648/1047/730
f 1650/1060/743 1661/1061/744 1649/1049/732
f 1664/1062/745 1651/1063/746 1652/1050/733
f 1665/1064/747 1652/1050/733 1653/1052/735
f 1666/1065/748 1653/1052/735 1654/1053/736
f 1667/1066/749 1654/1053/736 1655/1054/737
f 1668/1067/750 1655/1054/737 1656/1055/738
f 1669/1068/751 1656/1055/738 1657/1056/739
f 1658/1057/740 1669/1068/751 1657/1056/739
f 1659/1058/741 1670/1069/752 1658/1057/740
f 1660/1059/742 1671/1070/753 1659/1058/741
f 1661/1061/744 1672/1071/754 1660/1059/742
f 1662/1072/755 1673/1073/756 1661/1061/744
f 1676/1074/757 1663/1075/758 1664/1062/745
f 1677/1076/759 1664/1062/745 1665/1064/747
f 1678/1077/760 1665/1064/747 1666/1065/748
f 1679/1078/761 1666/1065/748 1667/1066/749
f 1680/1079/762 1667/1066/749 1668/1067/750
f 1681/1080/763 1668/1067/750 1669/1068/751
f 1670/1069/752 1681/1080/763 1669/1068/751
f 1671/1070/753 1682/1081/764 1670/1069/752
f 1672/1071/754 1683/1082/765 1671/1070/753
f 1673/1073/756 1684/1083/766 1672/1071/754
f 1674/1084/767 1685/1085/768 1673/1073/756
f 1688/1086/769 1675/1087/770 1676/1074/757
f 1689/1088/771 1676/1074/757 1677/1076/759
f 1690/1089/772 1677/1076/759 1678/1077/760
f 1691/1090/773 1678/1077/760 1679/1078/761
f 1692/1091/774 1679/1078/761 1680/1079/762
f 1681/1080/763 1692/1091/774 1680/1079/762
f 1682/1081/764 1693/1092/775 1681/1080/763
f 1683/1082/765 1694/1093/776 1682/1081/764
f 1684/1083/766 1695/1094/777 1683/1082/765
f 1685/1085/768 1696/1095/778 1684/1083/766
f 1686/1096/779 1697/1097/780 1685/1085/768
f 1700/1098/781 1687/1099/782 1688/1086/769
f 1701/1100/783 1688/1086/769 1689/1088/771
f 1702/1101/784 1689/1088/771 1690/1089/772
f 1703/1102/785 1690/1089/772 1691/1090/773
f 1704/1103/786 1691/1090/773 1692/1091/774
f 1705/1104/787 1692/1091/774 1693/1092/775
f 1694/1093/776 1705/1104/787 1693/1092/775
f 1695/1094/777 1706/1105/788 1694/1093/776
f 1696/1095/778 1707/1106/789 1695/1094/777
f 1697/1097/780 1708/1107/790 1696/1095/778
f 1698/1108/791 1709/1109/792 1697/1097/780
f 1712/1110/793 1699/1111/794 1700/1098/781
f 1713/1112/795 1700/1098/781 1701/1100/783
f 1714/1113/796 1701/1100/783 1702/1101/784
f 1715/1114/797 1702/1101/784 1703/1102/785
f 1716/1115/798 1703/1102/785 1704/1103/786
f 1717/1116/799 1704/1103/786 1705/1104/787
f 1706/1105/788 1717/1116/799 1705/1104/787
f 1707/1106/789 1718/1117/800 1706/1105/788
f 1708/1107/790 1719/1118/801 1707/1106/789
f 1709/1109/792 1720/1119/802 1708/1107/790
f 1710/1120/803 1721/1121/804 1709/1109/792
f 1724/1122/805 1711/1123/806 1712/1110/793
f 1725/1124/807 1712/1110/793 1713/1112/795
f 1726/1125/808 1713/1112/795 1714/1113/796
f 1727/1126/809 1714/1113/796 1715/1114/797
f 1728/1127/810 1715/1114/797 1716/1115/798
f 1729/1128/811 1716/1115/798 1717/1116/799
f 1718/1117/800 1729/1128/811 1717/1116/799
f 1719/1118/801 1730/1129/812 1718/1117/800
f 1720/1119/802 1731/1130/813 1719/1118/801
f 1721/1121/804 1732/1131/814 1720/1119/802
f 1722/1132/815 1733/1133/816 1721/1121/804
f 1736/1134/817 1723/1135/818 1724/1122/805
f 1737/1136/819 1724/1122/805 1725/1124/807
f 1738/1137/820 1725/1124/807 1726/1125/808
f 1739/1138/821 1726/1125/808 1727/1126/809
f 1740/1139/822 1727/1126/809 1728/1127/810
f 1741/1140/823 1728/1127/810 1729/1128/811
f 1730/1129/812 1741/1140/823 1729/1128/811
f 1731/1130/813 1742/1141/824 1730/1129/812
f 1732/1131/814 1743/1142/825 1731/1130/813
f 1733/1133/816 1744/1143/826 1732/1131/814
f 1734/1144/827 1745/1145/828 1733/1133/816
f 1748/1146/829 1735/1147/830 1736/1134/817
f 1749/1148/831 1736/1134/817 1737/1136/819
f 1750/1149/832 1737/1136/819 1738/1137/820
f 1751/1150/833 1738/1137/820 1739/1138/821
f 1752/1151/834 1739/1138/821 1740/1139/822
f 1753/1152/835 1740/1139/822 1741/1140/823
f 1742/1141/824 1753/1152/835 1741/1140/823
f 1743/1142/825 1754/1153/836 1742/1141/824
f 1744/1143/826 1755/1154/837 1743/1142/825
f 1745/1145/828 1756/1155/838 1744/1143/826
f 1746/1156/839 1757/1157/840 1745/1145/828
f 1748/1146/829 1759/1158/841 1747/1159/842
f 1749/1148/831 1760/1160/843 1748/1146/829
f 1750/1149/832 1761/1161/844 1749/1148/831
f 1751/1150/833 1762/1162/845 1750/1149/832
f 1752/1151/834 1763/1163/846 1751/1150/833
f 1765/1164/847 1752/1151/834 1753/1152/835
f 1766/1165/848 1753/1152/835 1754/1153/836
f 1767/1166/849 1754/1153/836 1755/1154/837
f 1768/1167/850 1755/1154/837 1756/1155/838
f 1769/1168/851 1756/1155/838 1757/1157/840
f 1770/1169/852 1757/1157/840 1758/1170/853
f 1760/1160/843 1771/1171/854 1759/1158/841
f 1761/1161/844 1772/1172/855 1760/1160/843
f 1762/1162/845 1773/1173/856 1761/1161/844
f 1763/1163/846 1774/1174/857 1762/1162/845
f 1764/1175/858 1775/1176/859 1763/1163/846
f 1777/1177/860 1764/1175/858 1765/1164/847
f 1778/1178/861 1765/1164/847 1766/1165/848
f 1779/1179/862 1766/1165/848 1767/1166/849
f 1780/1180/863 1767/1166/849 1768/1167/850
f 1781/1181/864 1768/1167/850 1769/1168/851
f 1782/1182/865 1769/1168/851 1770/1169/852
f 1772/1172/855 1783/1183/866 1771/1171/854
f 1773/1173/856 1784/1184/867 1772/1172/855
f 1774/1174/857 1785/1185/868 1773/1173/856
f 1775/1176/859 1786/1186/869 1774/1174/857
f 1776/1187/870 1787/1188/871 1775/1176/859
f 1789/1189/872 1776/1187/870 1777/1177/860
f 1790/1190/873 1777/1177/860 1778/1178/861
f 1791/1191/874 1778/1178/861 1779/1179/862
f 1792/1192/875 1779/1179/862 1780/1180/863
f 1793/1193/876 1780/1180/863 1781/1181/864
f 1794/1194/877 1781/1181/864 1782/1182/865
f 1796/1195/878 1783/1183/866 1784/1184/867
f 1797/1196/879 1784/1184/867 1785/1185/868
f 1798/1197/880 1785/1185/868 1786/1186/869
f 1799/1198/881 1786/1186/869 1787/1188/871
f 1800/1199/882 1787/1188/871 1788/1200/883
f 1789/1189/872 1800/1199/882 1788/1200/883
f 1790/1190/873 1801/1201/884 1789/1189/872
f 1791/1191/874 1802/1202/885 1790/1190/873
f 1792/1192/875 1803/1203/886 1791/1191/874
f 1793/1193/876 1804/1204/887 1792/1192/875
f 1794/1194/877 1805/1205/888 1793/1193/876
f 1808/1206/889 1795/1207/890 1796/1195/878
f 1809/1208/891 1796/1195/878 1797/1196/879
f 1810/1209/892 1797/1196/879 1798/1197/880
f 1811/1210/893 1798/1197/880 1799/1198/881
f 1812/1211/894 1799/1198/881 1800/1199/882
f 1813/1212/895 1800/1199/882 1801/1201/884
f 1802/1202/885 1813/1212/895 1801/1201/884
f 1803/1203/886 1814/1213/896 1802/1202/885
f 1804/1204/887 1815/1214/897 1803/1203/886
f 1805/1205/888 1816/1215/898 1804/1204/887
f 1806/1216/899 1817/1217/900 1805/1205/888
f 1820/1218/901 1807/1219/902 1808/1206/889
f 1821/1220/903 1808/1206/889 1809/1208/891
f 1822/1221/904 1809/1208/891 1810/1209/892
f 1823/1222/905 1810/1209/892 1811/1210/893
f 1824/1223/906 1811/1210/893 1812/1211/894
f 1825/1224/907 1812/1211/894 1813/1212/895
f 1814/1213/896 1825/1224/907 1813/1212/895
f 1815/1214/897 1826/1225/908 1814/1213/896
f 1816/1215/898 1827/1226/909 1815/1214/897
f 1817/1217/900 1828/1227/910 1816/1215/898
f 1818/1228/911 1829/1229/912 1817/1217/900
f 1832/1230/913 1819/1231/914 1820/1218/901
f 1833/1232/915 1820/1218/901 1821/1220/903
f 1834/1233/916 1821/1220/903 1822/1221/904
f 1835/1234/917 1822/1221/904 1823/1222/905
f 1836/1235/918 1823/1222/905 1824/1223/906
f 1837/1236/919 1824/1223/906 1825/1224/907
f 1826/1225/908 1837/1236/919 1825/1224/907
f 1827/1226/909 1838/1237/920 1826/1225/908
f 1828/1227/910 1839/1238/921 1827/1226/909
f 1829/1229/912 1840/1239/922 1828/1227/910
f 1830/1240/923 1841/1241/924 1829/1229/912
f 1832/1230/913 1843/1242/925 1831/1243/926
f 1833/1232/915 1844/1244/927 1832/1230/913
f 1834/1233/916 1845/1245/928 1833/1232/915
f 1835/1234/917 1846/1246/929 1834/1233/916
f 1836/1235/918 1847/1247/930 1835/1234/917
f 1849/1248/931 1836/1235/918 1837/1236/919
f 1850/1249/932 1837/1236/919 1838/1237/920
f 1851/1250/933 1838/1237/920 1839/1238/921
f 1852/1251/934 1839/1238/921 1840/1239/922
f 1853/1252/935 1840/1239/922 1841/1241/924
f 1854/1253/936 1841/1241/924 1842/1254/937
f 1844/1244/927 1855/1255/938 1843/1242/925
f 1845/1245/928 1856/1256/939 1844/1244/927
f 1846/1246/929 1857/1257/940 1845/1245/928
f 1847/1247/930 1858/1258/941 1846/1246/929
f 1848/1259/942 1859/1260/943 1847/1247/930
f 1861/1261/944 1848/1259/942 1849/1248/931
f 1862/1262/945 1849/1248/931 1850/1249/932
f 1863/1263/946 1850/1249/932 1851/1250/933
f 1864/1264/947 1851/1250/933 1852/1251/934
f 1865/1265/948 1852/1251/934 1853/1252/935
f 1866/1266/949 1853/1252/935 1854/1253/936
f 1856/1256/939 1867/1267/950 1855/1255/938
f 1857/1257/940 1868/1268/951 1856/1256/939
f 1858/1258/941 1869/1269/952 1857/1257/940
f 1859/1260/943 1870/1270/953 1858/1258/941
f 1860/1271/954 1871/1272/955 1859/1260/943
f 1873/1273/956 1860/1271/954 1861/1261/944
f 1874/1274/957 1861/1261/944 1862/1262/945
f 1875/1275/958 1862/1262/945 1863/1263/946
f 1876/1276/959 1863/1263/946 1864/1264/947
f 1877/1277/960 1864/1264/947 1865/1265/948
f 1878/1278/961 1865/1265/948 1866/1266/949
f 1868/1268/951 1879/1279/962 1867/1267/950
f 1869/1269/952 1880/1280/963 1868/1268/951
f 1870/1270/953 1881/1281/964 1869/1269/952
f 1871/1272/955 1882/1282/965 1870/1270/953
f 1872/1283/966 1883/1284/967 1871/1272/955
f 1885/1285/968 1872/1283/966 1873/1273/956
f 1886/1286/969 1873/1273/956 1874/1274/957
f 1887/1287/970 1874/1274/957 1875/1275/958
f 1888/1288/971 1875/1275/958 1876/1276/959
f 1889/1289/972 1876/1276/959 1877/1277/960
f 1890/1290/973 1877/1277/960 1878/1278/961
f 1880/1280/963 1891/1291/974 1879/1279/962
f 1881/1281/964 1892/1292/975 1880/1280/963
f 1882/1282/965 1893/1293/976 1881/1281/964
f 1883/1284/967 1894/1294/977 1882/1282/965
f 1884/1295/978 1895/1296/979 1883/1284/967
f 1885/1285/968 1896/1297/980 1884/1295/978
f 1898/1298/981 1885/1285/968 1886/1286/969
f 1899/1299/982 1886/1286/969 1887/1287/970
f 1900/1300/983 1887/1287/970 1888/1288/971
f 1901/1301/984 1888/1288/971 1889/1289/972
f 1902/1302/985 1889/1289/972 1890/1290/973
f 1892/1292/975 1903/1303/986 1891/1291/974
f 1893/1293/976 1904/1304/987 1892/1292/975
f 1894/1294/977 1905/1305/988 1893/1293/976
f 1895/1296/979 1906/1306/989 1894/1294/977
f 1896/1297/980 1907/1307/990 1895/1296/979
f 1909/1308/991 1896/1297/980 1897/1309/992
f 1910/1310/993 1897/1309/992 1898/1298/981
f 1911/1311/994 1898/1298/981 1899/1299/982
f 1912/1312/995 1899/1299/982 1900/1300/983
f 1913/1313/996 1900/1300/983 1901/1301/984
f 1914/1314/997 1901/1301/984 1902/1302/985
f 1904/1304/987 1915/1315/998 1903/1303/986
f 1905/1305/988 1916/1316/999 1904/1304/987
f 1906/1306/989 1917/1317/1000 1905/1305/988
f 1907/1307/990 1918/1318/1001 1906/1306/989
f 1908/1319/1002 1919/1320/1003 1907/1307/990
f 1921/1321/1004 1908/1319/1002 1909/1308/991
f 1922/1322/1005 1909/1308/991 1910/1310/993
f 1923/1323/1006 1910/1310/993 1911/1311/994
f 1924/1324/1007 1911/1311/994 1912/1312/995
f 1925/1325/1008 1912/1312/995 1913/1313/996
f 1926/1326/1009 1913/1313/996 1914/1314/997
f 1916/1316/999 1927/1327/1010 1915/1315/998
f 1917/1317/1000 1928/1328/1011 1916/1316/999
f 1918/1318/1001 1929/1329/1012 1917/1317/1000
f 1919/1320/1003 1930/1330/1013 1918/1318/1001
f 1920/1331/1014 1931/1332/1015 1919/1320/1003
f 1921/1321/1004 1932/1333/1016 1920/1331/1014
f 1934/1334/1017 1921/1321/1004 1922/1322/1005
f 1935/1335/1018 1922/1322/1005 1923/1323/1006
f 1936/1336/1019 1923/1323/1006 1924/1324/1007
f 1937/1337/1020 1924/1324/1007 1925/1325/1008
f 1938/1338/1021 1925/1325/1008 1926/1326/1009
f 1928/1328/1011 1939/1339/1022 1927/1327/1010
f 1929/1329/1012 1940/1340/1023 1928/1328/1011
f 1930/1330/1013 1941/1341/1024 1929/1329/1012
f 1931/1332/1015 1942/1342/1025 1930/1330/1013
f 1932/1333/1016 1943/1343/1026 1931/1332/1015
f 1945/1344/1027 1932/1333/1016 1933/1345/1028
f 1946/1346/1029 1933/1345/1028 1934/1334/1017
f 1947/1347/1030 1934/1334/1017 1935/1335/1018
f 1948/1348/1031 1935/1335/1018 1936/1336/1019
f 1949/1349/1032 1936/1336/1019 1937/1337/1020
f 1950/1350/1033 1937/1337/1020 1938/1338/1021
f 1940/1340/1023 1951/1351/1034 1939/1339/1022
f 1941/1341/1024 1952/1352/1035 1940/1340/1023
f 1942/1342/1025 1953/1353/1036 1941/1341/1024
f 1943/1343/1026 1954/1354/1037 1942/1342/1025
f 1944/1355/1038 1955/1356/1039 1943/1343/1026
f 1957/1357/1040 1944/1355/1038 1945/1344/1027
f 1958/1358/1041 1945/1344/1027 1946/1346/1029
f 1959/1359/1042 1946/1346/1029 1947/1347/1030
f 1960/1360/1043 1947/1347/1030 1948/1348/1031
f 1961/1361/1044 1948/1348/1031 1949/1349/1032
f 1962/1362/1045 1949/1349/1032 1950/1350/1033
f 1952/1352/1035 1963/1363/1046 1951/1351/1034
f 1953/1353/1036 1964/1364/1047 1952/1352/1035
f 1954/1354/1037 1965/1365/1048 1953/1353/1036
f 1955/1356/1039 1966/1366/1049 1954/1354/1037
f 1956/1367/1050 1967/1368/1051 1955/1356/1039
f 1969/1369/1052 1956/1367/1050 1957/1357/1040
f 1970/1370/1053 1957/1357/1040 1958/1358/1041
f 1971/1371/1054 1958/1358/1041 1959/1359/1042
f 1972/1372/1055 1959/1359/1042 1960/1360/1043
f 1973/1373/1056 1960/1360/1043 1961/1361/1044
f 1974/1374/1057 1961/1361/1044 1962/1362/1045
f 1964/1364/1047 1975/1375/1058 1963/1363/1046
f 1965/1365/1048 1976/1376/1059 1964/1364/1047
f 1966/1366/1049 1977/1377/1060 1965/1365/1048
f 1967/1368/1051 1978/1378/1061 1966/1366/1049
f 1968/1379/1062 1979/1380/1063 1967/1368/1051
f 1981/1381/1064 1968/1379/1062 1969/1369/1052
f 1982/1382/1065 1969/1369/1052 1970/1370/1053
f 1983/1383/1066 1970/1370/1053 1971/1371/1054
f 1984/1384/1067 1971/1371/1054 1972/1372/1055
f 1985/1385/1068 1972/1372/1055 1973/1373/1056
f 1986/1386/1069 1973/1373/1056 1974/1374/1057
f 1976/1376/1059 1987/1387/1070 1975/1375/1058
f 1977/1377/1060 1988/1388/1071 1976/1376/1059
f 1978/1378/1061 1989/1389/1072 1977/1377/1060
f 1979/1380/1063 1990/1390/1073 1978/1378/1061
f 1980/1391/1074 1991/1392/1075 1979/1380/1063
f 1993/1393/1076 1980/1391/1074 1981/1381/1064
f 1994/1394/1077 1981/1381/1064 1982/1382/1065
f 1995/1395/1078 1982/1382/1065 1983/1383/1066
f 1996/1396/1079 1983/1383/1066 1984/1384/1067
f 1997/1397/1080 1984/1384/1067 1985/1385/1068
f 1998/1398/1081 1985/1385/1068 1986/1386/1069
f 1988/1388/1071 1999/1399/1082 1987/1387/1070
f 1989/1389/1072 2000/1400/1083 1988/1388/1071
f 1990/1390/1073 2001/1401/1084 1989/1389/1072
f 1991/1392/1075 2002/1402/1085 1990/1390/1073
f 1992/1403/1086 2003/1404/1087 1991/1392/1075
f 2005/1405/1088 1992/1403/1086 1993/1393/1076
f 2006/1406/1089 1993/1393/1076 1994/1394/1077
f 2007/1407/1090 1994/1394/1077 1995/1395/1078
f 2008/1408/1091 1995/1395/1078 1996/1396/1079
f 2009/1409/1092 1996/1396/1079 1997/1397/1080
f 2010/1410/1093 1997/1397/1080 1998/1398/1081
f 2000/1400/1083 2011/1411/1094 1999/1399/1082
f 2001/1401/1084 2012/1412/1095 2000/1400/1083
f 2002/1402/1085 2013/1413/1096 2001/1401/1084
f 2003/1404/1087 2014/1414/1097 2002/1402/1085
f 2004/1415/1098 2015/1416/1099 2003/1404/1087
f 2017/1417/1100 2004/1415/1098 2005/1405/1088
f 2018/1418/1101 2005/1405/1088 2006/1406/1089
f 2019/1419/1102 2006/1406/1089 2007/1407/1090
f 2020/1420/1103 2007/1407/1090 2008/1408/1091
f 2021/1421/1104 2008/1408/1091 2009/1409/1092
f 2022/1422/1105 2009/1409/1092 2010/1410/1093
f 2012/1412/1095 2023/1423/1106 2011/1411/1094
f 2013/1413/1096 2024/1424/1107 2012/1412/1095
f 2014/1414/1097 2025/1425/1108 2013/1413/1096
f 2015/1416/1099 2026/1426/1109 2014/1414/1097
f 2016/1427/1110 2027/1428/1111 2015/1416/1099
f 2029/1429/1112 2016/1427/1110 2017/1417/1100
f 2030/1430/1113 2017/1417/1100 2018/1418/1101
f 2031/1431/1114 2018/1418/1101 2019/1419/1102
f 2032/1432/1115 2019/1419/1102 2020/1420/1103
f 2033/1433/1116 2020/1420/1103 2021/1421/1104
f 2034/1434/1117 2021/1421/1104 2022/1422/1105
f 2024/1424/1107 2035/1435/1118 2023/1423/1106
f 2025/1425/1108 2036/1436/1119 2024/1424/1107
f 2026/1426/1109 2037/1437/1120 2025/1425/1108
f 2027/1428/1111 2038/1438/1121 2026/1426/1109
f 2028/1439/1122 2039/1440/1123 2027/1428/1111
f 2041/1441/1124 2028/1439/1122 2029/1429/1112
f 2042/1442/1125 2029/1429/1112 2030/1430/1113
f 2043/1443/1126 2030/1430/1113 2031/1431/1114
f 2044/1444/1127 2031/1431/1114 2032/1432/1115
f 2045/1445/1128 2032/1432/1115 2033/1433/1116
f 2046/1446/1129 2033/1433/1116 2034/1434/1117
f 2036/1436/1119 2047/1447/1130 2035/1435/1118
f 2037/1437/1120 2048/1448/1131 2036/1436/1119
f 2038/1438/1121 2049/1449/1132 2037/1437/1120
f 2039/1440/1123 2050/1450/1133 2038/1438/1121
f 2040/1451/1134 2051/1452/1135 2039/1440/1123
f 2053/1453/1136 2040/1451/1134 2041/1441/1124
f 2054/1454/1137 2041/1441/1124 2042/1442/1125
f 2055/1455/1138 2042/1442/1125 2043/1443/1126
f 2056/1456/1139 2043/1443/1126 2044/1444/1127
f 2057/1457/1140 2044/1444/1127 2045/1445/1128
f 2058/1458/1141 2045/1445/1128 2046/1446/1129
f 2048/1448/1131 2059/1459/1142 2047/1447/1130
f 2049/1449/1132 2060/1460/1143 2048/1448/1131
f 2050/1450/1133 2061/1461/1144 2049/1449/1132
f 2051/1452/1135 2062/1462/1145 2050/1450/1133
f 2052/1463/1146 2063/1464/1147 2051/1452/1135
f 2065/1465/1148 2052/1463/1146 2053/1453/1136
f 2066/1466/1149 2053/1453/1136 2054/1454/1137
f 2067/1467/1150 2054/1454/1137 2055/1455/1138
f 2068/1468/1151 2055/1455/1138 2056/1456/1139
f 2069/1469/1152 2056/1456/1139 2057/1457/1140
f 2070/1470/1153 2057/1457/1140 2058/1458/1141
f 2072/1471/1154 2059/1459/1142 2060/1460/1143
f 2073/1472/1155 2060/1460/1143 2061/1461/1144
f 2062/1462/1145 2073/1472/1155 2061/1461/1144
f 2063/1464/1147 2074/1473/1156 2062/1462/1145
f 2064/1474/1157 2075/1475/1158 2063/1464/1147
f 2077/1476/1159 2064/1474/1157 2065/1465/1148
f 2078/1477/1160 2065/1465/1148 2066/1466/1149
f 2079/1478/1161 2066/1466/1149 2067/1467/1150
f 2068/1468/1151 2079/1478/1161 2067/1467/1150
f 2069/1469/1152 2080/1479/1162 2068/1468/1151
f 2070/1470/1153 2081/1480/1163 2069/1469/1152
f 2084/1481/1164 2071/1482/1165 2072/1471/1154
f 2085/1483/1166 2072/1471/1154 2073/1472/1155
f 2086/1484/1167 2073/1472/1155 2074/1473/1156
f 2087/1485/1168 2074/1473/1156 2075/1475/1158
f 2088/1486/1169 2075/1475/1158 2076/1487/1170
f 2089/1488/1171 2076/1487/1170 2077/1476/1159
f 2078/1477/1160 2089/1488/1171 2077/1476/1159
f 2079/1478/1161 2090/1489/1172 2078/1477/1160
f 2080/1479/1162 2091/1490/1173 2079/1478/1161
f 2081/1480/1163 2092/1491/1174 2080/1479/1162
f 2082/1492/1175 2093/1493/1176 2081/1480/1163
f 2084/1481/1164 2095/1494/1177 2083/1495/1177
f 2085/1483/1166 2096/1496/1178 2084/1481/1164
f 2086/1484/1167 2097/1497/1179 2085/1483/1166
f 2087/1485/1168 2098/1498/1180 2086/1484/1167
f 2088/1486/1169 2099/1499/1181 2087/1485/1168
f 2089/1488/1171 2100/1500/1182 2088/1486/1169
f 2102/1501/1183 2089/1488/1171 2090/1489/1172
f 2103/1502/1184 2090/1489/1172 2091/1490/1173
f 2104/1503/1185 2091/1490/1173 2092/1491/1174
f 2105/1504/1186 2092/1491/1174 2093/1493/1176
f 2106/1505/1187 2093/1493/1176 2094/1506/1187
f 2108/1507/1188 2095/1494/1177 2096/1496/1178
f 2097/1497/1179 2108/1507/1188 2096/1496/1178
f 2110/1508/1189 2097/1497/1179 2098/1498/1180
f 2111/1509/1190 2098/1498/1180 2099/1499/1181
f 2112/1510/1191 2099/1499/1181 2100/1500/1182
f 2101/1511/1192 2112/1510/1191 2100/1500/1182
f 2114/1512/1193 2101/1511/1192 2102/1501/1183
f 2115/1513/1194 2102/1501/1183 2103/1502/1184
f 2116/1514/1195 2103/1502/1184 2104/1503/1185
f 2117/1515/1196 2104/1503/1185 2105/1504/1186
f 2118/1516/1197 2105/1504/1186 2106/1505/1187
f 2108/1507/1188 2119/1517/1198 2107/1518/1199
f 2121/1519/1200 2108/1507/1188 2109/1520/1201
f 2122/1521/1202 2109/1520/1201 2110/1508/1189
f 2111/1509/1190 2122/1521/1202 2110/1508/1189
f 2124/1522/1203 2111/1509/1190 2112/1510/1191
f 2125/1523/1204 2112/1510/1191 2113/1524/1205
f 2126/1525/1206 2113/1524/1205 2114/1512/1193
f 2127/1526/1207 2114/1512/1193 2115/1513/1194
f 2116/1514/1195 2127/1526/1207 2115/1513/1194
f 2117/1515/1196 2128/1527/1208 2116/1514/1195
f 2130/1528/1209 2117/1515/1196 2118/1516/1197
f 2132/1529/1210 2119/1517/1198 2120/1530/1211
f 2133/1531/1212 2120/1530/1211 2121/1519/1200
f 2134/1532/1213 2121/1519/1200 2122/1521/1202
f 2135/1533/1214 2122/1521/1202 2123/1534/1215
f 2136/1535/1216 2123/1534/1215 2124/1522/1203
f 2137/1536/1217 2124/1522/1203 2125/1523/1204
f 2126/1525/1206 2137/1536/1217 2125/1523/1204
f 2127/1526/1207 2138/1537/1218 2126/1525/1206
f 2128/1527/1208 2139/1538/1219 2127/1526/1207
f 2129/1539/1220 2140/1540/1221 2128/1527/1208
f 2130/1528/1209 2141/1541/1222 2129/1539/1220
f 920/1542/3 2131/1543/1223 2132/1529/1210
f 921/1544/6 2132/1529/1210 2133/1531/1212
f 922/1545/8 2133/1531/1212 2134/1532/1213
f 923/1546/10 2134/1532/1213 2135/1533/1214
f 924/1547/12 2135/1533/1214 2136/1535/1216
f 925/1548/15 2136/1535/1216 2137/1536/1217
f 2138/1537/1218 925/1548/15 2137/1536/1217
f 2139/1538/1219 926/1549/17 2138/1537/1218
f 2140/1540/1221 927/1550/19 2139/1538/1219
f 2141/1541/1222 928/1551/21 2140/1540/1221
f 2142/1552/1224 929/1553/23 2141/1541/1222
f 2144/322/1225 2155/1554/1226 2143/38/1227
f 2145/324/1228 2156/1555/1229 2144/322/1225
f 2146/326/1230 2157/1556/1231 2145/324/1228
f 2147/328/1232 2158/1557/1233 2146/326/1230
f 2148/330/1234 2159/1558/1235 2147/328/1232
f 2149/333/1236 2160/1559/1237 2148/330/1234
f 2162/1560/1238 2149/333/1236 2150/335/1239
f 2163/1561/1240 2150/335/1239 2151/337/1241
f 2164/1562/1242 2151/337/1241 2152/339/1243
f 2165/1563/1244 2152/339/1243 2153/341/1245
f 2166/1564/1246 2153/341/1245 2154/343/1247
f 2156/1555/1229 2167/1565/1248 2155/1554/1226
f 2157/1556/1231 2168/1566/1249 2156/1555/1229
f 2158/1557/1233 2169/1567/1250 2157/1556/1231
f 2159/1558/1235 2170/1568/1251 2158/1557/1233
f 2160/1559/1237 2171/1569/1252 2159/1558/1235
f 2173/1570/1253 2160/1559/1237 2161/1571/1254
f 2174/1572/1255 2161/1571/1254 2162/1560/1238
f 2175/1573/1256 2162/1560/1238 2163/1561/1240
f 2176/1574/1257 2163/1561/1240 2164/1562/1242
f 2177/1575/1258 2164/1562/1242 2165/1563/1244
f 2178/1576/1259 2165/1563/1244 2166/1564/1246
f 2168/1566/1249 2179/1577/1260 2167/1565/1248
f 2169/1567/1250 2180/1578/1261 2168/1566/1249
f 2170/1568/1251 2181/1579/1262 2169/1567/1250
f 2171/1569/1252 2182/1580/1263 2170/1568/1251
f 2172/1581/1264 2183/1582/1265 2171/1569/1252
f 2185/1583/1266 2172/1581/1264 2173/1570/1253
f 2186/1584/1267 2173/1570/1253 2174/1572/1255
f 2187/1585/1268 2174/1572/1255 2175/1573/1256
f 2188/1586/1269 2175/1573/1256 2176/1574/1257
f 2189/1587/1270 2176/1574/1257 2177/1575/1258
f 2190/1588/1271 2177/1575/1258 2178/1576/1259
f 2180/1578/1261 2191/1589/1272 2179/1577/1260
f 2181/1579/1262 2192/1590/1273 2180/1578/1261
f 2182/1580/1263 2193/1591/1274 2181/1579/1262
f 2183/1582/1265 2194/1592/1275 2182/1580/1263
f 2184/1593/1276 2195/1594/1277 2183/1582/1265
f 2185/1583/1266 2196/1595/1278 2184/1593/1276
f 2198/1596/1279 2185/1583/1266 2186/1584/1267
f 2199/1597/1280 2186/1584/1267 2187/1585/1268
f 2200/1598/1281 2187/1585/1268 2188/1586/1269
f 2201/1599/1282 2188/1586/1269 2189/1587/1270
f 2202/1600/1283 2189/1587/1270 2190/1588/1271
f 2204/1601/1284 2191/1589/1272 2192/1590/1273
f 2205/1602/1285 2192/1590/1273 2193/1591/1274
f 2206/1603/1286 2193/1591/1274 2194/1592/1275
f 2207/1604/1287 2194/1592/1275 2195/1594/1277
f 2208/1605/1288 2195/1594/1277 2196/1595/1278
f 2209/1606/1289 2196/1595/1278 2197/1607/1290
f 2198/1596/1279 2209/1606/1289 2197/1607/1290
f 2199/1597/1280 2210/1608/1291 2198/1596/1279
f 2200/1598/1281 2211/1609/1292 2199/1597/1280
f 2201/1599/1282 2212/1610/1293 2200/1598/1281
f 2202/1600/1283 2213/1611/1294 2201/1599/1282
f 2216/1612/1295 2203/1613/1296 2204/1601/1284
f 2217/1614/1297 2204/1601/1284 2205/1602/1285
f 2218/1615/1298 2205/1602/1285 2206/1603/1286
f 2219/1616/1299 2206/1603/1286 2207/1604/1287
f 2220/1617/1300 2207/1604/1287 2208/1605/1288
f 2221/1618/1301 2208/1605/1288 2209/1606/1289
f 2210/1608/1291 2221/1618/1301 2209/1606/1289
f 2211/1609/1292 2222/1619/1302 2210/1608/1291
f 2212/1610/1293 2223/1620/1303 2211/1609/1292
f 2213/1611/1294 2224/1621/1304 2212/1610/1293
f 2214/1622/1305 2225/1623/1306 2213/1611/1294
f 2228/1624/1307 2215/1625/1308 2216/1612/1295
f 2229/1626/1309 2216/1612/1295 2217/1614/1297
f 2230/1627/1310 2217/1614/1297 2218/1615/1298
f 2231/1628/1311 2218/1615/1298 2219/1616/1299
f 2232/1629/1312 2219/1616/1299 2220/1617/1300
f 2233/1630/1313 2220/1617/1300 2221/1618/1301
f 2222/1619/1302 2233/1630/1313 2221/1618/1301
f 2223/1620/1303 2234/1631/1314 2222/1619/1302
f 2224/1621/1304 2235/1632/1315 2223/1620/1303
f 2225/1623/1306 2236/1633/1316 2224/1621/1304
f 2226/1634/1317 2237/1635/1318 2225/1623/1306
f 2240/525/1319 2227/1636/1320 2228/1624/1307
f 2241/526/1321 2228/1624/1307 2229/1626/1309
f 2242/527/1322 2229/1626/1309 2230/1627/1310
f 2243/529/1323 2230/1627/1310 2231/1628/1311
f 2244/540/1324 2231/1628/1311 2232/1629/1312
f 2245/530/1325 2232/1629/1312 2233/1630/1313
f 2234/1631/1314 2245/530/1325 2233/1630/1313
f 2235/1632/1315 2246/531/1326 2234/1631/1314
f 2236/1633/1316 2247/532/1327 2235/1632/1315
f 2237/1635/1318 2248/533/1328 2236/1633/1316
f 2238/1637/1329 2249/534/1330 2237/1635/1318
f 2252/1638/1331 2239/524/1332 2240/525/1319
f 2253/1639/1333 2240/525/1319 2241/526/1321
f 2254/1640/1334 2241/526/1321 2242/527/1322
f 2255/1641/1335 2242/527/1322 2243/529/1323
f 2256/1642/1336 2243/529/1323 2244/540/1324
f 2257/1643/1337 2244/540/1324 2245/530/1325
f 2246/531/1326 2257/1643/1337 2245/530/1325
f 2247/532/1327 2258/1644/1338 2246/531/1326
f 2248/533/1328 2259/1645/1339 2247/532/1327
f 2249/534/1330 2260/1646/1340 2248/533/1328
f 2250/535/1341 2261/1647/1342 2249/534/1330
f 2264/1648/1343 2251/1649/1344 2252/1638/1331
f 2265/1650/1345 2252/1638/1331 2253/1639/1333
f 2266/1651/1346 2253/1639/1333 2254/1640/1334
f 2267/1652/1347 2254/1640/1334 2255/1641/1335
f 2268/1653/1348 2255/1641/1335 2256/1642/1336
f 2269/1654/1349 2256/1642/1336 2257/1643/1337
f 2258/1644/1338 2269/1654/1349 2257/1643/1337
f 2259/1645/1339 2270/1655/1350 2258/1644/1338
f 2260/1646/1340 2271/1656/1351 2259/1645/1339
f 2261/1647/1342 2272/1657/1352 2260/1646/1340
f 2262/1658/1353 2273/1659/1354 2261/1647/1342
f 2276/1660/1355 2263/1661/1356 2264/1648/1343
f 2277/1662/1357 2264/1648/1343 2265/1650/1345
f 2278/1663/1358 2265/1650/1345 2266/1651/1346
f 2279/1664/1359 2266/1651/1346 2267/1652/1347
f 2280/1665/1360 2267/1652/1347 2268/1653/1348
f 2281/1666/1361 2268/1653/1348 2269/1654/1349
f 2270/1655/1350 2281/1666/1361 2269/1654/1349
f 2271/1656/1351 2282/1667/1362 2270/1655/1350
f 2272/1657/1352 2283/1668/1363 2271/1656/1351
f 2273/1659/1354 2284/1669/1364 2272/1657/1352
f 2274/1670/1365 2285/1671/1366 2273/1659/1354
f 2276/1660/1355 2287/1672/1367 2275/1673/1368
f 2277/1662/1357 2288/1674/1369 2276/1660/1355
f 2278/1663/1358 2289/1675/1370 2277/1662/1357
f 2279/1664/1359 2290/1676/1371 2278/1663/1358
f 2280/1665/1360 2291/1677/1372 2279/1664/1359
f 2293/1678/1373 2280/1665/1360 2281/1666/1361
f 2294/1679/1374 2281/1666/1361 2282/1667/1362
f 2295/1680/1375 2282/1667/1362 2283/1668/1363
f 2296/1681/1376 2283/1668/1363 2284/1669/1364
f 2297/1682/1377 2284/1669/1364 2285/1671/1366
f 2298/1683/1378 2285/1671/1366 2286/1684/1379
f 2288/1674/1369 2299/1685/1380 2287/1672/1367
f 2289/1675/1370 2300/1686/1381 2288/1674/1369
f 2290/1676/1371 2301/1687/1382 2289/1675/1370
f 2291/1677/1372 2302/1688/1383 2290/1676/1371
f 2292/1689/1384 2303/1690/1385 2291/1677/1372
f 2305/1691/1386 2292/1689/1384 2293/1678/1373
f 2306/1692/1387 2293/1678/1373 2294/1679/1374
f 2307/1693/1388 2294/1679/1374 2295/1680/1375
f 2308/1694/1389 2295/1680/1375 2296/1681/1376
f 2309/1695/1390 2296/1681/1376 2297/1682/1377
f 2310/1696/1391 2297/1682/1377 2298/1683/1378
f 2300/1686/1381 2311/1697/1392 2299/1685/1380
f 2301/1687/1382 2312/1698/1393 2300/1686/1381
f 2302/1688/1383 2313/1699/1394 2301/1687/1382
f 2303/1690/1385 2314/1700/1395 2302/1688/1383
f 2304/1701/1396 2315/1702/1397 2303/1690/1385
f 2317/1703/1398 2304/1701/1396 2305/1691/1386
f 2318/1704/1399 2305/1691/1386 2306/1692/1387
f 2319/1705/1400 2306/1692/1387 2307/1693/1388
f 2320/1706/1401 2307/1693/1388 2308/1694/1389
f 2321/1707/1402 2308/1694/1389 2309/1695/1390
f 2322/1708/1403 2309/1695/1390 2310/1696/1391
f 2312/1698/1393 2323/1709/1404 2311/1697/1392
f 2313/1699/1394 2324/1710/1405 2312/1698/1393
f 2314/1700/1395 2325/1711/1406 2313/1699/1394
f 2315/1702/1397 2326/1712/1407 2314/1700/1395
f 2316/1713/1408 2327/1714/1409 2315/1702/1397
f 2329/1715/1410 2316/1713/1408 2317/1703/1398
f 2330/1716/1411 2317/1703/1398 2318/1704/1399
f 2331/1717/1412 2318/1704/1399 2319/1705/1400
f 2332/1718/1413 2319/1705/1400 2320/1706/1401
f 2333/1719/1414 2320/1706/1401 2321/1707/1402
f 2334/1720/1415 2321/1707/1402 2322/1708/1403
f 2324/1710/1405 2335/740/1416 2323/1709/1404
f 2325/1711/1406 2336/727/1417 2324/1710/1405
f 2326/1712/1407 2337/729/1418 2325/1711/1406
f 2327/1714/1409 2338/730/1419 2326/1712/1407
f 2328/1721/1420 2339/731/1421 2327/1714/1409
f 2341/733/1422 2328/1721/1420 2329/1715/1410
f 2342/734/1423 2329/1715/1410 2330/1716/1411
f 2343/735/1424 2330/1716/1411 2331/1717/1412
f 2344/736/1425 2331/1717/1412 2332/1718/1413
f 2345/738/1426 2332/1718/1413 2333/1719/1414
f 2346/749/1427 2333/1719/1414 2334/1720/1415
f 2336/727/1417 2347/1722/1428 2335/740/1416
f 2337/729/1418 2348/1723/1429 2336/727/1417
f 2338/730/1419 2349/1724/1430 2337/729/1418
f 2339/731/1421 2350/1725/1431 2338/730/1419
f 2340/732/1432 2351/1726/1433 2339/731/1421
f 2353/1727/1434 2340/732/1432 2341/733/1422
f 2354/1728/1435 2341/733/1422 2342/734/1423
f 2355/1729/1436 2342/734/1423 2343/735/1424
f 2356/1730/1437 2343/735/1424 2344/736/1425
f 2357/1731/1438 2344/736/1425 2345/738/1426
f 2358/1732/1439 2345/738/1426 2346/749/1427
f 2348/1723/1429 2359/1733/1440 2347/1722/1428
f 2349/1724/1430 2360/1734/1441 2348/1723/1429
f 2350/1725/1431 2361/1735/1442 2349/1724/1430
f 2351/1726/1433 2362/1736/1443 2350/1725/1431
f 2352/1737/1444 2363/1738/1445 2351/1726/1433
f 2365/1739/1446 2352/1737/1444 2353/1727/1434
f 2366/1740/1447 2353/1727/1434 2354/1728/1435
f 2367/1741/1448 2354/1728/1435 2355/1729/1436
f 2368/1742/1449 2355/1729/1436 2356/1730/1437
f 2369/1743/1450 2356/1730/1437 2357/1731/1438
f 2370/1744/1451 2357/1731/1438 2358/1732/1439
f 2372/1745/1452 2359/1733/1440 2360/1734/1441
f 2373/1746/1453 2360/1734/1441 2361/1735/1442
f 2374/1747/1454 2361/1735/1442 2362/1736/1443
f 2375/1748/1455 2362/1736/1443 2363/1738/1445
f 2376/1749/1456 2363/1738/1445 2364/1750/1457
f 2377/1751/1458 2364/1750/1457 2365/1739/1446
f 2378/1752/1459 2365/1739/1446 2366/1740/1447
f 2367/1741/1448 2378/1752/1459 2366/1740/1447
f 2368/1742/1449 2379/1753/1460 2367/1741/1448
f 2369/1743/1450 2380/1754/1461 2368/1742/1449
f 2370/1744/1451 2381/1755/1462 2369/1743/1450
f 2384/1756/1463 2371/1757/1464 2372/1745/1452
f 2385/1758/1465 2372/1745/1452 2373/1746/1453
f 2386/1759/1466 2373/1746/1453 2374/1747/1454
f 2387/1760/1467 2374/1747/1454 2375/1748/1455
f 2388/1761/1468 2375/1748/1455 2376/1749/1456
f 2389/1762/1469 2376/1749/1456 2377/1751/1458
f 2378/1752/1459 2389/1762/1469 2377/1751/1458
f 2379/1753/1460 2390/1763/1470 2378/1752/1459
f 2380/1754/1461 2391/1764/1471 2379/1753/1460
f 2381/1755/1462 2392/1765/1472 2380/1754/1461
f 2382/1766/1473 2393/1767/1474 2381/1755/1462
f 2396/1768/1475 2383/1769/1476 2384/1756/1463
f 2397/1770/1477 2384/1756/1463 2385/1758/1465
f 2398/1771/1478 2385/1758/1465 2386/1759/1466
f 2399/1772/1479 2386/1759/1466 2387/1760/1467
f 2400/1773/1480 2387/1760/1467 2388/1761/1468
f 2401/1774/1481 2388/1761/1468 2389/1762/1469
f 2390/1763/1470 2401/1774/1481 2389/1762/1469
f 2391/1764/1471 2402/1775/1482 2390/1763/1470
f 2392/1765/1472 2403/1776/1483 2391/1764/1471
f 2393/1767/1474 2404/1777/1484 2392/1765/1472
f 2394/1778/1485 2405/1779/1486 2393/1767/1474
f 2408/1780/1487 2395/1781/1488 2396/1768/1475
f 2409/1782/1489 2396/1768/1475 2397/1770/1477
f 2410/1783/1490 2397/1770/1477 2398/1771/1478
f 2411/1784/1491 2398/1771/1478 2399/1772/1479
f 2412/1785/1492 2399/1772/1479 2400/1773/1480
f 2413/1786/1493 2400/1773/1480 2401/1774/1481
f 2402/1775/1482 2413/1786/1493 2401/1774/1481
f 2403/1776/1483 2414/1787/1494 2402/1775/1482
f 2404/1777/1484 2415/1788/1495 2403/1776/1483
f 2405/1779/1486 2416/1789/1496 2404/1777/1484
f 2406/1790/1497 2417/1791/1498 2405/1779/1486
f 2420/1792/1499 2407/1793/1500 2408/1780/1487
f 2421/1794/1501 2408/1780/1487 2409/1782/1489
f 2422/1795/1502 2409/1782/1489 2410/1783/1490
f 2423/1796/1503 2410/1783/1490 2411/1784/1491
f 2424/1797/1504 2411/1784/1491 2412/1785/1492
f 2425/1798/1505 2412/1785/1492 2413/1786/1493
f 2414/1787/1494 2425/1798/1505 2413/1786/1493
f 2415/1788/1495 2426/1799/1506 2414/1787/1494
f 2416/1789/1496 2427/1800/1507 2415/1788/1495
f 2417/1791/1498 2428/1801/1508 2416/1789/1496
f 2418/1802/1509 2429/1803/1510 2417/1791/1498
f 2420/1792/1499 2431/128/1511 2419/1804/1512
f 2421/1794/1501 2432/931/1513 2420/1792/1499
f 2422/1795/1502 2433/933/1514 2421/1794/1501
f 2423/1796/1503 2434/934/1515 2422/1795/1502
f 2424/1797/1504 2435/935/1516 2423/1796/1503
f 2425/1798/1505 2436/936/1517 2424/1797/1504
f 2438/938/1518 2425/1798/1505 2426/1799/1506
f 2439/939/1519 2426/1799/1506 2427/1800/1507
f 2440/940/1520 2427/1800/1507 2428/1801/1508
f 2441/942/1521 2428/1801/1508 2429/1803/1510
f 2442/952/1522 2429/1803/1510 2430/1805/1523
f 2432/931/1513 2443/1806/1524 2431/128/1511
f 2433/933/1514 2444/1807/1525 2432/931/1513
f 2434/934/1515 2445/1808/1526 2433/933/1514
f 2435/935/1516 2446/1809/1527 2434/934/1515
f 2436/936/1517 2447/1810/1528 2435/935/1516
f 2449/1811/1529 2436/936/1517 2437/937/1530
f 2450/1812/1531 2437/937/1530 2438/938/1518
f 2451/1813/1532 2438/938/1518 2439/939/1519
f 2452/1814/1533 2439/939/1519 2440/940/1520
f 2453/1815/1534 2440/940/1520 2441/942/1521
f 2454/1816/1535 2441/942/1521 2442/952/1522
f 2444/1807/1525 2455/1817/1536 2443/1806/1524
f 2445/1808/1526 2456/1818/1537 2444/1807/1525
f 2446/1809/1527 2457/1819/1538 2445/1808/1526
f 2447/1810/1528 2458/1820/1539 2446/1809/1527
f 2448/1821/1540 2459/1822/1541 2447/1810/1528
f 2461/1823/1542 2448/1821/1540 2449/1811/1529
f 2462/1824/1543 2449/1811/1529 2450/1812/1531
f 2463/1825/1544 2450/1812/1531 2451/1813/1532
f 2464/1826/1545 2451/1813/1532 2452/1814/1533
f 2465/1827/1546 2452/1814/1533 2453/1815/1534
f 2466/1828/1547 2453/1815/1534 2454/1816/1535
f 2456/1818/1537 2467/1829/1548 2455/1817/1536
f 2457/1819/1538 2468/1830/1549 2456/1818/1537
f 2458/1820/1539 2469/1831/1550 2457/1819/1538
f 2459/1822/1541 2470/1832/1551 2458/1820/1539
f 2460/1833/1552 2471/1834/1553 2459/1822/1541
f 2473/1835/1554 2460/1833/1552 2461/1823/1542
f 2474/1836/1555 2461/1823/1542 2462/1824/1543
f 2475/1837/1556 2462/1824/1543 2463/1825/1544
f 2476/1838/1557 2463/1825/1544 2464/1826/1545
f 2477/1839/1558 2464/1826/1545 2465/1827/1546
f 2478/1840/1559 2465/1827/1546 2466/1828/1547
f 2480/1841/1560 2467/1829/1548 2468/1830/1549
f 2481/1842/1561 2468/1830/1549 2469/1831/1550
f 2482/1843/1562 2469/1831/1550 2470/1832/1551
f 2483/1844/1563 2470/1832/1551 2471/1834/1553
f 2484/1845/1564 2471/1834/1553 2472/1846/1565
f 2485/1847/1566 2472/1846/1565 2473/1835/1554
f 2474/1836/1555 2485/1847/1566 2473/1835/1554
f 2475/1837/1556 2486/1848/1567 2474/1836/1555
f 2476/1838/1557 2487/1849/1568 2475/1837/1556
f 2477/1839/1558 2488/1850/1569 2476/1838/1557
f 2478/1840/1559 2489/1851/1570 2477/1839/1558
f 2492/1852/1571 2479/1853/1572 2480/1841/1560
f 2493/1854/1573 2480/1841/1560 2481/1842/1561
f 2494/1855/1574 2481/1842/1561 2482/1843/1562
f 2495/1856/1575 2482/1843/1562 2483/1844/1563
f 2496/1857/1576 2483/1844/1563 2484/1845/1564
f 2497/1858/1577 2484/1845/1564 2485/1847/1566
f 2486/1848/1567 2497/1858/1577 2485/1847/1566
f 2487/1849/1568 2498/1859/1578 2486/1848/1567
f 2488/1850/1569 2499/1860/1579 2487/1849/1568
f 2489/1851/1570 2500/1861/1580 2488/1850/1569
f 2490/1862/1581 2501/1863/1582 2489/1851/1570
f 2504/1864/1583 2491/1865/1584 2492/1852/1571
f 2505/1866/1585 2492/1852/1571 2493/1854/1573
f 2506/1867/1586 2493/1854/1573 2494/1855/1574
f 2507/1868/1587 2494/1855/1574 2495/1856/1575
f 2508/1869/1588 2495/1856/1575 2496/1857/1576
f 2509/1870/1589 2496/1857/1576 2497/1858/1577
f 2498/1859/1578 2509/1870/1589 2497/1858/1577
f 2499/1860/1579 2510/1871/1590 2498/1859/1578
f 2500/1861/1580 2511/1872/1591 2499/1860/1579
f 2501/1863/1582 2512/1873/1592 2500/1861/1580
f 2502/1874/1593 2513/1875/1594 2501/1863/1582
f 2516/1876/1595 2503/1877/1596 2504/1864/1583
f 2517/1878/1597 2504/1864/1583 2505/1866/1585
f 2518/1879/1598 2505/1866/1585 2506/1867/1586
f 2519/1880/1599 2506/1867/1586 2507/1868/1587
f 2520/1881/1600 2507/1868/1587 2508/1869/1588
f 2521/1882/1601 2508/1869/1588 2509/1870/1589
f 2510/1871/1590 2521/1882/1601 2509/1870/1589
f 2511/1872/1591 2522/1883/1602 2510/1871/1590
f 2512/1873/1592 2523/1884/1603 2511/1872/1591
f 2513/1875/1594 2524/1885/1604 2512/1873/1592
f 2514/1886/1605 2525/1887/1606 2513/1875/1594
f 2528/1134/1607 2515/1888/1608 2516/1876/1595
f 2529/1136/1609 2516/1876/1595 2517/1878/1597
f 2530/1137/1610 2517/1878/1597 2518/1879/1598
f 2531/1138/1611 2518/1879/1598 2519/1880/1599
f 2532/1139/1612 2519/1880/1599 2520/1881/1600
f 2533/1140/1613 2520/1881/1600 2521/1882/1601
f 2522/1883/1602 2533/1140/1613 2521/1882/1601
f 2523/1884/1603 2534/1141/1614 2522/1883/1602
f 2524/1885/1604 2535/1142/1615 2523/1884/1603
f 2525/1887/1606 2536/1143/1616 2524/1885/1604
f 2526/1889/1617 2537/1145/1618 2525/1887/1606
f 2540/1890/1619 2527/1147/1620 2528/1134/1607
f 2541/1891/1621 2528/1134/1607 2529/1136/1609
f 2542/1892/1622 2529/1136/1609 2530/1137/1610
f 2543/1893/1623 2530/1137/1610 2531/1138/1611
f 2544/1894/1624 2531/1138/1611 2532/1139/1612
f 2545/1895/1625 2532/1139/1612 2533/1140/1613
f 2534/1141/1614 2545/1895/1625 2533/1140/1613
f 2535/1142/1615 2546/1896/1626 2534/1141/1614
f 2536/1143/1616 2547/1897/1627 2535/1142/1615
f 2537/1145/1618 2548/1898/1628 2536/1143/1616
f 2538/1156/1629 2549/1899/1630 2537/1145/1618
f 2552/1900/1631 2539/1901/1632 2540/1890/1619
f 2553/1902/1633 2540/1890/1619 2541/1891/1621
f 2554/1903/1634 2541/1891/1621 2542/1892/1622
f 2555/1904/1635 2542/1892/1622 2543/1893/1623
f 2556/1905/1636 2543/1893/1623 2544/1894/1624
f 2557/1906/1637 2544/1894/1624 2545/1895/1625
f 2546/1896/1626 2557/1906/1637 2545/1895/1625
f 2547/1897/1627 2558/1907/1638 2546/1896/1626
f 2548/1898/1628 2559/1908/1639 2547/1897/1627
f 2549/1899/1630 2560/1909/1640 2548/1898/1628
f 2550/1910/1641 2561/1911/1642 2549/1899/1630
f 2564/1912/1643 2551/1913/1644 2552/1900/1631
f 2565/1914/1645 2552/1900/1631 2553/1902/1633
f 2566/1915/1646 2553/1902/1633 2554/1903/1634
f 2567/1916/1647 2554/1903/1634 2555/1904/1635
f 2568/1917/1648 2555/1904/1635 2556/1905/1636
f 2557/1906/1637 2568/1917/1648 2556/1905/1636
f 2558/1907/1638 2569/1918/1649 2557/1906/1637
f 2559/1908/1639 2570/1919/1650 2558/1907/1638
f 2560/1909/1640 2571/1920/1651 2559/1908/1639
f 2561/1911/1642 2572/1921/1652 2560/1909/1640
f 2562/1922/1653 2573/1923/1654 2561/1911/1642
f 2564/1912/1643 2575/1924/1655 2563/1925/1656
f 2565/1914/1645 2576/1926/1657 2564/1912/1643
f 2566/1915/1646 2577/1927/1658 2565/1914/1645
f 2567/1916/1647 2578/1928/1659 2566/1915/1646
f 2568/1917/1648 2579/1929/1660 2567/1916/1647
f 2581/1930/1661 2568/1917/1648 2569/1918/1649
f 2582/1931/1662 2569/1918/1649 2570/1919/1650
f 2583/1932/1663 2570/1919/1650 2571/1920/1651
f 2584/1933/1664 2571/1920/1651 2572/1921/1652
f 2585/1934/1665 2572/1921/1652 2573/1923/1654
f 2586/1935/1666 2573/1923/1654 2574/1936/1667
f 2576/1926/1657 2587/1937/1668 2575/1924/1655
f 2577/1927/1658 2588/1938/1669 2576/1926/1657
f 2578/1928/1659 2589/1939/1670 2577/1927/1658
f 2579/1929/1660 2590/1940/1671 2578/1928/1659
f 2580/1941/1672 2591/1942/1673 2579/1929/1660
f 2593/1943/1674 2580/1941/1672 2581/1930/1661
f 2594/1944/1675 2581/1930/1661 2582/1931/1662
f 2595/1945/1676 2582/1931/1662 2583/1932/1663
f 2596/1946/1677 2583/1932/1663 2584/1933/1664
f 2597/1947/1678 2584/1933/1664 2585/1934/1665
f 2598/1948/1679 2585/1934/1665 2586/1935/1666
f 2588/1938/1669 2599/1949/1680 2587/1937/1668
f 2589/1939/1670 2600/1950/1681 2588/1938/1669
f 2590/1940/1671 2601/1951/1682 2589/1939/1670
f 2591/1942/1673 2602/1952/1683 2590/1940/1671
f 2592/1953/1684 2603/1954/1685 2591/1942/1673
f 2605/1955/1686 2592/1953/1684 2593/1943/1674
f 2606/1956/1687 2593/1943/1674 2594/1944/1675
f 2607/1957/1688 2594/1944/1675 2595/1945/1676
f 2608/1958/1689 2595/1945/1676 2596/1946/1677
f 2609/1959/1690 2596/1946/1677 2597/1947/1678
f 2610/1960/1691 2597/1947/1678 2598/1948/1679
f 2600/1950/1681 2611/1961/1692 2599/1949/1680
f 2601/1951/1682 2612/1962/1693 2600/1950/1681
f 2602/1952/1683 2613/1963/1694 2601/1951/1682
f 2603/1954/1685 2614/1964/1695 2602/1952/1683
f 2604/1965/1696 2615/1966/1697 2603/1954/1685
f 2617/1967/1698 2604/1965/1696 2605/1955/1686
f 2618/1968/1699 2605/1955/1686 2606/1956/1687
f 2619/1969/1700 2606/1956/1687 2607/1957/1688
f 2620/1970/1701 2607/1957/1688 2608/1958/1689
f 2621/1971/1702 2608/1958/1689 2609/1959/1690
f 2622/1972/1703 2609/1959/1690 2610/1960/1691
f 2612/1962/1693 2623/1339/1704 2611/1961/1692
f 2613/1963/1694 2624/1340/1705 2612/1962/1693
f 2614/1964/1695 2625/1341/1706 2613/1963/1694
f 2615/1966/1697 2626/1342/1707 2614/1964/1695
f 2616/1973/1708 2627/1343/1709 2615/1966/1697
f 2617/1967/1698 2628/1355/1710 2616/1973/1708
f 2630/1346/1711 2617/1967/1698 2618/1968/1699
f 2631/1347/1712 2618/1968/1699 2619/1969/1700
f 2632/1348/1713 2619/1969/1700 2620/1970/1701
f 2633/1349/1714 2620/1970/1701 2621/1971/1702
f 2634/1350/1715 2621/1971/1702 2622/1972/1703
f 2624/1340/1705 2635/1974/1716 2623/1339/1704
f 2625/1341/1706 2636/1975/1717 2624/1340/1705
f 2626/1342/1707 2637/1976/1718 2625/1341/1706
f 2627/1343/1709 2638/1977/1719 2626/1342/1707
f 2628/1355/1710 2639/1978/1720 2627/1343/1709
f 2641/1979/1721 2628/1355/1710 2629/1344/1722
f 2642/1980/1723 2629/1344/1722 2630/1346/1711
f 2643/1981/1724 2630/1346/1711 2631/1347/1712
f 2644/1982/1725 2631/1347/1712 2632/1348/1713
f 2645/1983/1726 2632/1348/1713 2633/1349/1714
f 2646/1984/1727 2633/1349/1714 2634/1350/1715
f 2636/1975/1717 2647/1985/1728 2635/1974/1716
f 2637/1976/1718 2648/1986/1729 2636/1975/1717
f 2638/1977/1719 2649/1987/1730 2637/1976/1718
f 2639/1978/1720 2650/1988/1731 2638/1977/1719
f 2640/1989/1732 2651/1990/1733 2639/1978/1720
f 2653/1991/1734 2640/1989/1732 2641/1979/1721
f 2654/1992/1735 2641/1979/1721 2642/1980/1723
f 2655/1993/1736 2642/1980/1723 2643/1981/1724
f 2656/1994/1737 2643/1981/1724 2644/1982/1725
f 2657/1995/1738 2644/1982/1725 2645/1983/1726
f 2658/1996/1739 2645/1983/1726 2646/1984/1727
f 2660/1997/1740 2647/1985/1728 2648/1986/1729
f 2661/1998/1741 2648/1986/1729 2649/1987/1730
f 2662/1999/1742 2649/1987/1730 2650/1988/1731
f 2663/2000/1743 2650/1988/1731 2651/1990/1733
f 2664/2001/1744 2651/1990/1733 2652/2002/1745
f 2665/2003/1746 2652/2002/1745 2653/1991/1734
f 2654/1992/1735 2665/2003/1746 2653/1991/1734
f 2655/1993/1736 2666/2004/1747 2654/1992/1735
f 2656/1994/1737 2667/2005/1748 2655/1993/1736
f 2657/1995/1738 2668/2006/1749 2656/1994/1737
f 2658/1996/1739 2669/2007/1750 2657/1995/1738
f 2672/2008/1751 2659/2009/1752 2660/1997/1740
f 2673/2010/1753 2660/1997/1740 2661/1998/1741
f 2674/2011/1754 2661/1998/1741 2662/1999/1742
f 2675/2012/1755 2662/1999/1742 2663/2000/1743
f 2676/2013/1756 2663/2000/1743 2664/2001/1744
f 2677/2014/1757 2664/2001/1744 2665/2003/1746
f 2666/2004/1747 2677/2014/1757 2665/2003/1746
f 2667/2005/1748 2678/2015/1758 2666/2004/1747
f 2668/2006/1749 2679/2016/1759 2667/2005/1748
f 2669/2007/1750 2680/2017/1760 2668/2006/1749
f 2670/2018/1761 2681/2019/1762 2669/2007/1750
f 2684/2020/1763 2671/2021/1764 2672/2008/1751
f 2685/2022/1765 2672/2008/1751 2673/2010/1753
f 2686/2023/1766 2673/2010/1753 2674/2011/1754
f 2687/2024/1767 2674/2011/1754 2675/2012/1755
f 2688/2025/1768 2675/2012/1755 2676/2013/1756
f 2689/2026/1769 2676/2013/1756 2677/2014/1757
f 2678/2015/1758 2689/2026/1769 2677/2014/1757
f 2679/2016/1759 2690/2027/1770 2678/2015/1758
f 2680/2017/1760 2691/2028/1771 2679/2016/1759
f 2681/2019/1762 2692/2029/1772 2680/2017/1760
f 2682/2030/1773 2693/2031/1774 2681/2019/1762
f 2696/2032/1775 2683/2033/1776 2684/2020/1763
f 2697/2034/1777 2684/2020/1763 2685/2022/1765
f 2698/2035/1778 2685/2022/1765 2686/2023/1766
f 2699/2036/1779 2686/2023/1766 2687/2024/1767
f 2700/2037/1780 2687/2024/1767 2688/2025/1768
f 2701/2038/1781 2688/2025/1768 2689/2026/1769
f 2690/2027/1770 2701/2038/1781 2689/2026/1769
f 2691/2028/1771 2702/2039/1782 2690/2027/1770
f 2692/2029/1772 2703/2040/1783 2691/2028/1771
f 2693/2031/1774 2704/2041/1784 2692/2029/1772
f 2694/2042/1785 2705/2043/1786 2693/2031/1774
f 2708/2044/1787 2695/2045/422 2696/2032/1775
f 2709/2046/1788 2696/2032/1775 2697/2034/1777
f 2710/2047/1789 2697/2034/1777 2698/2035/1778
f 2711/2048/1790 2698/2035/1778 2699/2036/1779
f 2712/2049/1791 2699/2036/1779 2700/2037/1780
f 2713/2050/1792 2700/2037/1780 2701/2038/1781
f 2702/2039/1782 2713/2050/1792 2701/2038/1781
f 2703/2040/1783 2714/2051/1793 2702/2039/1782
f 2704/2041/1784 2715/2052/1794 2703/2040/1783
f 2705/2043/1786 2716/2053/1795 2704/2041/1784
f 2706/2054/431 2717/2055/1796 2705/2043/1786
f 2708/2044/1787 2143/49/1227 2707/2056/1797
f 2709/2046/1788 2144/1542/1225 2708/2044/1787
f 2710/2047/1789 2145/1544/1228 2709/2046/1788
f 2711/2048/1790 2146/1545/1230 2710/2047/1789
f 2712/2049/1791 2147/1546/1232 2711/2048/1790
f 2713/2050/1792 2148/1547/1234 2712/2049/1791
f 2150/1549/1239 2713/2050/1792 2714/2051/1793
f 2151/1550/1241 2714/2051/1793 2715/2052/1794
f 2152/1551/1243 2715/2052/1794 2716/2053/1795
f 2153/1553/1245 2716/2053/1795 2717/2055/1796
f 2154/2057/1247 2717/2055/1796 2718/2058/1798
f 2732/1555/1799 2719/38/1800 2720/322/1801
f 2733/1556/1802 2720/322/1801 2721/324/1803
f 2734/1557/1804 2721/324/1803 2722/326/1805
f 2735/1558/1806 2722/326/1805 2723/328/1807
f 2736/1559/1808 2723/328/1807 2724/330/1809
f 2737/1571/1810 2724/330/1809 2725/333/1811
f 2726/335/1812 2737/1571/1810 2725/333/1811
f 2727/337/1813 2738/1560/1814 2726/335/1812
f 2728/339/1815 2739/1561/1816 2727/337/1813
f 2729/341/1817 2740/1562/1818 2728/339/1815
f 2730/343/1819 2741/1563/1820 2729/341/1817
f 2744/1566/1821 2731/1554/1822 2732/1555/1799
f 2745/1567/1823 2732/1555/1799 2733/1556/1802
f 2746/1568/1824 2733/1556/1802 2734/1557/1804
f 2747/1569/1825 2734/1557/1804 2735/1558/1806
f 2748/1581/1826 2735/1558/1806 2736/1559/1808
f 2749/1570/1827 2736/1559/1808 2737/1571/1810
f 2738/1560/1814 2749/1570/1827 2737/1571/1810
f 2739/1561/1816 2750/1572/1828 2738/1560/1814
f 2740/1562/1818 2751/1573/1829 2739/1561/1816
f 2741/1563/1820 2752/1574/1830 2740/1562/1818
f 2742/1564/1831 2753/1575/1832 2741/1563/1820
f 2756/1578/1833 2743/1565/398 2744/1566/1821
f 2757/1579/1834 2744/1566/1821 2745/1567/1823
f 2758/1580/1835 2745/1567/1823 2746/1568/1824
f 2759/1582/1836 2746/1568/1824 2747/1569/1825
f 2760/1593/1837 2747/1569/1825 2748/1581/1826
f 2749/1570/1827 2760/1593/1837 2748/1581/1826
f 2750/1572/1828 2761/1583/1838 2749/1570/1827
f 2751/1573/1829 2762/1584/1839 2750/1572/1828
f 2752/1574/1830 2763/1585/1840 2751/1573/1829
f 2753/1575/1832 2764/1586/1841 2752/1574/1830
f 2754/1576/407 2765/1587/1842 2753/1575/1832
f 2768/1590/1843 2755/1577/1844 2756/1578/1833
f 2769/1591/1845 2756/1578/1833 2757/1579/1834
f 2770/1592/1846 2757/1579/1834 2758/1580/1835
f 2771/1594/1847 2758/1580/1835 2759/1582/1836
f 2772/1595/1848 2759/1582/1836 2760/1593/1837
f 2773/1607/1849 2760/1593/1837 2761/1583/1838
f 2762/1584/1839 2773/1607/1849 2761/1583/1838
f 2763/1585/1840 2774/1596/1850 2762/1584/1839
f 2764/1586/1841 2775/1597/1851 2763/1585/1840
f 2765/1587/1842 2776/1598/1852 2764/1586/1841
f 2766/1588/1853 2777/1599/1854 2765/1587/1842
f 2780/1601/1855 2767/1589/1856 2768/1590/1843
f 2781/1602/1857 2768/1590/1843 2769/1591/1845
f 2782/1603/1858 2769/1591/1845 2770/1592/1846
f 2783/1604/1859 2770/1592/1846 2771/1594/1847
f 2784/1605/1860 2771/1594/1847 2772/1595/1848
f 2785/1606/1861 2772/1595/1848 2773/1607/1849
f 2774/1596/1850 2785/1606/1861 2773/1607/1849
f 2775/1597/1851 2786/1608/1862 2774/1596/1850
f 2776/1598/1852 2787/1609/1863 2775/1597/1851
f 2777/1599/1854 2788/1610/1864 2776/1598/1852
f 2778/1600/1865 2789/1611/1866 2777/1599/1854
f 2792/1612/1867 2779/1613/1868 2780/1601/1855
f 2793/1614/1869 2780/1601/1855 2781/1602/1857
f 2794/1615/1870 2781/1602/1857 2782/1603/1858
f 2795/1616/1871 2782/1603/1858 2783/1604/1859
f 2796/1617/1872 2783/1604/1859 2784/1605/1860
f 2785/1606/1861 2796/1617/1872 2784/1605/1860
f 2786/1608/1862 2797/1618/1873 2785/1606/1861
f 2787/1609/1863 2798/1619/1874 2786/1608/1862
f 2788/1610/1864 2799/1620/1875 2787/1609/1863
f 2789/1611/1866 2800/1621/1876 2788/1610/1864
f 2790/1622/1877 2801/1623/1878 2789/1611/1866
f 2792/1612/1867 2803/1636/1879 2791/1625/1880
f 2793/1614/1869 2804/1624/1881 2792/1612/1867
f 2794/1615/1870 2805/1626/1882 2793/1614/1869
f 2795/1616/1871 2806/1627/1883 2794/1615/1870
f 2796/1617/1872 2807/1628/1884 2795/1616/1871
f 2809/1630/1885 2796/1617/1872 2797/1618/1873
f 2810/1631/1886 2797/1618/1873 2798/1619/1874
f 2811/1632/1887 2798/1619/1874 2799/1620/1875
f 2812/1633/1888 2799/1620/1875 2800/1621/1876
f 2813/1635/1889 2800/1621/1876 2801/1623/1878
f 2814/1637/1890 2801/1623/1878 2802/1634/1891
f 2804/1624/1881 2815/524/1892 2803/1636/1879
f 2805/1626/1882 2816/525/1893 2804/1624/1881
f 2806/1627/1883 2817/526/1894 2805/1626/1882
f 2807/1628/1884 2818/527/1895 2806/1627/1883
f 2808/1629/1896 2819/529/1897 2807/1628/1884
f 2821/530/1898 2808/1629/1896 2809/1630/1885
f 2822/531/1899 2809/1630/1885 2810/1631/1886
f 2823/532/1900 2810/1631/1886 2811/1632/1887
f 2824/533/1901 2811/1632/1887 2812/1633/1888
f 2825/534/1902 2812/1633/1888 2813/1635/1889
f 2826/535/1903 2813/1635/1889 2814/1637/1890
f 2816/525/1893 2827/1649/1904 2815/524/1892
f 2817/526/1894 2828/1638/1905 2816/525/1893
f 2818/527/1895 2829/1639/1906 2817/526/1894
f 2819/529/1897 2830/1640/1907 2818/527/1895
f 2820/540/1908 2831/1641/1909 2819/529/1897
f 2821/530/1898 2832/1642/1910 2820/540/1908
f 2834/1644/1911 2821/530/1898 2822/531/1899
f 2835/1645/1912 2822/531/1899 2823/532/1900
f 2836/1646/1913 2823/532/1900 2824/533/1901
f 2837/1647/1914 2824/533/1901 2825/534/1902
f 2838/1658/1915 2825/534/1902 2826/535/1903
f 2828/1638/1905 2839/1661/1655 2827/1649/1904
f 2829/1639/1906 2840/1648/1916 2828/1638/1905
f 2830/1640/1907 2841/1650/1917 2829/1639/1906
f 2831/1641/1909 2842/1651/1918 2830/1640/1907
f 2832/1642/1910 2843/1652/1919 2831/1641/1909
f 2845/1654/1920 2832/1642/1910 2833/1643/1921
f 2846/1655/1922 2833/1643/1921 2834/1644/1911
f 2847/1656/1923 2834/1644/1911 2835/1645/1912
f 2848/1657/1924 2835/1645/1912 2836/1646/1913
f 2849/1659/1925 2836/1646/1913 2837/1647/1914
f 2850/1670/1666 2837/1647/1914 2838/1658/1915
f 2840/1648/1916 2851/1673/1656 2839/1661/1655
f 2841/1650/1917 2852/1660/1926 2840/1648/1916
f 2842/1651/1918 2853/1662/1927 2841/1650/1917
f 2843/1652/1919 2854/1663/1928 2842/1651/1918
f 2844/1653/1929 2855/1664/1930 2843/1652/1919
f 2857/1666/1931 2844/1653/1929 2845/1654/1920
f 2858/1667/1932 2845/1654/1920 2846/1655/1922
f 2859/1668/1933 2846/1655/1922 2847/1656/1923
f 2860/1669/1934 2847/1656/1923 2848/1657/1924
f 2861/1671/1935 2848/1657/1924 2849/1659/1925
f 2862/1684/1667 2849/1659/1925 2850/1670/1666
f 2864/1674/1936 2851/1673/1656 2852/1660/1926
f 2865/1675/1937 2852/1660/1926 2853/1662/1927
f 2866/1676/1938 2853/1662/1927 2854/1663/1928
f 2867/1677/1939 2854/1663/1928 2855/1664/1930
f 2868/1689/1940 2855/1664/1930 2856/1665/1941
f 2869/1678/1942 2856/1665/1941 2857/1666/1931
f 2858/1667/1932 2869/1678/1942 2857/1666/1931
f 2859/1668/1933 2870/1679/1943 2858/1667/1932
f 2860/1669/1934 2871/1680/1944 2859/1668/1933
f 2861/1671/1935 2872/1681/1945 2860/1669/1934
f 2862/1684/1667 2873/1682/1946 2861/1671/1935
f 2876/1686/1947 2863/1672/1948 2864/1674/1936
f 2877/1687/1949 2864/1674/1936 2865/1675/1937
f 2878/1688/1950 2865/1675/1937 2866/1676/1938
f 2879/1690/1951 2866/1676/1938 2867/1677/1939
f 2880/1701/1952 2867/1677/1939 2868/1689/1940
f 2881/1691/1953 2868/1689/1940 2869/1678/1942
f 2870/1679/1943 2881/1691/1953 2869/1678/1942
f 2871/1680/1944 2882/1692/1954 2870/1679/1943
f 2872/1681/1945 2883/1693/1955 2871/1680/1944
f 2873/1682/1946 2884/1694/1956 2872/1681/1945
f 2874/1683/1957 2885/1695/1958 2873/1682/1946
f 2888/1698/1959 2875/1685/1960 2876/1686/1947
f 2889/1699/1961 2876/1686/1947 2877/1687/1949
f 2890/1700/1962 2877/1687/1949 2878/1688/1950
f 2891/1702/1963 2878/1688/1950 2879/1690/1951
f 2892/1713/1964 2879/1690/1951 2880/1701/1952
f 2893/1703/1965 2880/1701/1952 2881/1691/1953
f 2882/1692/1954 2893/1703/1965 2881/1691/1953
f 2883/1693/1955 2894/1704/1966 2882/1692/1954
f 2884/1694/1956 2895/1705/1967 2883/1693/1955
f 2885/1695/1958 2896/1706/1968 2884/1694/1956
f 2886/1696/1969 2897/1707/1970 2885/1695/1958
f 2900/1710/1971 2887/1697/1972 2888/1698/1959
f 2901/1711/1973 2888/1698/1959 2889/1699/1961
f 2902/1712/1974 2889/1699/1961 2890/1700/1962
f 2903/1714/1975 2890/1700/1962 2891/1702/1963
f 2904/1721/1976 2891/1702/1963 2892/1713/1964
f 2905/1715/1977 2892/1713/1964 2893/1703/1965
f 2894/1704/1966 2905/1715/1977 2893/1703/1965
f 2895/1705/1967 2906/1716/1978 2894/1704/1966
f 2896/1706/1968 2907/1717/1979 2895/1705/1967
f 2897/1707/1970 2908/1718/1980 2896/1706/1968
f 2898/1708/1981 2909/1719/1982 2897/1707/1970
f 2912/727/1983 2899/1709/1984 2900/1710/1971
f 2913/729/1985 2900/1710/1971 2901/1711/1973
f 2914/730/1986 2901/1711/1973 2902/1712/1974
f 2915/731/1987 2902/1712/1974 2903/1714/1975
f 2916/732/1988 2903/1714/1975 2904/1721/1976
f 2917/733/1989 2904/1721/1976 2905/1715/1977
f 2906/1716/1978 2917/733/1989 2905/1715/1977
f 2907/1717/1979 2918/734/1990 2906/1716/1978
f 2908/1718/1980 2919/735/1991 2907/1717/1979
f 2909/1719/1982 2920/736/1992 2908/1718/1980
f 2910/1720/1993 2921/738/1994 2909/1719/1982
f 2912/727/1983 2923/1722/1995 2911/740/1996
f 2913/729/1985 2924/1723/1997 2912/727/1983
f 2914/730/1986 2925/1724/1998 2913/729/1985
f 2915/731/1987 2926/1725/1999 2914/730/1986
f 2916/732/1988 2927/1726/2000 2915/731/1987
f 2929/1727/2001 2916/732/1988 2917/733/1989
f 2930/1728/2002 2917/733/1989 2918/734/1990
f 2931/1729/2003 2918/734/1990 2919/735/1991
f 2932/1730/2004 2919/735/1991 2920/736/1992
f 2933/1731/2005 2920/736/1992 2921/738/1994
f 2934/1732/2006 2921/738/1994 2922/749/2007
f 2924/1723/1997 2935/1733/2008 2923/1722/1995
f 2925/1724/1998 2936/1734/2009 2924/1723/1997
f 2926/1725/1999 2937/1735/2010 2925/1724/1998
f 2927/1726/2000 2938/1736/2011 2926/1725/1999
f 2928/1737/2012 2939/1738/2013 2927/1726/2000
f 2941/1739/2014 2928/1737/2012 2929/1727/2001
f 2942/1740/2015 2929/1727/2001 2930/1728/2002
f 2943/1741/2016 2930/1728/2002 2931/1729/2003
f 2944/1742/2017 2931/1729/2003 2932/1730/2004
f 2945/1743/2018 2932/1730/2004 2933/1731/2005
f 2946/1744/2019 2933/1731/2005 2934/1732/2006
f 2936/1734/2009 2947/1757/2020 2935/1733/2008
f 2937/1735/2010 2948/1745/2021 2936/1734/2009
f 2938/1736/2011 2949/1746/2022 2937/1735/2010
f 2939/1738/2013 2950/1747/2023 2938/1736/2011
f 2940/1750/2024 2951/1748/2025 2939/1738/2013
f 2953/1751/2026 2940/1750/2024 2941/1739/2014
f 2954/1752/2027 2941/1739/2014 2942/1740/2015
f 2955/1753/2028 2942/1740/2015 2943/1741/2016
f 2956/1754/2029 2943/1741/2016 2944/1742/2017
f 2957/1755/2030 2944/1742/2017 2945/1743/2018
f 2958/1766/2031 2945/1743/2018 2946/1744/2019
f 2948/1745/2021 2959/1769/2032 2947/1757/2020
f 2949/1746/2022 2960/1756/2033 2948/1745/2021
f 2950/1747/2023 2961/1758/2034 2949/1746/2022
f 2951/1748/2025 2962/1759/2035 2950/1747/2023
f 2952/1749/2036 2963/1760/2037 2951/1748/2025
f 2965/1762/2038 2952/1749/2036 2953/1751/2026
f 2966/1763/2039 2953/1751/2026 2954/1752/2027
f 2967/1764/2040 2954/1752/2027 2955/1753/2028
f 2968/1765/2041 2955/1753/2028 2956/1754/2029
f 2969/1767/2042 2956/1754/2029 2957/1755/2030
f 2970/1778/2043 2957/1755/2030 2958/1766/2031
f 2960/1756/2033 2971/1781/2044 2959/1769/2032
f 2961/1758/2034 2972/1768/2045 2960/1756/2033
f 2962/1759/2035 2973/1770/2046 2961/1758/2034
f 2963/1760/2037 2974/1771/2047 2962/1759/2035
f 2964/1761/2048 2975/1772/2049 2963/1760/2037
f 2977/1774/2050 2964/1761/2048 2965/1762/2038
f 2978/1775/2051 2965/1762/2038 2966/1763/2039
f 2979/1776/2052 2966/1763/2039 2967/1764/2040
f 2980/1777/2053 2967/1764/2040 2968/1765/2041
f 2981/1779/2054 2968/1765/2041 2969/1767/2042
f 2982/1790/2055 2969/1767/2042 2970/1778/2043
f 2972/1768/2045 2983/1793/2056 2971/1781/2044
f 2973/1770/2046 2984/1780/2057 2972/1768/2045
f 2974/1771/2047 2985/1782/2058 2973/1770/2046
f 2975/1772/2049 2986/1783/2059 2974/1771/2047
f 2976/1773/2060 2987/1784/2061 2975/1772/2049
f 2989/1786/2062 2976/1773/2060 2977/1774/2050
f 2990/1787/2063 2977/1774/2050 2978/1775/2051
f 2991/1788/2064 2978/1775/2051 2979/1776/2052
f 2992/1789/2065 2979/1776/2052 2980/1777/2053
f 2993/1791/2066 2980/1777/2053 2981/1779/2054
f 2994/1802/2067 2981/1779/2054 2982/1790/2055
f 2984/1780/2057 2995/1804/2068 2983/1793/2056
f 2985/1782/2058 2996/1792/2069 2984/1780/2057
f 2986/1783/2059 2997/1794/2070 2985/1782/2058
f 2987/1784/2061 2998/1795/2071 2986/1783/2059
f 2988/1785/2072 2999/1796/2073 2987/1784/2061
f 3001/1798/2074 2988/1785/2072 2989/1786/2062
f 3002/1799/2075 2989/1786/2062 2990/1787/2063
f 3003/1800/2076 2990/1787/2063 2991/1788/2064
f 3004/1801/2077 2991/1788/2064 2992/1789/2065
f 3005/1803/2078 2992/1789/2065 2993/1791/2066
f 3006/1805/2079 2993/1791/2066 2994/1802/2067
f 3008/931/2080 2995/1804/2068 2996/1792/2069
f 3009/933/2081 2996/1792/2069 2997/1794/2070
f 3010/934/2082 2997/1794/2070 2998/1795/2071
f 3011/935/2083 2998/1795/2071 2999/1796/2073
f 3012/936/2084 2999/1796/2073 3000/1797/2085
f 3013/937/2086 3000/1797/2085 3001/1798/2074
f 3002/1799/2075 3013/937/2086 3001/1798/2074
f 3003/1800/2076 3014/938/2087 3002/1799/2075
f 3004/1801/2077 3015/939/2088 3003/1800/2076
f 3005/1803/2078 3016/940/2089 3004/1801/2077
f 3006/1805/2079 3017/942/2090 3005/1803/2078
f 3020/1807/2091 3007/128/2092 3008/931/2080
f 3021/1808/2093 3008/931/2080 3009/933/2081
f 3022/1809/2094 3009/933/2081 3010/934/2082
f 3023/1810/2095 3010/934/2082 3011/935/2083
f 3024/1821/2096 3011/935/2083 3012/936/2084
f 3025/1811/2097 3012/936/2084 3013/937/2086
f 3014/938/2087 3025/1811/2097 3013/937/2086
f 3015/939/2088 3026/1812/2098 3014/938/2087
f 3016/940/2089 3027/1813/2099 3015/939/2088
f 3017/942/2090 3028/1814/2100 3016/940/2089
f 3018/952/2101 3029/1815/2102 3017/942/2090
f 3032/1818/2103 3019/1806/2104 3020/1807/2091
f 3033/1819/2105 3020/1807/2091 3021/1808/2093
f 3034/1820/2106 3021/1808/2093 3022/1809/2094
f 3035/1822/2107 3022/1809/2094 3023/1810/2095
f 3036/1833/2108 3023/1810/2095 3024/1821/2096
f 3037/1823/2109 3024/1821/2096 3025/1811/2097
f 3026/1812/2098 3037/1823/2109 3025/1811/2097
f 3027/1813/2099 3038/1824/2110 3026/1812/2098
f 3028/1814/2100 3039/1825/2111 3027/1813/2099
f 3029/1815/2102 3040/1826/2112 3028/1814/2100
f 3030/1816/2113 3041/1827/2114 3029/1815/2102
f 3044/1830/2115 3031/1817/2116 3032/1818/2103
f 3045/1831/2117 3032/1818/2103 3033/1819/2105
f 3046/1832/2118 3033/1819/2105 3034/1820/2106
f 3047/1834/2119 3034/1820/2106 3035/1822/2107
f 3048/1846/2120 3035/1822/2107 3036/1833/2108
f 3049/1835/2121 3036/1833/2108 3037/1823/2109
f 3038/1824/2110 3049/1835/2121 3037/1823/2109
f 3039/1825/2111 3050/1836/2122 3038/1824/2110
f 3040/1826/2112 3051/1837/2123 3039/1825/2111
f 3041/1827/2114 3052/1838/2124 3040/1826/2112
f 3042/1828/2125 3053/1839/2126 3041/1827/2114
f 3056/1841/2127 3043/1829/2128 3044/1830/2115
f 3057/1842/2129 3044/1830/2115 3045/1831/2117
f 3058/1843/2130 3045/1831/2117 3046/1832/2118
f 3059/1844/2131 3046/1832/2118 3047/1834/2119
f 3060/1845/2132 3047/1834/2119 3048/1846/2120
f 3061/1847/2133 3048/1846/2120 3049/1835/2121
f 3050/1836/2122 3061/1847/2133 3049/1835/2121
f 3051/1837/2123 3062/1848/2134 3050/1836/2122
f 3052/1838/2124 3063/1849/2135 3051/1837/2123
f 3053/1839/2126 3064/1850/2136 3052/1838/2124
f 3054/1840/2137 3065/1851/2138 3053/1839/2126
f 3068/1852/2139 3055/1853/2140 3056/1841/2127
f 3069/1854/2141 3056/1841/2127 3057/1842/2129
f 3070/1855/2142 3057/1842/2129 3058/1843/2130
f 3071/1856/2143 3058/1843/2130 3059/1844/2131
f 3072/1857/2144 3059/1844/2131 3060/1845/2132
f 3073/1858/2145 3060/1845/2132 3061/1847/2133
f 3062/1848/2134 3073/1858/2145 3061/1847/2133
f 3063/1849/2135 3074/1859/2146 3062/1848/2134
f 3064/1850/2136 3075/1860/2147 3063/1849/2135
f 3065/1851/2138 3076/1861/2148 3064/1850/2136
f 3066/1862/2149 3077/1863/2150 3065/1851/2138
f 3080/1864/2151 3067/1865/2152 3068/1852/2139
f 3081/1866/2153 3068/1852/2139 3069/1854/2141
f 3082/1867/2154 3069/1854/2141 3070/1855/2142
f 3083/1868/2155 3070/1855/2142 3071/1856/2143
f 3084/1869/2156 3071/1856/2143 3072/1857/2144
f 3085/1870/2157 3072/1857/2144 3073/1858/2145
f 3074/1859/2146 3085/1870/2157 3073/1858/2145
f 3075/1860/2147 3086/1871/2158 3074/1859/2146
f 3076/1861/2148 3087/1872/2159 3075/1860/2147
f 3077/1863/2150 3088/1873/2160 3076/1861/2148
f 3078/1874/2161 3089/1875/2162 3077/1863/2150
f 3080/1864/2151 3091/1888/2163 3079/1877/2164
f 3081/1866/2153 3092/1876/2165 3080/1864/2151
f 3082/1867/2154 3093/1878/2166 3081/1866/2153
f 3083/1868/2155 3094/1879/2167 3082/1867/2154
f 3084/1869/2156 3095/1880/2168 3083/1868/2155
f 3097/1882/2169 3084/1869/2156 3085/1870/2157
f 3098/1883/2170 3085/1870/2157 3086/1871/2158
f 3099/1884/2171 3086/1871/2158 3087/1872/2159
f 3100/1885/2172 3087/1872/2159 3088/1873/2160
f 3101/1887/2173 3088/1873/2160 3089/1875/2162
f 3102/1889/2174 3089/1875/2162 3090/1886/2175
f 3092/1876/2165 3103/1147/2176 3091/1888/2163
f 3093/1878/2166 3104/1134/2177 3092/1876/2165
f 3094/1879/2167 3105/1136/2178 3093/1878/2166
f 3095/1880/2168 3106/1137/2179 3094/1879/2167
f 3096/1881/2180 3107/1138/2181 3095/1880/2168
f 3109/1140/2182 3096/1881/2180 3097/1882/2169
f 3110/1141/2183 3097/1882/2169 3098/1883/2170
f 3111/1142/2184 3098/1883/2170 3099/1884/2171
f 3112/1143/2185 3099/1884/2171 3100/1885/2172
f 3113/1145/2186 3100/1885/2172 3101/1887/2173
f 3114/1156/2187 3101/1887/2173 3102/1889/2174
f 3104/1134/2177 3115/1901/2188 3103/1147/2176
f 3105/1136/2178 3116/1890/2189 3104/1134/2177
f 3106/1137/2179 3117/1891/2190 3105/1136/2178
f 3107/1138/2181 3118/1892/2191 3106/1137/2179
f 3108/1139/2192 3119/1893/2193 3107/1138/2181
f 3121/1895/2194 3108/1139/2192 3109/1140/2182
f 3122/1896/2195 3109/1140/2182 3110/1141/2183
f 3123/1897/2196 3110/1141/2183 3111/1142/2184
f 3124/1898/2197 3111/1142/2184 3112/1143/2185
f 3125/1899/2198 3112/1143/2185 3113/1145/2186
f 3126/1910/2199 3113/1145/2186 3114/1156/2187
f 3116/1890/2189 3127/1913/2200 3115/1901/2188
f 3117/1891/2190 3128/1900/2201 3116/1890/2189
f 3118/1892/2191 3129/1902/2202 3117/1891/2190
f 3119/1893/2193 3130/1903/2203 3118/1892/2191
f 3120/1894/2204 3131/1904/2205 3119/1893/2193
f 3133/1906/2206 3120/1894/2204 3121/1895/2194
f 3134/1907/2207 3121/1895/2194 3122/1896/2195
f 3135/1908/2208 3122/1896/2195 3123/1897/2196
f 3136/1909/2209 3123/1897/2196 3124/1898/2197
f 3137/1911/2210 3124/1898/2197 3125/1899/2198
f 3138/1922/2211 3125/1899/2198 3126/1910/2199
f 3128/1900/2201 3139/1925/1368 3127/1913/2200
f 3129/1902/2202 3140/1912/2212 3128/1900/2201
f 3130/1903/2203 3141/1914/2213 3129/1902/2202
f 3131/1904/2205 3142/1915/2214 3130/1903/2203
f 3132/1905/2215 3143/1916/2216 3131/1904/2205
f 3145/1918/2217 3132/1905/2215 3133/1906/2206
f 3146/1919/2218 3133/1906/2206 3134/1907/2207
f 3147/1920/2219 3134/1907/2207 3135/1908/2208
f 3148/1921/2220 3135/1908/2208 3136/1909/2209
f 3149/1923/2221 3136/1909/2209 3137/1911/2210
f 3150/1936/1379 3137/1911/2210 3138/1922/2211
f 3152/1926/878 3139/1925/1368 3140/1912/2212
f 3153/1927/2222 3140/1912/2212 3141/1914/2213
f 3154/1928/2223 3141/1914/2213 3142/1915/2214
f 3155/1929/2224 3142/1915/2214 3143/1916/2216
f 3156/1941/2225 3143/1916/2216 3144/1917/2226
f 3157/1930/2227 3144/1917/2226 3145/1918/2217
f 3146/1919/2218 3157/1930/2227 3145/1918/2217
f 3147/1920/2219 3158/1931/2228 3146/1919/2218
f 3148/1921/2220 3159/1932/2229 3147/1920/2219
f 3149/1923/2221 3160/1933/2230 3148/1921/2220
f 3150/1936/1379 3161/1934/888 3149/1923/2221
f 3164/1938/2231 3151/1924/890 3152/1926/878
f 3165/1939/2232 3152/1926/878 3153/1927/2222
f 3166/1940/2233 3153/1927/2222 3154/1928/2223
f 3167/1942/2234 3154/1928/2223 3155/1929/2224
f 3168/1953/2235 3155/1929/2224 3156/1941/2225
f 3169/1943/2236 3156/1941/2225 3157/1930/2227
f 3158/1931/2228 3169/1943/2236 3157/1930/2227
f 3159/1932/2229 3170/1944/2237 3158/1931/2228
f 3160/1933/2230 3171/1945/2238 3159/1932/2229
f 3161/1934/888 3172/1946/2239 3160/1933/2230
f 3162/1935/899 3173/1947/2240 3161/1934/888
f 3176/1950/2241 3163/1937/2242 3164/1938/2231
f 3177/1951/2243 3164/1938/2231 3165/1939/2232
f 3178/1952/2244 3165/1939/2232 3166/1940/2233
f 3179/1954/2245 3166/1940/2233 3167/1942/2234
f 3180/1965/2246 3167/1942/2234 3168/1953/2235
f 3181/1955/2247 3168/1953/2235 3169/1943/2236
f 3170/1944/2237 3181/1955/2247 3169/1943/2236
f 3171/1945/2238 3182/1956/2248 3170/1944/2237
f 3172/1946/2239 3183/1957/2249 3171/1945/2238
f 3173/1947/2240 3184/1958/2250 3172/1946/2239
f 3174/1948/2251 3185/1959/2252 3173/1947/2240
f 3188/1962/2253 3175/1949/2254 3176/1950/2241
f 3189/1963/2255 3176/1950/2241 3177/1951/2243
f 3190/1964/2256 3177/1951/2243 3178/1952/2244
f 3191/1966/2257 3178/1952/2244 3179/1954/2245
f 3192/1973/2258 3179/1954/2245 3180/1965/2246
f 3193/1967/2259 3180/1965/2246 3181/1955/2247
f 3182/1956/2248 3193/1967/2259 3181/1955/2247
f 3183/1957/2249 3194/1968/2260 3182/1956/2248
f 3184/1958/2250 3195/1969/2261 3183/1957/2249
f 3185/1959/2252 3196/1970/2262 3184/1958/2250
f 3186/1960/2263 3197/1971/2264 3185/1959/2252
f 3200/1340/2265 3187/1961/2266 3188/1962/2253
f 3201/1341/2267 3188/1962/2253 3189/1963/2255
f 3202/1342/2268 3189/1963/2255 3190/1964/2256
f 3203/1343/2269 3190/1964/2256 3191/1966/2257
f 3204/1355/2270 3191/1966/2257 3192/1973/2258
f 3205/1344/2271 3192/1973/2258 3193/1967/2259
f 3194/1968/2260 3205/1344/2271 3193/1967/2259
f 3195/1969/2261 3206/1346/2272 3194/1968/2260
f 3196/1970/2262 3207/1347/2273 3195/1969/2261
f 3197/1971/2264 3208/1348/2274 3196/1970/2262
f 3198/1972/2275 3209/1349/2276 3197/1971/2264
f 3200/1340/2265 3211/1974/2277 3199/1339/2278
f 3201/1341/2267 3212/1975/2279 3200/1340/2265
f 3202/1342/2268 3213/1976/2280 3201/1341/2267
f 3203/1343/2269 3214/1977/2281 3202/1342/2268
f 3204/1355/2270 3215/1978/2282 3203/1343/2269
f 3217/1979/2283 3204/1355/2270 3205/1344/2271
f 3218/1980/2284 3205/1344/2271 3206/1346/2272
f 3219/1981/2285 3206/1346/2272 3207/1347/2273
f 3220/1982/2286 3207/1347/2273 3208/1348/2274
f 3221/1983/2287 3208/1348/2274 3209/1349/2276
f 3222/1984/2288 3209/1349/2276 3210/1350/2289
f 3212/1975/2279 3223/1985/2290 3211/1974/2277
f 3213/1976/2280 3224/1986/2291 3212/1975/2279
f 3214/1977/2281 3225/1987/2292 3213/1976/2280
f 3215/1978/2282 3226/1988/2293 3214/1977/2281
f 3216/1989/2294 3227/1990/2295 3215/1978/2282
f 3229/1991/2296 3216/1989/2294 3217/1979/2283
f 3230/1992/2297 3217/1979/2283 3218/1980/2284
f 3231/1993/2298 3218/1980/2284 3219/1981/2285
f 3232/1994/2299 3219/1981/2285 3220/1982/2286
f 3233/1995/2300 3220/1982/2286 3221/1983/2287
f 3234/1996/2301 3221/1983/2287 3222/1984/2288
f 3224/1986/2291 3235/2009/2302 3223/1985/2290
f 3225/1987/2292 3236/1997/2303 3224/1986/2291
f 3226/1988/2293 3237/1998/2304 3225/1987/2292
f 3227/1990/2295 3238/1999/2305 3226/1988/2293
f 3228/2002/2306 3239/2000/2307 3227/1990/2295
f 3241/2003/2308 3228/2002/2306 3229/1991/2296
f 3242/2004/2309 3229/1991/2296 3230/1992/2297
f 3243/2005/2310 3230/1992/2297 3231/1993/2298
f 3244/2006/2311 3231/1993/2298 3232/1994/2299
f 3245/2007/2312 3232/1994/2299 3233/1995/2300
f 3246/2018/2313 3233/1995/2300 3234/1996/2301
f 3236/1997/2303 3247/2021/2314 3235/2009/2302
f 3237/1998/2304 3248/2008/2315 3236/1997/2303
f 3238/1999/2305 3249/2010/2316 3237/1998/2304
f 3239/2000/2307 3250/2011/2317 3238/1999/2305
f 3240/2001/2318 3251/2012/2319 3239/2000/2307
f 3253/2014/2320 3240/2001/2318 3241/2003/2308
f 3254/2015/2321 3241/2003/2308 3242/2004/2309
f 3255/2016/2322 3242/2004/2309 3243/2005/2310
f 3256/2017/2323 3243/2005/2310 3244/2006/2311
f 3257/2019/2324 3244/2006/2311 3245/2007/2312
f 3258/2030/2325 3245/2007/2312 3246/2018/2313
f 3248/2008/2315 3259/2033/2326 3247/2021/2314
f 3249/2010/2316 3260/2020/2327 3248/2008/2315
f 3250/2011/2317 3261/2022/2328 3249/2010/2316
f 3251/2012/2319 3262/2023/2329 3250/2011/2317
f 3252/2013/2330 3263/2024/2331 3251/2012/2319
f 3265/2026/2332 3252/2013/2330 3253/2014/2320
f 3266/2027/2333 3253/2014/2320 3254/2015/2321
f 3267/2028/2334 3254/2015/2321 3255/2016/2322
f 3268/2029/2335 3255/2016/2322 3256/2017/2323
f 3269/2031/2336 3256/2017/2323 3257/2019/2324
f 3270/2042/2337 3257/2019/2324 3258/2030/2325
f 3260/2020/2327 3271/2045/2338 3259/2033/2326
f 3261/2022/2328 3272/2032/2339 3260/2020/2327
f 3262/2023/2329 3273/2034/2340 3261/2022/2328
f 3263/2024/2331 3274/2035/2341 3262/2023/2329
f 3264/2025/2342 3275/2036/2343 3263/2024/2331
f 3277/2038/2344 3264/2025/2342 3265/2026/2332
f 3278/2039/2345 3265/2026/2332 3266/2027/2333
f 3279/2040/2346 3266/2027/2333 3267/2028/2334
f 3280/2041/2347 3267/2028/2334 3268/2029/2335
f 3281/2043/2348 3268/2029/2335 3269/2031/2336
f 3282/2054/2349 3269/2031/2336 3270/2042/2337
f 3272/2032/2339 3283/2056/2350 3271/2045/2338
f 3273/2034/2340 3284/2044/2351 3272/2032/2339
f 3274/2035/2341 3285/2046/2352 3273/2034/2340
f 3275/2036/2343 3286/2047/2353 3274/2035/2341
f 3276/2037/2354 3287/2048/2355 3275/2036/2343
f 3289/2050/2356 3276/2037/2354 3277/2038/2344
f 3290/2051/2357 3277/2038/2344 3278/2039/2345
f 3291/2052/2358 3278/2039/2345 3279/2040/2346
f 3292/2053/2359 3279/2040/2346 3280/2041/2347
f 3293/2055/2360 3280/2041/2347 3281/2043/2348
f 3294/2058/2361 3281/2043/2348 3282/2054/2349
f 2720/1542/1801 3283/2056/2350 3284/2044/2351
f 2721/1544/1803 3284/2044/2351 3285/2046/2352
f 2722/1545/1805 3285/2046/2352 3286/2047/2353
f 2723/1546/1807 3286/2047/2353 3287/2048/2355
f 2724/1547/1809 3287/2048/2355 3288/2049/2362
f 2725/1548/1811 3288/2049/2362 3289/2050/2356
f 3290/2051/2357 2725/1548/1811 3289/2050/2356
f 3291/2052/2358 2726/1549/1812 3290/2051/2357
f 3292/2053/2359 2727/1550/1813 3291/2052/2358
f 3293/2055/2360 2728/1551/1815 3292/2053/2359
f 3294/2058/2361 2729/1553/1817 3293/2055/2360
f 3308/1612/2363 3295/38/2364 3296/322/2365
f 3309/1614/2366 3296/322/2365 3297/324/2367
f 3310/1615/2368 3297/324/2367 3298/326/2369
f 3311/1616/2370 3298/326/2369 3299/328/2371
f 3312/1617/2372 3299/328/2371 3300/330/2373
f 3313/1618/2374 3300/330/2373 3301/333/2375
f 3302/335/2376 3313/1618/2374 3301/333/2375
f 3303/337/2377 3314/1619/2378 3302/335/2376
f 3304/339/2379 3315/1620/2380 3303/337/2377
f 3305/341/2381 3316/1621/2382 3304/339/2379
f 3306/343/2383 3317/1623/2384 3305/341/2381
f 3320/1674/2385 3307/1625/2364 3308/1612/2363
f 3321/1675/2386 3308/1612/2363 3309/1614/2366
f 3322/1676/2387 3309/1614/2366 3310/1615/2368
f 3323/1677/2388 3310/1615/2368 3311/1616/2370
f 3324/1689/2389 3311/1616/2370 3312/1617/2372
f 3325/1678/2390 3312/1617/2372 3313/1618/2374
f 3314/1619/2378 3325/1678/2390 3313/1618/2374
f 3315/1620/2380 3326/1679/2391 3314/1619/2378
f 3316/1621/2382 3327/1680/2392 3315/1620/2380
f 3317/1623/2384 3328/1681/2393 3316/1621/2382
f 3318/1634/2383 3329/1682/2394 3317/1623/2384
f 3320/1674/2385 3331/1733/2395 3319/1672/2395
f 3321/1675/2386 3332/1734/2396 3320/1674/2385
f 3322/1676/2387 3333/1735/2397 3321/1675/2386
f 3323/1677/2388 3334/1736/2398 3322/1676/2387
f 3324/1689/2389 3335/1738/2399 3323/1677/2388
f 3337/1739/2400 3324/1689/2389 3325/1678/2390
f 3338/1740/2401 3325/1678/2390 3326/1679/2391
f 3339/1741/2402 3326/1679/2391 3327/1680/2392
f 3340/1742/2403 3327/1680/2392 3328/1681/2393
f 3341/1743/2404 3328/1681/2393 3329/1682/2394
f 3342/1744/2405 3329/1682/2394 3330/1683/2405
f 3332/1734/2396 3343/128/2406 3331/1733/2395
f 3333/1735/2397 3344/931/2407 3332/1734/2396
f 3334/1736/2398 3345/933/2408 3333/1735/2397
f 3335/1738/2399 3346/934/2409 3334/1736/2398
f 3336/1750/2410 3347/935/2411 3335/1738/2399
f 3349/937/2412 3336/1750/2410 3337/1739/2400
f 3350/938/2413 3337/1739/2400 3338/1740/2401
f 3351/939/2414 3338/1740/2401 3339/1741/2402
f 3352/940/2415 3339/1741/2402 3340/1742/2403
f 3353/942/2416 3340/1742/2403 3341/1743/2404
f 3354/952/2417 3341/1743/2404 3342/1744/2405
f 3356/1864/2418 3343/128/2406 3344/931/2407
f 3357/1866/2419 3344/931/2407 3345/933/2408
f 3358/1867/2420 3345/933/2408 3346/934/2409
f 3359/1868/2421 3346/934/2409 3347/935/2411
f 3360/1869/2422 3347/935/2411 3348/936/2423
f 3361/1870/2424 3348/936/2423 3349/937/2412
f 3350/938/2413 3361/1870/2424 3349/937/2412
f 3351/939/2414 3362/1871/2425 3350/938/2413
f 3352/940/2415 3363/1872/2426 3351/939/2414
f 3353/942/2416 3364/1873/2427 3352/940/2415
f 3354/952/2417 3365/1875/2428 3353/942/2416
f 3368/1926/2429 3355/1877/2430 3356/1864/2418
f 3369/1927/2431 3356/1864/2418 3357/1866/2419
f 3370/1928/2432 3357/1866/2419 3358/1867/2420
f 3371/1929/2433 3358/1867/2420 3359/1868/2421
f 3372/1941/2434 3359/1868/2421 3360/1869/2422
f 3373/1930/2435 3360/1869/2422 3361/1870/2424
f 3362/1871/2425 3373/1930/2435 3361/1870/2424
f 3363/1872/2426 3374/1931/2436 3362/1871/2425
f 3364/1873/2427 3375/1932/2437 3363/1872/2426
f 3365/1875/2428 3376/1933/2438 3364/1873/2427
f 3366/1886/2439 3377/1934/2440 3365/1875/2428
f 3368/1926/2429 3379/1985/2441 3367/1924/2442
f 3369/1927/2431 3380/1986/2443 3368/1926/2429
f 3370/1928/2432 3381/1987/2444 3369/1927/2431
f 3371/1929/2433 3382/1988/2445 3370/1928/2432
f 3372/1941/2434 3383/1990/2446 3371/1929/2433
f 3385/1991/2447 3372/1941/2434 3373/1930/2435
f 3386/1992/2448 3373/1930/2435 3374/1931/2436
f 3387/1993/2449 3374/1931/2436 3375/1932/2437
f 3388/1994/2450 3375/1932/2437 3376/1933/2438
f 3389/1995/2451 3376/1933/2438 3377/1934/2440
f 3390/1996/2452 3377/1934/2440 3378/1935/2453
f 3296/1542/2365 3379/1985/2441 3380/1986/2443
f 3297/1544/2367 3380/1986/2443 3381/1987/2444
f 3298/1545/2369 3381/1987/2444 3382/1988/2445
f 3299/1546/2371 3382/1988/2445 3383/1990/2446
f 3300/1547/2373 3383/1990/2446 3384/2002/2454
f 3301/1548/2375 3384/2002/2454 3385/1991/2447
f 3386/1992/2448 3301/1548/2375 3385/1991/2447
f 3387/1993/2449 3302/1549/2376 3386/1992/2448
f 3388/1994/2450 3303/1550/2377 3387/1993/2449
f 3389/1995/2451 3304/1551/2379 3388/1994/2450
f 3390/1996/2452 3305/1553/2381 3389/1995/2451
f 3404/727/2455 3391/38/2456 3392/322/2457
f 3405/729/2458 3392/322/2457 3393/324/2459
f 3406/730/2460 3393/324/2459 3394/326/2461
f 3407/731/2462 3394/326/2461 3395/328/2463
f 3408/732/2464 3395/328/2463 3396/330/2465
f 3409/733/2466 3396/330/2465 3397/333/2467
f 3398/335/2468 3409/733/2466 3397/333/2467
f 3399/337/2469 3410/734/2470 3398/335/2468
f 3400/339/2471 3411/735/2472 3399/337/2469
f 3401/341/2473 3412/736/2474 3400/339/2471
f 3402/343/2475 3413/738/2476 3401/341/2473
f 3404/727/2455 3415/1147/2477 3403/740/2478
f 3405/729/2458 3416/1134/2479 3404/727/2455
f 3406/730/2460 3417/1136/2480 3405/729/2458
f 3407/731/2462 3418/1137/2481 3406/730/2460
f 3408/732/2464 3419/1138/2482 3407/731/2462
f 3421/1140/2483 3408/732/2464 3409/733/2466
f 3422/1141/2484 3409/733/2466 3410/734/2470
f 3423/1142/2485 3410/734/2470 3411/735/2472
f 3424/1143/2486 3411/735/2472 3412/736/2474
f 3425/1145/2487 3412/736/2474 3413/738/2476
f 3426/1156/2488 3413/738/2476 3414/749/2489
f 3392/1542/2457 3415/1147/2477 3416/1134/2479
f 3393/1544/2459 3416/1134/2479 3417/1136/2480
f 3394/1545/2461 3417/1136/2480 3418/1137/2481
f 3395/1546/2463 3418/1137/2481 3419/1138/2482
f 3396/1547/2465 3419/1138/2482 3420/1139/2490
f 3397/1548/2467 3420/1139/2490 3421/1140/2483
f 3422/1141/2484 3397/1548/2467 3421/1140/2483
f 3423/1142/2485 3398/1549/2468 3422/1141/2484
f 3424/1143/2486 3399/1550/2469 3423/1142/2485
f 3425/1145/2487 3400/1551/2471 3424/1143/2486
f 3426/1156/2488 3401/1553/2473 3425/1145/2487
f 3440/525/2491 3427/38/1198 3428/322/1211
f 3441/526/2492 3428/322/1211 3429/324/1200
f 3442/527/2493 3429/324/1200 3430/326/1202
f 3443/529/2494 3430/326/1202 3431/328/1215
f 3432/330/1203 3443/529/2494 3431/328/1215
f 3445/530/2495 3432/330/1203 3433/333/1204
f 3446/531/2496 3433/333/1204 3434/335/2497
f 3447/532/2498 3434/335/2497 3435/337/1207
f 3448/533/2499 3435/337/1207 3436/339/1208
f 3449/534/2500 3436/339/1208 3437/341/1220
f 3450/535/2501 3437/341/1220 3438/343/1209
f 3452/727/1178 3439/524/2502 3440/525/2491
f 3441/526/2492 3452/727/1178 3440/525/2491
f 3454/730/1180 3441/526/2492 3442/527/2493
f 3455/731/2503 3442/527/2493 3443/529/2494
f 3456/732/1182 3443/529/2494 3444/540/2504
f 3457/733/1192 3444/540/2504 3445/530/2495
f 3458/734/2505 3445/530/2495 3446/531/2496
f 3459/735/1184 3446/531/2496 3447/532/2498
f 3460/736/1185 3447/532/2498 3448/533/2499
f 3461/738/1186 3448/533/2499 3449/534/2500
f 3462/749/1187 3449/534/2500 3450/535/2501
f 3464/931/1188 3451/740/1177 3452/727/1178
f 3453/729/1179 3464/931/1188 3452/727/1178
f 3466/934/1189 3453/729/1179 3454/730/1180
f 3467/935/2506 3454/730/1180 3455/731/2503
f 3468/936/1191 3455/731/2503 3456/732/1182
f 3469/937/1205 3456/732/1182 3457/733/1192
f 3470/938/2507 3457/733/1192 3458/734/2505
f 3459/735/1184 3470/938/2507 3458/734/2505
f 3472/940/1195 3459/735/1184 3460/736/1185
f 3461/738/1186 3472/940/1195 3460/736/1185
f 3474/952/1197 3461/738/1186 3462/749/1187
f 3476/1134/1211 3463/128/1199 3464/931/1188
f 3477/1136/1200 3464/931/1188 3465/933/1201
f 3478/1137/1202 3465/933/1201 3466/934/1189
f 3479/1138/1215 3466/934/1189 3467/935/2506
f 3480/1139/1203 3467/935/2506 3468/936/1191
f 3481/1140/1204 3468/936/1191 3469/937/1205
f 3482/1141/1206 3469/937/1205 3470/938/2507
f 3483/1142/1207 3470/938/2507 3471/939/1194
f 3472/940/1195 3483/1142/1207 3471/939/1194
f 3485/1145/1220 3472/940/1195 3473/942/1196
f 3486/1156/1209 3473/942/1196 3474/952/1197
f 3488/1340/2508 3475/1147/1198 3476/1134/1211
f 3489/1341/2509 3476/1134/1211 3477/1136/1200
f 3490/1342/2510 3477/1136/1200 3478/1137/1202
f 3491/1343/2511 3478/1137/1202 3479/1138/1215
f 3492/1355/2512 3479/1138/1215 3480/1139/1203
f 3493/1344/2513 3480/1139/1203 3481/1140/1204
f 3482/1141/1206 3493/1344/2513 3481/1140/1204
f 3483/1142/1207 3494/1346/2514 3482/1141/1206
f 3484/1143/1208 3495/1347/2515 3483/1142/1207
f 3485/1145/1220 3496/1348/2516 3484/1143/1208
f 3486/1156/1209 3497/1349/2517 3485/1145/1220
f 3488/1340/2508 3427/49/1198 3487/1339/1198
f 3489/1341/2509 3428/1542/1211 3488/1340/2508
f 3490/1342/2510 3429/1544/1200 3489/1341/2509
f 3491/1343/2511 3430/1545/1202 3490/1342/2510
f 3492/1355/2512 3431/1546/1215 3491/1343/2511
f 3433/1548/1204 3492/1355/2512 3493/1344/2513
f 3434/1549/2497 3493/1344/2513 3494/1346/2514
f 3435/1550/1207 3494/1346/2514 3495/1347/2515
f 3436/1551/1208 3495/1347/2515 3496/1348/2516
f 3437/1553/1220 3496/1348/2516 3497/1349/2517
f 3438/2057/1209 3497/1349/2517 3498/1350/1209
f 3500/322/2518 3511/2059/2519 3499/38/2520
f 3501/324/2521 3512/2060/2522 3500/322/2518
f 3502/326/2523 3513/2061/2524 3501/324/2521
f 3503/328/2525 3514/2062/2526 3502/326/2523
f 3504/330/2527 3515/2063/2528 3503/328/2525
f 3517/2064/2529 3504/330/2527 3505/333/2530
f 3518/2065/2531 3505/333/2530 3506/335/2532
f 3519/2066/2533 3506/335/2532 3507/337/2534
f 3520/2067/2535 3507/337/2534 3508/339/2536
f 3521/2068/2537 3508/339/2536 3509/341/2538
f 3522/2069/2539 3509/341/2538 3510/343/2540
f 3524/2070/2541 3511/2059/2519 3512/2060/2522
f 3525/2071/2542 3512/2060/2522 3513/2061/2524
f 3526/2072/2543 3513/2061/2524 3514/2062/2526
f 3527/2073/2544 3514/2062/2526 3515/2063/2528
f 3528/2074/2545 3515/2063/2528 3516/2075/2546
f 3529/2076/2547 3516/2075/2546 3517/2064/2529
f 3518/2065/2531 3529/2076/2547 3517/2064/2529
f 3519/2066/2533 3530/2077/2548 3518/2065/2531
f 3520/2067/2535 3531/2078/2549 3519/2066/2533
f 3521/2068/2537 3532/2079/2550 3520/2067/2535
f 3522/2069/2539 3533/2080/2551 3521/2068/2537
f 3536/2081/2552 3523/2082/2553 3524/2070/2541
f 3537/2083/2554 3524/2070/2541 3525/2071/2542
f 3538/2084/2555 3525/2071/2542 3526/2072/2543
f 3539/2085/2556 3526/2072/2543 3527/2073/2544
f 3540/2086/2557 3527/2073/2544 3528/2074/2545
f 3541/2087/2558 3528/2074/2545 3529/2076/2547
f 3530/2077/2548 3541/2087/2558 3529/2076/2547
f 3531/2078/2549 3542/2088/2559 3530/2077/2548
f 3532/2079/2550 3543/2089/2560 3531/2078/2549
f 3533/2080/2551 3544/2090/2561 3532/2079/2550
f 3534/2091/2562 3545/2092/2563 3533/2080/2551
f 3548/2093/2564 3535/2094/2565 3536/2081/2552
f 3549/2095/2566 3536/2081/2552 3537/2083/2554
f 3550/2096/2567 3537/2083/2554 3538/2084/2555
f 3551/2097/2568 3538/2084/2555 3539/2085/2556
f 3552/2098/2569 3539/2085/2556 3540/2086/2557
f 3553/2099/2570 3540/2086/2557 3541/2087/2558
f 3542/2088/2559 3553/2099/2570 3541/2087/2558
f 3543/2089/2560 3554/2100/2571 3542/2088/2559
f 3544/2090/2561 3555/2101/2572 3543/2089/2560
f 3545/2092/2563 3556/2102/2573 3544/2090/2561
f 3546/2103/2574 3557/2104/2575 3545/2092/2563
f 3560/2105/2576 3547/2106/2577 3548/2093/2564
f 3561/2107/2578 3548/2093/2564 3549/2095/2566
f 3562/2108/2579 3549/2095/2566 3550/2096/2567
f 3563/2109/2580 3550/2096/2567 3551/2097/2568
f 3564/2110/2581 3551/2097/2568 3552/2098/2569
f 3565/2111/2582 3552/2098/2569 3553/2099/2570
f 3554/2100/2571 3565/2111/2582 3553/2099/2570
f 3555/2101/2572 3566/2112/2583 3554/2100/2571
f 3556/2102/2573 3567/2113/2584 3555/2101/2572
f 3557/2104/2575 3568/2114/2585 3556/2102/2573
f 3558/2115/2586 3569/2116/2587 3557/2104/2575
f 3572/2117/2588 3559/2118/2589 3560/2105/2576
f 3573/2119/2590 3560/2105/2576 3561/2107/2578
f 3574/2120/2591 3561/2107/2578 3562/2108/2579
f 3575/2121/2592 3562/2108/2579 3563/2109/2580
f 3576/2122/2593 3563/2109/2580 3564/2110/2581
f 3577/2123/2594 3564/2110/2581 3565/2111/2582
f 3566/2112/2583 3577/2123/2594 3565/2111/2582
f 3567/2113/2584 3578/2124/2595 3566/2112/2583
f 3568/2114/2585 3579/2125/2596 3567/2113/2584
f 3569/2116/2587 3580/2126/2597 3568/2114/2585
f 3570/2127/2598 3581/2128/2599 3569/2116/2587
f 3584/2129/2600 3571/2130/2601 3572/2117/2588
f 3585/2131/2602 3572/2117/2588 3573/2119/2590
f 3586/2132/2603 3573/2119/2590 3574/2120/2591
f 3587/2133/2604 3574/2120/2591 3575/2121/2592
f 3588/2134/2605 3575/2121/2592 3576/2122/2593
f 3589/2135/2606 3576/2122/2593 3577/2123/2594
f 3578/2124/2595 3589/2135/2606 3577/2123/2594
f 3579/2125/2596 3590/2136/2607 3578/2124/2595
f 3580/2126/2597 3591/2137/2608 3579/2125/2596
f 3581/2128/2599 3592/2138/2609 3580/2126/2597
f 3582/2139/2610 3593/2140/2611 3581/2128/2599
f 3596/2141/2612 3583/2142/2613 3584/2129/2600
f 3597/2143/2614 3584/2129/2600 3585/2131/2602
f 3598/2144/2615 3585/2131/2602 3586/2132/2603
f 3599/2145/2616 3586/2132/2603 3587/2133/2604
f 3600/2146/2617 3587/2133/2604 3588/2134/2605
f 3601/2147/2618 3588/2134/2605 3589/2135/2606
f 3590/2136/2607 3601/2147/2618 3589/2135/2606
f 3591/2137/2608 3602/2148/2619 3590/2136/2607
f 3592/2138/2609 3603/2149/2620 3591/2137/2608
f 3593/2140/2611 3604/2150/2621 3592/2138/2609
f 3594/2151/2622 3605/2152/2623 3593/2140/2611
f 3608/2153/2624 3595/2154/2625 3596/2141/2612
f 3609/2155/2626 3596/2141/2612 3597/2143/2614
f 3610/2156/2627 3597/2143/2614 3598/2144/2615
f 3611/2157/2628 3598/2144/2615 3599/2145/2616
f 3612/2158/2629 3599/2145/2616 3600/2146/2617
f 3613/2159/2630 3600/2146/2617 3601/2147/2618
f 3602/2148/2619 3613/2159/2630 3601/2147/2618
f 3603/2149/2620 3614/2160/2631 3602/2148/2619
f 3604/2150/2621 3615/2161/2632 3603/2149/2620
f 3605/2152/2623 3616/2162/2633 3604/2150/2621
f 3606/2163/2634 3617/2164/2635 3605/2152/2623
f 3620/2165/2636 3607/2166/2637 3608/2153/2624
f 3621/2167/2638 3608/2153/2624 3609/2155/2626
f 3622/2168/2639 3609/2155/2626 3610/2156/2627
f 3623/2169/2640 3610/2156/2627 3611/2157/2628
f 3624/2170/2641 3611/2157/2628 3612/2158/2629
f 3625/2171/2642 3612/2158/2629 3613/2159/2630
f 3614/2160/2631 3625/2171/2642 3613/2159/2630
f 3615/2161/2632 3626/2172/2643 3614/2160/2631
f 3616/2162/2633 3627/2173/2644 3615/2161/2632
f 3617/2164/2635 3628/2174/2645 3616/2162/2633
f 3618/2175/2646 3629/2176/2647 3617/2164/2635
f 3632/2177/2648 3619/2178/2649 3620/2165/2636
f 3633/2179/2650 3620/2165/2636 3621/2167/2638
f 3634/2180/2651 3621/2167/2638 3622/2168/2639
f 3635/2181/2652 3622/2168/2639 3623/2169/2640
f 3636/2182/2653 3623/2169/2640 3624/2170/2641
f 3637/2183/2654 3624/2170/2641 3625/2171/2642
f 3626/2172/2643 3637/2183/2654 3625/2171/2642
f 3627/2173/2644 3638/2184/2655 3626/2172/2643
f 3628/2174/2645 3639/2185/2656 3627/2173/2644
f 3629/2176/2647 3640/2186/2657 3628/2174/2645
f 3630/2187/2658 3641/2188/2659 3629/2176/2647
f 3644/2189/2660 3631/2190/2661 3632/2177/2648
f 3645/2191/2662 3632/2177/2648 3633/2179/2650
f 3646/2192/2663 3633/2179/2650 3634/2180/2651
f 3647/2193/2664 3634/2180/2651 3635/2181/2652
f 3648/2194/2665 3635/2181/2652 3636/2182/2653
f 3649/2195/2666 3636/2182/2653 3637/2183/2654
f 3638/2184/2655 3649/2195/2666 3637/2183/2654
f 3639/2185/2656 3650/2196/2667 3638/2184/2655
f 3640/2186/2657 3651/2197/2668 3639/2185/2656
f 3641/2188/2659 3652/2198/2669 3640/2186/2657
f 3642/2199/2670 3653/2200/2671 3641/2188/2659
f 3644/2189/2660 3655/2201/2672 3643/2202/2673
f 3645/2191/2662 3656/2203/2674 3644/2189/2660
f 3646/2192/2663 3657/2204/2675 3645/2191/2662
f 3647/2193/2664 3658/2205/2676 3646/2192/2663
f 3648/2194/2665 3659/2206/2677 3647/2193/2664
f 3661/2207/2678 3648/2194/2665 3649/2195/2666
f 3662/2208/2679 3649/2195/2666 3650/2196/2667
f 3663/2209/2680 3650/2196/2667 3651/2197/2668
f 3664/2210/2681 3651/2197/2668 3652/2198/2669
f 3665/2211/2682 3652/2198/2669 3653/2200/2671
f 3666/2212/2683 3653/2200/2671 3654/2213/2684
f 3656/2203/2674 3667/2214/2685 3655/2201/2672
f 3657/2204/2675 3668/2215/2686 3656/2203/2674
f 3658/2205/2676 3669/2216/2687 3657/2204/2675
f 3659/2206/2677 3670/2217/2688 3658/2205/2676
f 3660/2218/2689 3671/2219/2690 3659/2206/2677
f 3673/2220/2691 3660/2218/2689 3661/2207/2678
f 3674/2221/2692 3661/2207/2678 3662/2208/2679
f 3675/2222/2693 3662/2208/2679 3663/2209/2680
f 3676/2223/2694 3663/2209/2680 3664/2210/2681
f 3677/2224/2695 3664/2210/2681 3665/2211/2682
f 3678/2225/2696 3665/2211/2682 3666/2212/2683
f 3668/2215/2686 3679/2226/2697 3667/2214/2685
f 3669/2216/2687 3680/2227/2698 3668/2215/2686
f 3670/2217/2688 3681/2228/2699 3669/2216/2687
f 3671/2219/2690 3682/2229/2700 3670/2217/2688
f 3672/2230/2701 3683/2231/2702 3671/2219/2690
f 3685/2232/2703 3672/2230/2701 3673/2220/2691
f 3686/2233/2704 3673/2220/2691 3674/2221/2692
f 3687/2234/2705 3674/2221/2692 3675/2222/2693
f 3688/2235/2706 3675/2222/2693 3676/2223/2694
f 3689/2236/2707 3676/2223/2694 3677/2224/2695
f 3690/2237/2708 3677/2224/2695 3678/2225/2696
f 3680/2227/2698 3691/2238/2709 3679/2226/2697
f 3681/2228/2699 3692/2239/2710 3680/2227/2698
f 3682/2229/2700 3693/2240/2711 3681/2228/2699
f 3683/2231/2702 3694/2241/2712 3682/2229/2700
f 3684/2242/2713 3695/2243/2714 3683/2231/2702
f 3697/2244/2715 3684/2242/2713 3685/2232/2703
f 3698/2245/2716 3685/2232/2703 3686/2233/2704
f 3699/2246/2717 3686/2233/2704 3687/2234/2705
f 3700/2247/2718 3687/2234/2705 3688/2235/2706
f 3701/2248/2719 3688/2235/2706 3689/2236/2707
f 3702/2249/2720 3689/2236/2707 3690/2237/2708
f 3692/2239/2710 3703/2250/2721 3691/2238/2709
f 3693/2240/2711 3704/2251/2722 3692/2239/2710
f 3694/2241/2712 3705/2252/2723 3693/2240/2711
f 3695/2243/2714 3706/2253/2724 3694/2241/2712
f 3696/2254/2725 3707/2255/2726 3695/2243/2714
f 3709/2256/2727 3696/2254/2725 3697/2244/2715
f 3710/2257/2728 3697/2244/2715 3698/2245/2716
f 3711/2258/2729 3698/2245/2716 3699/2246/2717
f 3712/2259/2730 3699/2246/2717 3700/2247/2718
f 3713/2260/2731 3700/2247/2718 3701/2248/2719
f 3714/2261/2732 3701/2248/2719 3702/2249/2720
f 3704/2251/2722 3715/2262/2733 3703/2250/2721
f 3705/2252/2723 3716/2263/2734 3704/2251/2722
f 3706/2253/2724 3717/2264/2735 3705/2252/2723
f 3707/2255/2726 3718/2265/2736 3706/2253/2724
f 3708/2266/2737 3719/2267/2738 3707/2255/2726
f 3721/2268/2739 3708/2266/2737 3709/2256/2727
f 3722/2269/2740 3709/2256/2727 3710/2257/2728
f 3723/2270/2741 3710/2257/2728 3711/2258/2729
f 3724/2271/2742 3711/2258/2729 3712/2259/2730
f 3725/2272/2743 3712/2259/2730 3713/2260/2731
f 3726/2273/2744 3713/2260/2731 3714/2261/2732
f 3716/2263/2734 3727/2274/2745 3715/2262/2733
f 3717/2264/2735 3728/2275/2746 3716/2263/2734
f 3718/2265/2736 3729/2276/2747 3717/2264/2735
f 3719/2267/2738 3730/2277/2748 3718/2265/2736
f 3720/2278/2749 3731/2279/2750 3719/2267/2738
f 3733/2280/2751 3720/2278/2749 3721/2268/2739
f 3734/2281/2752 3721/2268/2739 3722/2269/2740
f 3735/2282/2753 3722/2269/2740 3723/2270/2741
f 3736/2283/2754 3723/2270/2741 3724/2271/2742
f 3737/2284/2755 3724/2271/2742 3725/2272/2743
f 3738/2285/2756 3725/2272/2743 3726/2273/2744
f 3728/2275/2746 3739/2286/2757 3727/2274/2745
f 3729/2276/2747 3740/2287/2758 3728/2275/2746
f 3730/2277/2748 3741/2288/2759 3729/2276/2747
f 3731/2279/2750 3742/2289/2760 3730/2277/2748
f 3732/2290/2761 3743/2291/2762 3731/2279/2750
f 3745/2292/2763 3732/2290/2761 3733/2280/2751
f 3746/2293/2764 3733/2280/2751 3734/2281/2752
f 3747/2294/2765 3734/2281/2752 3735/2282/2753
f 3748/2295/2766 3735/2282/2753 3736/2283/2754
f 3749/2296/2767 3736/2283/2754 3737/2284/2755
f 3750/2297/2768 3737/2284/2755 3738/2285/2756
f 3740/2287/2758 3751/2298/2769 3739/2286/2757
f 3741/2288/2759 3752/2299/2770 3740/2287/2758
f 3742/2289/2760 3753/2300/2771 3741/2288/2759
f 3743/2291/2762 3754/2301/2772 3742/2289/2760
f 3744/2302/2773 3755/2303/2774 3743/2291/2762
f 3757/2304/2775 3744/2302/2773 3745/2292/2763
f 3758/2305/2776 3745/2292/2763 3746/2293/2764
f 3759/2306/2777 3746/2293/2764 3747/2294/2765
f 3760/2307/2778 3747/2294/2765 3748/2295/2766
f 3761/2308/2779 3748/2295/2766 3749/2296/2767
f 3762/2309/2780 3749/2296/2767 3750/2297/2768
f 3752/2299/2770 3763/2310/2781 3751/2298/2769
f 3753/2300/2771 3764/2311/2782 3752/2299/2770
f 3754/2301/2772 3765/2312/2783 3753/2300/2771
f 3755/2303/2774 3766/2313/2784 3754/2301/2772
f 3756/2314/2785 3767/2315/2786 3755/2303/2774
f 3769/2316/2787 3756/2314/2785 3757/2304/2775
f 3770/2317/2788 3757/2304/2775 3758/2305/2776
f 3771/2318/2789 3758/2305/2776 3759/2306/2777
f 3772/2319/2790 3759/2306/2777 3760/2307/2778
f 3773/2320/2791 3760/2307/2778 3761/2308/2779
f 3774/2321/2792 3761/2308/2779 3762/2309/2780
f 3776/2322/2793 3763/2310/2781 3764/2311/2782
f 3777/2323/2794 3764/2311/2782 3765/2312/2783
f 3778/2324/2795 3765/2312/2783 3766/2313/2784
f 3779/2325/2796 3766/2313/2784 3767/2315/2786
f 3780/2326/2797 3767/2315/2786 3768/2327/2798
f 3781/2328/2799 3768/2327/2798 3769/2316/2787
f 3770/2317/2788 3781/2328/2799 3769/2316/2787
f 3771/2318/2789 3782/2329/2800 3770/2317/2788
f 3772/2319/2790 3783/2330/2801 3771/2318/2789
f 3773/2320/2791 3784/2331/2802 3772/2319/2790
f 3774/2321/2792 3785/2332/2803 3773/2320/2791
f 3788/2333/2804 3775/2334/2805 3776/2322/2793
f 3789/2335/2806 3776/2322/2793 3777/2323/2794
f 3790/2336/2807 3777/2323/2794 3778/2324/2795
f 3791/2337/2808 3778/2324/2795 3779/2325/2796
f 3792/2338/2809 3779/2325/2796 3780/2326/2797
f 3781/2328/2799 3792/2338/2809 3780/2326/2797
f 3782/2329/2800 3793/2339/2810 3781/2328/2799
f 3783/2330/2801 3794/2340/2811 3782/2329/2800
f 3784/2331/2802 3795/2341/2812 3783/2330/2801
f 3785/2332/2803 3796/2342/2813 3784/2331/2802
f 3786/2343/2814 3797/2344/2815 3785/2332/2803
f 3788/2333/2804 3799/2345/2816 3787/2346/2817
f 3789/2335/2806 3800/2347/2818 3788/2333/2804
f 3790/2336/2807 3801/2348/2819 3789/2335/2806
f 3791/2337/2808 3802/2349/2820 3790/2336/2807
f 3792/2338/2809 3803/2350/2821 3791/2337/2808
f 3805/2351/2822 3792/2338/2809 3793/2339/2810
f 3806/2352/2823 3793/2339/2810 3794/2340/2811
f 3807/2353/2824 3794/2340/2811 3795/2341/2812
f 3808/2354/2825 3795/2341/2812 3796/2342/2813
f 3809/2355/2826 3796/2342/2813 3797/2344/2815
f 3810/2356/2827 3797/2344/2815 3798/2357/2828
f 3800/2347/2818 3811/2358/2829 3799/2345/2816
f 3801/2348/2819 3812/2359/2830 3800/2347/2818
f 3802/2349/2820 3813/2360/2831 3801/2348/2819
f 3803/2350/2821 3814/2361/2832 3802/2349/2820
f 3804/2362/2833 3815/2363/2834 3803/2350/2821
f 3817/2364/2835 3804/2362/2833 3805/2351/2822
f 3818/2365/2836 3805/2351/2822 3806/2352/2823
f 3819/2366/2837 3806/2352/2823 3807/2353/2824
f 3820/2367/2838 3807/2353/2824 3808/2354/2825
f 3821/2368/2839 3808/2354/2825 3809/2355/2826
f 3822/2369/2840 3809/2355/2826 3810/2356/2827
f 3812/2359/2830 3823/2370/2841 3811/2358/2829
f 3813/2360/2831 3824/2371/2842 3812/2359/2830
f 3814/2361/2832 3825/2372/2843 3813/2360/2831
f 3815/2363/2834 3826/2373/2844 3814/2361/2832
f 3816/2374/2845 3827/2375/2846 3815/2363/2834
f 3829/2376/2847 3816/2374/2845 3817/2364/2835
f 3830/2377/2848 3817/2364/2835 3818/2365/2836
f 3831/2378/2849 3818/2365/2836 3819/2366/2837
f 3832/2379/2850 3819/2366/2837 3820/2367/2838
f 3833/2380/2851 3820/2367/2838 3821/2368/2839
f 3834/2381/2852 3821/2368/2839 3822/2369/2840
f 3824/2371/2842 3835/2382/2853 3823/2370/2841
f 3825/2372/2843 3836/2383/2854 3824/2371/2842
f 3826/2373/2844 3837/2384/2855 3825/2372/2843
f 3827/2375/2846 3838/2385/2856 3826/2373/2844
f 3828/2386/2857 3839/2387/2858 3827/2375/2846
f 3841/2388/2859 3828/2386/2857 3829/2376/2847
f 3842/2389/2860 3829/2376/2847 3830/2377/2848
f 3843/2390/2861 3830/2377/2848 3831/2378/2849
f 3844/2391/2862 3831/2378/2849 3832/2379/2850
f 3845/2392/2863 3832/2379/2850 3833/2380/2851
f 3846/2393/2864 3833/2380/2851 3834/2381/2852
f 3836/2383/2854 3847/2394/2865 3835/2382/2853
f 3837/2384/2855 3848/2395/2866 3836/2383/2854
f 3838/2385/2856 3849/2396/2867 3837/2384/2855
f 3839/2387/2858 3850/2397/2868 3838/2385/2856
f 3840/2398/2869 3851/2399/2870 3839/2387/2858
f 3853/2400/2871 3840/2398/2869 3841/2388/2859
f 3854/2401/2872 3841/2388/2859 3842/2389/2860
f 3855/2402/2873 3842/2389/2860 3843/2390/2861
f 3856/2403/2874 3843/2390/2861 3844/2391/2862
f 3857/2404/2875 3844/2391/2862 3845/2392/2863
f 3858/2405/2876 3845/2392/2863 3846/2393/2864
f 3848/2395/2866 3859/2406/2877 3847/2394/2865
f 3849/2396/2867 3860/2407/2878 3848/2395/2866
f 3850/2397/2868 3861/2408/2879 3849/2396/2867
f 3851/2399/2870 3862/2409/2880 3850/2397/2868
f 3852/2410/2881 3863/2411/2882 3851/2399/2870
f 3865/2412/2883 3852/2410/2881 3853/2400/2871
f 3866/2413/2884 3853/2400/2871 3854/2401/2872
f 3867/2414/2885 3854/2401/2872 3855/2402/2873
f 3868/2415/2886 3855/2402/2873 3856/2403/2874
f 3869/2416/2887 3856/2403/2874 3857/2404/2875
f 3870/2417/2888 3857/2404/2875 3858/2405/2876
f 3860/2407/2878 3871/2418/2889 3859/2406/2877
f 3861/2408/2879 3872/2419/2890 3860/2407/2878
f 3862/2409/2880 3873/2420/2891 3861/2408/2879
f 3863/2411/2882 3874/2421/2892 3862/2409/2880
f 3864/2422/2893 3875/2423/2894 3863/2411/2882
f 3877/2424/2895 3864/2422/2893 3865/2412/2883
f 3878/2425/2896 3865/2412/2883 3866/2413/2884
f 3879/2426/2897 3866/2413/2884 3867/2414/2885
f 3880/2427/2898 3867/2414/2885 3868/2415/2886
f 3881/2428/2899 3868/2415/2886 3869/2416/2887
f 3882/2429/2900 3869/2416/2887 3870/2417/2888
f 3872/2419/2890 3883/2430/2901 3871/2418/2889
f 3873/2420/2891 3884/2431/2902 3872/2419/2890
f 3874/2421/2892 3885/2432/2903 3873/2420/2891
f 3875/2423/2894 3886/2433/2904 3874/2421/2892
f 3876/2434/2905 3887/2435/2906 3875/2423/2894
f 3889/2436/2907 3876/2434/2905 3877/2424/2895
f 3890/2437/2908 3877/2424/2895 3878/2425/2896
f 3891/2438/2909 3878/2425/2896 3879/2426/2897
f 3892/2439/2910 3879/2426/2897 3880/2427/2898
f 3893/2440/2911 3880/2427/2898 3881/2428/2899
f 3894/2441/2912 3881/2428/2899 3882/2429/2900
f 3884/2431/2902 3895/2442/2913 3883/2430/2901
f 3885/2432/2903 3896/2443/2914 3884/2431/2902
f 3886/2433/2904 3897/2444/2915 3885/2432/2903
f 3887/2435/2906 3898/2445/2916 3886/2433/2904
f 3888/2446/2917 3899/2447/2918 3887/2435/2906
f 3901/2448/2919 3888/2446/2917 3889/2436/2907
f 3902/2449/2920 3889/2436/2907 3890/2437/2908
f 3903/2450/2921 3890/2437/2908 3891/2438/2909
f 3904/2451/2922 3891/2438/2909 3892/2439/2910
f 3905/2452/2923 3892/2439/2910 3893/2440/2911
f 3906/2453/2924 3893/2440/2911 3894/2441/2912
f 3896/2443/2914 3907/2454/2925 3895/2442/2913
f 3897/2444/2915 3908/2455/2926 3896/2443/2914
f 3898/2445/2916 3909/2456/2927 3897/2444/2915
f 3899/2447/2918 3910/2457/2928 3898/2445/2916
f 3900/2458/2929 3911/2459/2930 3899/2447/2918
f 3913/2460/2931 3900/2458/2929 3901/2448/2919
f 3914/2461/2932 3901/2448/2919 3902/2449/2920
f 3915/2462/2933 3902/2449/2920 3903/2450/2921
f 3916/2463/2934 3903/2450/2921 3904/2451/2922
f 3917/2464/2935 3904/2451/2922 3905/2452/2923
f 3918/2465/2936 3905/2452/2923 3906/2453/2924
f 3908/2455/2926 3919/2466/2937 3907/2454/2925
f 3909/2456/2927 3920/2467/2938 3908/2455/2926
f 3910/2457/2928 3921/2468/2939 3909/2456/2927
f 3911/2459/2930 3922/2469/2940 3910/2457/2928
f 3912/2470/2941 3923/2471/2942 3911/2459/2930
f 3925/2472/2943 3912/2470/2941 3913/2460/2931
f 3926/2473/2944 3913/2460/2931 3914/2461/2932
f 3927/2474/2945 3914/2461/2932 3915/2462/2933
f 3928/2475/2946 3915/2462/2933 3916/2463/2934
f 3929/2476/2947 3916/2463/2934 3917/2464/2935
f 3930/2477/2948 3917/2464/2935 3918/2465/2936
f 3932/2478/2949 3919/2466/2937 3920/2467/2938
f 3933/2479/2950 3920/2467/2938 3921/2468/2939
f 3934/2480/2951 3921/2468/2939 3922/2469/2940
f 3935/2481/2952 3922/2469/2940 3923/2471/2942
f 3936/2482/2953 3923/2471/2942 3924/2483/2954
f 3937/2484/2955 3924/2483/2954 3925/2472/2943
f 3926/2473/2944 3937/2484/2955 3925/2472/2943
f 3927/2474/2945 3938/2485/2956 3926/2473/2944
f 3928/2475/2946 3939/2486/2957 3927/2474/2945
f 3929/2476/2947 3940/2487/2958 3928/2475/2946
f 3930/2477/2948 3941/2488/2959 3929/2476/2947
f 3932/2478/2949 3943/128/2960 3931/2489/2961
f 3933/2479/2950 3944/931/2962 3932/2478/2949
f 3934/2480/2951 3945/933/2963 3933/2479/2950
f 3935/2481/2952 3946/934/2964 3934/2480/2951
f 3936/2482/2953 3947/935/2965 3935/2481/2952
f 3949/937/2966 3936/2482/2953 3937/2484/2955
f 3950/938/2967 3937/2484/2955 3938/2485/2956
f 3951/939/2968 3938/2485/2956 3939/2486/2957
f 3952/940/2969 3939/2486/2957 3940/2487/2958
f 3953/942/2970 3940/2487/2958 3941/2488/2959
f 3954/952/2971 3941/2488/2959 3942/2490/2972
f 3956/2491/2973 3943/128/2960 3944/931/2962
f 3957/2492/2974 3944/931/2962 3945/933/2963
f 3958/2493/2975 3945/933/2963 3946/934/2964
f 3959/2494/2976 3946/934/2964 3947/935/2965
f 3960/2495/2977 3947/935/2965 3948/936/2978
f 3961/2496/2979 3948/936/2978 3949/937/2966
f 3950/938/2967 3961/2496/2979 3949/937/2966
f 3951/939/2968 3962/2497/2980 3950/938/2967
f 3952/940/2969 3963/2498/2981 3951/939/2968
f 3953/942/2970 3964/2499/2982 3952/940/2969
f 3954/952/2971 3965/2500/2983 3953/942/2970
f 3968/2501/2984 3955/2502/2985 3956/2491/2973
f 3969/2503/2986 3956/2491/2973 3957/2492/2974
f 3970/2504/2987 3957/2492/2974 3958/2493/2975
f 3971/2505/2988 3958/2493/2975 3959/2494/2976
f 3972/2506/2989 3959/2494/2976 3960/2495/2977
f 3973/2507/2990 3960/2495/2977 3961/2496/2979
f 3962/2497/2980 3973/2507/2990 3961/2496/2979
f 3963/2498/2981 3974/2508/2991 3962/2497/2980
f 3964/2499/2982 3975/2509/2992 3963/2498/2981
f 3965/2500/2983 3976/2510/2993 3964/2499/2982
f 3966/2511/2994 3977/2512/2995 3965/2500/2983
f 3980/2513/2996 3967/2514/2997 3968/2501/2984
f 3981/2515/2998 3968/2501/2984 3969/2503/2986
f 3982/2516/2999 3969/2503/2986 3970/2504/2987
f 3983/2517/3000 3970/2504/2987 3971/2505/2988
f 3984/2518/3001 3971/2505/2988 3972/2506/2989
f 3985/2519/3002 3972/2506/2989 3973/2507/2990
f 3974/2508/2991 3985/2519/3002 3973/2507/2990
f 3975/2509/2992 3986/2520/3003 3974/2508/2991
f 3976/2510/2993 3987/2521/3004 3975/2509/2992
f 3977/2512/2995 3988/2522/3005 3976/2510/2993
f 3978/2523/3006 3989/2524/3007 3977/2512/2995
f 3992/2525/3008 3979/2526/3009 3980/2513/2996
f 3993/2527/3010 3980/2513/2996 3981/2515/2998
f 3994/2528/3011 3981/2515/2998 3982/2516/2999
f 3995/2529/3012 3982/2516/2999 3983/2517/3000
f 3996/2530/3013 3983/2517/3000 3984/2518/3001
f 3997/2531/3014 3984/2518/3001 3985/2519/3002
f 3986/2520/3003 3997/2531/3014 3985/2519/3002
f 3987/2521/3004 3998/2532/3015 3986/2520/3003
f 3988/2522/3005 3999/2533/3016 3987/2521/3004
f 3989/2524/3007 4000/2534/3017 3988/2522/3005
f 3990/2535/3018 4001/2536/3019 3989/2524/3007
f 4004/2537/3020 3991/2538/3021 3992/2525/3008
f 4005/2539/3022 3992/2525/3008 3993/2527/3010
f 4006/2540/3023 3993/2527/3010 3994/2528/3011
f 4007/2541/3024 3994/2528/3011 3995/2529/3012
f 4008/2542/3025 3995/2529/3012 3996/2530/3013
f 4009/2543/3026 3996/2530/3013 3997/2531/3014
f 3998/2532/3015 4009/2543/3026 3997/2531/3014
f 3999/2533/3016 4010/2544/3027 3998/2532/3015
f 4000/2534/3017 4011/2545/3028 3999/2533/3016
f 4001/2536/3019 4012/2546/3029 4000/2534/3017
f 4002/2547/3030 4013/2548/3031 4001/2536/3019
f 4016/2549/3032 4003/2550/3033 4004/2537/3020
f 4017/2551/3034 4004/2537/3020 4005/2539/3022
f 4018/2552/3035 4005/2539/3022 4006/2540/3023
f 4019/2553/3036 4006/2540/3023 4007/2541/3024
f 4020/2554/3037 4007/2541/3024 4008/2542/3025
f 4021/2555/3038 4008/2542/3025 4009/2543/3026
f 4010/2544/3027 4021/2555/3038 4009/2543/3026
f 4011/2545/3028 4022/2556/3039 4010/2544/3027
f 4012/2546/3029 4023/2557/3040 4011/2545/3028
f 4013/2548/3031 4024/2558/3041 4012/2546/3029
f 4014/2559/3042 4025/2560/3043 4013/2548/3031
f 4028/2561/3044 4015/2562/3045 4016/2549/3032
f 4029/2563/3046 4016/2549/3032 4017/2551/3034
f 4030/2564/3047 4017/2551/3034 4018/2552/3035
f 4031/2565/3048 4018/2552/3035 4019/2553/3036
f 4032/2566/3049 4019/2553/3036 4020/2554/3037
f 4033/2567/3050 4020/2554/3037 4021/2555/3038
f 4022/2556/3039 4033/2567/3050 4021/2555/3038
f 4023/2557/3040 4034/2568/3051 4022/2556/3039
f 4024/2558/3041 4035/2569/3052 4023/2557/3040
f 4025/2560/3043 4036/2570/3053 4024/2558/3041
f 4026/2571/3054 4037/2572/3055 4025/2560/3043
f 4040/2573/3056 4027/2574/3057 4028/2561/3044
f 4041/2575/3058 4028/2561/3044 4029/2563/3046
f 4042/2576/3059 4029/2563/3046 4030/2564/3047
f 4043/2577/3060 4030/2564/3047 4031/2565/3048
f 4044/2578/3061 4031/2565/3048 4032/2566/3049
f 4045/2579/3062 4032/2566/3049 4033/2567/3050
f 4034/2568/3051 4045/2579/3062 4033/2567/3050
f 4035/2569/3052 4046/2580/3063 4034/2568/3051
f 4036/2570/3053 4047/2581/3064 4035/2569/3052
f 4037/2572/3055 4048/2582/3065 4036/2570/3053
f 4038/2583/3066 4049/2584/3067 4037/2572/3055
f 4052/2585/3068 4039/2586/3069 4040/2573/3056
f 4053/2587/3070 4040/2573/3056 4041/2575/3058
f 4054/2588/3071 4041/2575/3058 4042/2576/3059
f 4055/2589/3072 4042/2576/3059 4043/2577/3060
f 4056/2590/3073 4043/2577/3060 4044/2578/3061
f 4057/2591/3074 4044/2578/3061 4045/2579/3062
f 4046/2580/3063 4057/2591/3074 4045/2579/3062
f 4047/2581/3064 4058/2592/3075 4046/2580/3063
f 4048/2582/3065 4059/2593/3076 4047/2581/3064
f 4049/2584/3067 4060/2594/3077 4048/2582/3065
f 4050/2595/3078 4061/2596/3079 4049/2584/3067
f 4064/2597/3080 4051/2598/3081 4052/2585/3068
f 4065/2599/3082 4052/2585/3068 4053/2587/3070
f 4066/2600/3083 4053/2587/3070 4054/2588/3071
f 4067/2601/3084 4054/2588/3071 4055/2589/3072
f 4068/2602/3085 4055/2589/3072 4056/2590/3073
f 4069/2603/3086 4056/2590/3073 4057/2591/3074
f 4058/2592/3075 4069/2603/3086 4057/2591/3074
f 4059/2593/3076 4070/2604/3087 4058/2592/3075
f 4060/2594/3077 4071/2605/3088 4059/2593/3076
f 4061/2596/3079 4072/2606/3089 4060/2594/3077
f 4062/2607/3090 4073/2608/3091 4061/2596/3079
f 4076/2609/3092 4063/2610/3093 4064/2597/3080
f 4077/2611/3094 4064/2597/3080 4065/2599/3082
f 4078/2612/3095 4065/2599/3082 4066/2600/3083
f 4079/2613/3096 4066/2600/3083 4067/2601/3084
f 4080/2614/3097 4067/2601/3084 4068/2602/3085
f 4081/2615/3098 4068/2602/3085 4069/2603/3086
f 4070/2604/3087 4081/2615/3098 4069/2603/3086
f 4071/2605/3088 4082/2616/3099 4070/2604/3087
f 4072/2606/3089 4083/2617/3100 4071/2605/3088
f 4073/2608/3091 4084/2618/3101 4072/2606/3089
f 4074/2619/3102 4085/2620/3103 4073/2608/3091
f 4076/2609/3092 4087/2621/3104 4075/2622/3105
f 4077/2611/3094 4088/2623/3106 4076/2609/3092
f 4078/2612/3095 4089/2624/3107 4077/2611/3094
f 4079/2613/3096 4090/2625/3108 4078/2612/3095
f 4080/2614/3097 4091/2626/3109 4079/2613/3096
f 4093/2627/3110 4080/2614/3097 4081/2615/3098
f 4094/2628/3111 4081/2615/3098 4082/2616/3099
f 4095/2629/3112 4082/2616/3099 4083/2617/3100
f 4096/2630/3113 4083/2617/3100 4084/2618/3101
f 4097/2631/3114 4084/2618/3101 4085/2620/3103
f 4098/2632/3115 4085/2620/3103 4086/2633/3116
f 4088/2623/3106 4099/2634/3117 4087/2621/3104
f 4089/2624/3107 4100/2635/3118 4088/2623/3106
f 4090/2625/3108 4101/2636/3119 4089/2624/3107
f 4091/2626/3109 4102/2637/3120 4090/2625/3108
f 4092/2638/3121 4103/2639/3122 4091/2626/3109
f 4105/2640/3123 4092/2638/3121 4093/2627/3110
f 4106/2641/3124 4093/2627/3110 4094/2628/3111
f 4107/2642/3125 4094/2628/3111 4095/2629/3112
f 4108/2643/3126 4095/2629/3112 4096/2630/3113
f 4109/2644/3127 4096/2630/3113 4097/2631/3114
f 4110/2645/3128 4097/2631/3114 4098/2632/3115
f 4112/2646/3129 4099/2634/3117 4100/2635/3118
f 4113/2647/3130 4100/2635/3118 4101/2636/3119
f 4114/2648/3131 4101/2636/3119 4102/2637/3120
f 4115/2649/3132 4102/2637/3120 4103/2639/3122
f 4116/2650/3133 4103/2639/3122 4104/2651/3134
f 4117/2652/3135 4104/2651/3134 4105/2640/3123
f 4106/2641/3124 4117/2652/3135 4105/2640/3123
f 4107/2642/3125 4118/2653/3136 4106/2641/3124
f 4108/2643/3126 4119/2654/3137 4107/2642/3125
f 4109/2644/3127 4120/2655/3138 4108/2643/3126
f 4110/2645/3128 4121/2656/3139 4109/2644/3127
f 4124/2657/3140 4111/2658/3141 4112/2646/3129
f 4125/2659/3142 4112/2646/3129 4113/2647/3130
f 4126/2660/3143 4113/2647/3130 4114/2648/3131
f 4127/2661/3144 4114/2648/3131 4115/2649/3132
f 4128/2662/3145 4115/2649/3132 4116/2650/3133
f 4129/2663/3146 4116/2650/3133 4117/2652/3135
f 4118/2653/3136 4129/2663/3146 4117/2652/3135
f 4119/2654/3137 4130/2664/3147 4118/2653/3136
f 4120/2655/3138 4131/2665/3148 4119/2654/3137
f 4121/2656/3139 4132/2666/3149 4120/2655/3138
f 4122/2667/3150 4133/2668/3151 4121/2656/3139
f 4136/2669/3152 4123/2670/3153 4124/2657/3140
f 4137/2671/3154 4124/2657/3140 4125/2659/3142
f 4138/2672/3155 4125/2659/3142 4126/2660/3143
f 4139/2673/3156 4126/2660/3143 4127/2661/3144
f 4140/2674/3157 4127/2661/3144 4128/2662/3145
f 4141/2675/3158 4128/2662/3145 4129/2663/3146
f 4130/2664/3147 4141/2675/3158 4129/2663/3146
f 4131/2665/3148 4142/2676/3159 4130/2664/3147
f 4132/2666/3149 4143/2677/3160 4131/2665/3148
f 4133/2668/3151 4144/2678/3161 4132/2666/3149
f 4134/2679/3162 4145/2680/3163 4133/2668/3151
f 4148/2681/3164 4135/2682/3165 4136/2669/3152
f 4149/2683/3166 4136/2669/3152 4137/2671/3154
f 4150/2684/3167 4137/2671/3154 4138/2672/3155
f 4151/2685/3168 4138/2672/3155 4139/2673/3156
f 4152/2686/3169 4139/2673/3156 4140/2674/3157
f 4153/2687/3170 4140/2674/3157 4141/2675/3158
f 4142/2676/3159 4153/2687/3170 4141/2675/3158
f 4143/2677/3160 4154/2688/3171 4142/2676/3159
f 4144/2678/3161 4155/2689/3172 4143/2677/3160
f 4145/2680/3163 4156/2690/3173 4144/2678/3161
f 4146/2691/3174 4157/2692/3175 4145/2680/3163
f 4160/2693/3176 4147/2694/3177 4148/2681/3164
f 4161/2695/3178 4148/2681/3164 4149/2683/3166
f 4162/2696/3179 4149/2683/3166 4150/2684/3167
f 4163/2697/3180 4150/2684/3167 4151/2685/3168
f 4164/2698/3181 4151/2685/3168 4152/2686/3169
f 4165/2699/3182 4152/2686/3169 4153/2687/3170
f 4154/2688/3171 4165/2699/3182 4153/2687/3170
f 4155/2689/3172 4166/2700/3183 4154/2688/3171
f 4156/2690/3173 4167/2701/3184 4155/2689/3172
f 4157/2692/3175 4168/2702/3185 4156/2690/3173
f 4158/2703/3186 4169/2704/3187 4157/2692/3175
f 4172/2705/3188 4159/2706/3189 4160/2693/3176
f 4173/2707/3190 4160/2693/3176 4161/2695/3178
f 4174/2708/3191 4161/2695/3178 4162/2696/3179
f 4175/2709/3192 4162/2696/3179 4163/2697/3180
f 4176/2710/3193 4163/2697/3180 4164/2698/3181
f 4177/2711/3194 4164/2698/3181 4165/2699/3182
f 4166/2700/3183 4177/2711/3194 4165/2699/3182
f 4167/2701/3184 4178/2712/3195 4166/2700/3183
f 4168/2702/3185 4179/2713/3196 4167/2701/3184
f 4169/2704/3187 4180/2714/3197 4168/2702/3185
f 4170/2715/3198 4181/2716/3199 4169/2704/3187
f 4184/2717/3200 4171/2718/3201 4172/2705/3188
f 4185/2719/3202 4172/2705/3188 4173/2707/3190
f 4186/2720/3203 4173/2707/3190 4174/2708/3191
f 4187/2721/3204 4174/2708/3191 4175/2709/3192
f 4188/2722/3205 4175/2709/3192 4176/2710/3193
f 4189/2723/3206 4176/2710/3193 4177/2711/3194
f 4178/2712/3195 4189/2723/3206 4177/2711/3194
f 4179/2713/3196 4190/2724/3207 4178/2712/3195
f 4180/2714/3197 4191/2725/3208 4179/2713/3196
f 4181/2716/3199 4192/2726/3209 4180/2714/3197
f 4182/2727/3210 4193/2728/3211 4181/2716/3199
f 4196/2729/3212 4183/2730/3213 4184/2717/3200
f 4197/2731/3214 4184/2717/3200 4185/2719/3202
f 4198/2732/3215 4185/2719/3202 4186/2720/3203
f 4199/2733/3216 4186/2720/3203 4187/2721/3204
f 4200/2734/3217 4187/2721/3204 4188/2722/3205
f 4201/2735/3218 4188/2722/3205 4189/2723/3206
f 4190/2724/3207 4201/2735/3218 4189/2723/3206
f 4191/2725/3208 4202/2736/3219 4190/2724/3207
f 4192/2726/3209 4203/2737/3220 4191/2725/3208
f 4193/2728/3211 4204/2738/3221 4192/2726/3209
f 4194/2739/3222 4205/2740/3223 4193/2728/3211
f 4208/2741/3224 4195/2742/3225 4196/2729/3212
f 4209/2743/3226 4196/2729/3212 4197/2731/3214
f 4210/2744/3227 4197/2731/3214 4198/2732/3215
f 4211/2745/3228 4198/2732/3215 4199/2733/3216
f 4212/2746/3229 4199/2733/3216 4200/2734/3217
f 4213/2747/3230 4200/2734/3217 4201/2735/3218
f 4202/2736/3219 4213/2747/3230 4201/2735/3218
f 4203/2737/3220 4214/2748/3231 4202/2736/3219
f 4204/2738/3221 4215/2749/3232 4203/2737/3220
f 4205/2740/3223 4216/2750/3233 4204/2738/3221
f 4206/2751/3234 4217/2752/3235 4205/2740/3223
f 4220/2753/3236 4207/2754/3237 4208/2741/3224
f 4221/2755/3238 4208/2741/3224 4209/2743/3226
f 4222/2756/3239 4209/2743/3226 4210/2744/3227
f 4223/2757/3240 4210/2744/3227 4211/2745/3228
f 4224/2758/3241 4211/2745/3228 4212/2746/3229
f 4225/2759/3242 4212/2746/3229 4213/2747/3230
f 4214/2748/3231 4225/2759/3242 4213/2747/3230
f 4215/2749/3232 4226/2760/3243 4214/2748/3231
f 4216/2750/3233 4227/2761/3244 4215/2749/3232
f 4217/2752/3235 4228/2762/3245 4216/2750/3233
f 4218/2763/3246 4229/2764/3247 4217/2752/3235
f 4220/2753/3236 4231/2765/3248 4219/2766/3249
f 4221/2755/3238 4232/2767/3250 4220/2753/3236
f 4222/2756/3239 4233/2768/3251 4221/2755/3238
f 4223/2757/3240 4234/2769/3252 4222/2756/3239
f 4224/2758/3241 4235/2770/3253 4223/2757/3240
f 4237/2771/3254 4224/2758/3241 4225/2759/3242
f 4238/2772/3255 4225/2759/3242 4226/2760/3243
f 4239/2773/3256 4226/2760/3243 4227/2761/3244
f 4240/2774/3257 4227/2761/3244 4228/2762/3245
f 4241/2775/3258 4228/2762/3245 4229/2764/3247
f 4242/2776/3259 4229/2764/3247 4230/2777/3260
f 4232/2767/3250 4243/2778/3261 4231/2765/3248
f 4233/2768/3251 4244/2779/3262 4232/2767/3250
f 4234/2769/3252 4245/2780/3263 4233/2768/3251
f 4235/2770/3253 4246/2781/3264 4234/2769/3252
f 4236/2782/3265 4247/2783/3266 4235/2770/3253
f 4249/2784/3267 4236/2782/3265 4237/2771/3254
f 4250/2785/3268 4237/2771/3254 4238/2772/3255
f 4251/2786/3269 4238/2772/3255 4239/2773/3256
f 4252/2787/3270 4239/2773/3256 4240/2774/3257
f 4253/2788/3271 4240/2774/3257 4241/2775/3258
f 4254/2789/3272 4241/2775/3258 4242/2776/3259
f 4244/2779/3262 4255/2790/3273 4243/2778/3261
f 4245/2780/3263 4256/2791/3274 4244/2779/3262
f 4246/2781/3264 4257/2792/3275 4245/2780/3263
f 4247/2783/3266 4258/2793/3276 4246/2781/3264
f 4248/2794/3277 4259/2795/3278 4247/2783/3266
f 4261/2796/3279 4248/2794/3277 4249/2784/3267
f 4262/2797/3280 4249/2784/3267 4250/2785/3268
f 4263/2798/3281 4250/2785/3268 4251/2786/3269
f 4264/2799/3282 4251/2786/3269 4252/2787/3270
f 4265/2800/3283 4252/2787/3270 4253/2788/3271
f 4266/2801/3284 4253/2788/3271 4254/2789/3272
f 4256/2791/3274 4267/2802/3285 4255/2790/3273
f 4257/2792/3275 4268/2803/3286 4256/2791/3274
f 4258/2793/3276 4269/2804/3287 4257/2792/3275
f 4259/2795/3278 4270/2805/3288 4258/2793/3276
f 4260/2806/3289 4271/2807/3290 4259/2795/3278
f 4273/2808/3291 4260/2806/3289 4261/2796/3279
f 4274/2809/3292 4261/2796/3279 4262/2797/3280
f 4275/2810/3293 4262/2797/3280 4263/2798/3281
f 4276/2811/3294 4263/2798/3281 4264/2799/3282
f 4277/2812/3295 4264/2799/3282 4265/2800/3283
f 4278/2813/3296 4265/2800/3283 4266/2801/3284
f 4268/2803/3286 4279/2814/3297 4267/2802/3285
f 4269/2804/3287 4280/2815/3298 4268/2803/3286
f 4270/2805/3288 4281/2816/3299 4269/2804/3287
f 4271/2807/3290 4282/2817/3300 4270/2805/3288
f 4272/2818/3301 4283/2819/3302 4271/2807/3290
f 4285/2820/3303 4272/2818/3301 4273/2808/3291
f 4286/2821/3304 4273/2808/3291 4274/2809/3292
f 4287/2822/3305 4274/2809/3292 4275/2810/3293
f 4288/2823/3306 4275/2810/3293 4276/2811/3294
f 4289/2824/3307 4276/2811/3294 4277/2812/3295
f 4290/2825/3308 4277/2812/3295 4278/2813/3296
f 4280/2815/3298 4291/2826/3309 4279/2814/3297
f 4281/2816/3299 4292/2827/3310 4280/2815/3298
f 4282/2817/3300 4293/2828/3311 4281/2816/3299
f 4283/2819/3302 4294/2829/3312 4282/2817/3300
f 4284/2830/3313 4295/2831/3314 4283/2819/3302
f 4297/2832/3315 4284/2830/3313 4285/2820/3303
f 4298/2833/3316 4285/2820/3303 4286/2821/3304
f 4299/2834/3317 4286/2821/3304 4287/2822/3305
f 4300/2835/3318 4287/2822/3305 4288/2823/3306
f 4301/2836/3319 4288/2823/3306 4289/2824/3307
f 4302/2837/3320 4289/2824/3307 4290/2825/3308
f 4292/2827/3310 4303/2838/3321 4291/2826/3309
f 4293/2828/3311 4304/2839/3322 4292/2827/3310
f 4294/2829/3312 4305/2840/3323 4293/2828/3311
f 4295/2831/3314 4306/2841/3324 4294/2829/3312
f 4296/2842/3325 4307/2843/3326 4295/2831/3314
f 4309/2844/3327 4296/2842/3325 4297/2832/3315
f 4310/2845/3328 4297/2832/3315 4298/2833/3316
f 4311/2846/3329 4298/2833/3316 4299/2834/3317
f 4312/2847/3330 4299/2834/3317 4300/2835/3318
f 4313/2848/3331 4300/2835/3318 4301/2836/3319
f 4314/2849/3332 4301/2836/3319 4302/2837/3320
f 4304/2839/3322 4315/2850/3333 4303/2838/3321
f 4305/2840/3323 4316/2851/3334 4304/2839/3322
f 4306/2841/3324 4317/2852/3335 4305/2840/3323
f 4307/2843/3326 4318/2853/3336 4306/2841/3324
f 4308/2854/3337 4319/2855/3338 4307/2843/3326
f 4321/2856/3339 4308/2854/3337 4309/2844/3327
f 4322/2857/3340 4309/2844/3327 4310/2845/3328
f 4323/2858/3341 4310/2845/3328 4311/2846/3329
f 4324/2859/3342 4311/2846/3329 4312/2847/3330
f 4325/2860/3343 4312/2847/3330 4313/2848/3331
f 4326/2861/3344 4313/2848/3331 4314/2849/3332
f 4316/2851/3334 4327/2862/3345 4315/2850/3333
f 4317/2852/3335 4328/2863/3346 4316/2851/3334
f 4318/2853/3336 4329/2864/3347 4317/2852/3335
f 4319/2855/3338 4330/2865/3348 4318/2853/3336
f 4320/2866/3349 4331/2867/3350 4319/2855/3338
f 4333/2868/3351 4320/2866/3349 4321/2856/3339
f 4334/2869/3352 4321/2856/3339 4322/2857/3340
f 4335/2870/3353 4322/2857/3340 4323/2858/3341
f 4336/2871/3354 4323/2858/3341 4324/2859/3342
f 4337/2872/3355 4324/2859/3342 4325/2860/3343
f 4338/2873/3356 4325/2860/3343 4326/2861/3344
f 4328/2863/3346 4339/2874/3357 4327/2862/3345
f 4329/2864/3347 4340/2875/3358 4328/2863/3346
f 4330/2865/3348 4341/2876/3359 4329/2864/3347
f 4331/2867/3350 4342/2877/3360 4330/2865/3348
f 4332/2878/3361 4343/2879/3362 4331/2867/3350
f 4345/2880/3363 4332/2878/3361 4333/2868/3351
f 4346/2881/3364 4333/2868/3351 4334/2869/3352
f 4347/2882/3365 4334/2869/3352 4335/2870/3353
f 4348/2883/3366 4335/2870/3353 4336/2871/3354
f 4349/2884/3367 4336/2871/3354 4337/2872/3355
f 4350/2885/3368 4337/2872/3355 4338/2873/3356
f 4340/2875/3358 4351/2886/3369 4339/2874/3357
f 4341/2876/3359 4352/2887/3370 4340/2875/3358
f 4342/2877/3360 4353/2888/3371 4341/2876/3359
f 4343/2879/3362 4354/2889/3372 4342/2877/3360
f 4344/2890/3373 4355/2891/3374 4343/2879/3362
f 4357/2892/3375 4344/2890/3373 4345/2880/3363
f 4358/2893/3376 4345/2880/3363 4346/2881/3364
f 4359/2894/3377 4346/2881/3364 4347/2882/3365
f 4360/2895/3378 4347/2882/3365 4348/2883/3366
f 4361/2896/3379 4348/2883/3366 4349/2884/3367
f 4362/2897/3380 4349/2884/3367 4350/2885/3368
f 4364/2898/3381 4351/2886/3369 4352/2887/3370
f 4365/2899/3382 4352/2887/3370 4353/2888/3371
f 4366/2900/3383 4353/2888/3371 4354/2889/3372
f 4367/2901/3384 4354/2889/3372 4355/2891/3374
f 4368/2902/3385 4355/2891/3374 4356/2903/3386
f 4369/2904/3387 4356/2903/3386 4357/2892/3375
f 4358/2893/3376 4369/2904/3387 4357/2892/3375
f 4359/2894/3377 4370/2905/3388 4358/2893/3376
f 4360/2895/3378 4371/2906/3389 4359/2894/3377
f 4361/2896/3379 4372/2907/3390 4360/2895/3378
f 4362/2897/3380 4373/2908/3391 4361/2896/3379
f 4376/2909/3392 4363/2910/3393 4364/2898/3381
f 4377/2911/3394 4364/2898/3381 4365/2899/3382
f 4378/2912/3395 4365/2899/3382 4366/2900/3383
f 4379/2913/3396 4366/2900/3383 4367/2901/3384
f 4380/2914/3397 4367/2901/3384 4368/2902/3385
f 4381/2915/3398 4368/2902/3385 4369/2904/3387
f 4370/2905/3388 4381/2915/3398 4369/2904/3387
f 4371/2906/3389 4382/2916/3399 4370/2905/3388
f 4372/2907/3390 4383/2917/3400 4371/2906/3389
f 4373/2908/3391 4384/2918/3401 4372/2907/3390
f 4374/2919/3402 4385/2920/3403 4373/2908/3391
f 4376/2909/3392 3499/49/2520 4375/2921/3404
f 4377/2911/3394 3500/1542/2518 4376/2909/3392
f 4378/2912/3395 3501/1544/2521 4377/2911/3394
f 4379/2913/3396 3502/1545/2523 4378/2912/3395
f 4380/2914/3397 3503/1546/2525 4379/2913/3396
f 3505/1548/2530 4380/2914/3397 4381/2915/3398
f 3506/1549/2532 4381/2915/3398 4382/2916/3399
f 3507/1550/2534 4382/2916/3399 4383/2917/3400
f 3508/1551/2536 4383/2917/3400 4384/2918/3401
f 3509/1553/2538 4384/2918/3401 4385/2920/3403
f 3510/2057/2540 4385/2920/3403 4386/2922/3405
f 4400/1555/3406 4387/38/3407 4388/322/3408
f 4401/1556/3409 4388/322/3408 4389/324/3410
f 4402/1557/3411 4389/324/3410 4390/326/3412
f 4403/1558/3413 4390/326/3412 4391/328/3414
f 4404/1559/3415 4391/328/3414 4392/330/3416
f 4405/1571/3417 4392/330/3416 4393/333/3418
f 4394/335/3419 4405/1571/3417 4393/333/3418
f 4395/337/3420 4406/1560/3421 4394/335/3419
f 4396/339/3422 4407/1561/3423 4395/337/3420
f 4397/341/3424 4408/1562/3425 4396/339/3422
f 4398/343/3426 4409/1563/3427 4397/341/3424
f 4412/1566/3428 4399/1554/3429 4400/1555/3406
f 4413/1567/3430 4400/1555/3406 4401/1556/3409
f 4414/1568/3431 4401/1556/3409 4402/1557/3411
f 4415/1569/3432 4402/1557/3411 4403/1558/3413
f 4416/1581/3433 4403/1558/3413 4404/1559/3415
f 4417/1570/3434 4404/1559/3415 4405/1571/3417
f 4406/1560/3421 4417/1570/3434 4405/1571/3417
f 4407/1561/3423 4418/1572/3435 4406/1560/3421
f 4408/1562/3425 4419/1573/3436 4407/1561/3423
f 4409/1563/3427 4420/1574/3437 4408/1562/3425
f 4410/1564/3438 4421/1575/3439 4409/1563/3427
f 4424/1578/3440 4411/1565/3441 4412/1566/3428
f 4425/1579/3442 4412/1566/3428 4413/1567/3430
f 4426/1580/3443 4413/1567/3430 4414/1568/3431
f 4427/1582/3444 4414/1568/3431 4415/1569/3432
f 4428/1593/3445 4415/1569/3432 4416/1581/3433
f 4429/1583/3446 4416/1581/3433 4417/1570/3434
f 4418/1572/3435 4429/1583/3446 4417/1570/3434
f 4419/1573/3436 4430/1584/3447 4418/1572/3435
f 4420/1574/3437 4431/1585/3448 4419/1573/3436
f 4421/1575/3439 4432/1586/3449 4420/1574/3437
f 4422/1576/3450 4433/1587/3451 4421/1575/3439
f 4436/1590/3452 4423/1577/3453 4424/1578/3440
f 4437/1591/3454 4424/1578/3440 4425/1579/3442
f 4438/1592/3455 4425/1579/3442 4426/1580/3443
f 4439/1594/3456 4426/1580/3443 4427/1582/3444
f 4440/1595/3457 4427/1582/3444 4428/1593/3445
f 4441/1607/3458 4428/1593/3445 4429/1583/3446
f 4430/1584/3447 4441/1607/3458 4429/1583/3446
f 4431/1585/3448 4442/1596/3459 4430/1584/3447
f 4432/1586/3449 4443/1597/3460 4431/1585/3448
f 4433/1587/3451 4444/1598/3461 4432/1586/3449
f 4434/1588/3462 4445/1599/3463 4433/1587/3451
f 4448/1601/3464 4435/1589/3465 4436/1590/3452
f 4449/1602/3466 4436/1590/3452 4437/1591/3454
f 4450/1603/3467 4437/1591/3454 4438/1592/3455
f 4451/1604/3468 4438/1592/3455 4439/1594/3456
f 4452/1605/3469 4439/1594/3456 4440/1595/3457
f 4453/1606/3470 4440/1595/3457 4441/1607/3458
f 4442/1596/3459 4453/1606/3470 4441/1607/3458
f 4443/1597/3460 4454/1608/3471 4442/1596/3459
f 4444/1598/3461 4455/1609/3472 4443/1597/3460
f 4445/1599/3463 4456/1610/3473 4444/1598/3461
f 4446/1600/3474 4457/1611/3475 4445/1599/3463
f 4448/1601/3464 4459/1625/3476 4447/1613/3477
f 4449/1602/3466 4460/1612/3478 4448/1601/3464
f 4450/1603/3467 4461/1614/3479 4449/1602/3466
f 4451/1604/3468 4462/1615/3480 4450/1603/3467
f 4452/1605/3469 4463/1616/3481 4451/1604/3468
f 4465/1618/3482 4452/1605/3469 4453/1606/3470
f 4466/1619/3483 4453/1606/3470 4454/1608/3471
f 4467/1620/3484 4454/1608/3471 4455/1609/3472
f 4468/1621/3485 4455/1609/3472 4456/1610/3473
f 4469/1623/3486 4456/1610/3473 4457/1611/3475
f 4470/1634/3487 4457/1611/3475 4458/1622/3488
f 4460/1612/3478 4471/1636/3489 4459/1625/3476
f 4461/1614/3479 4472/1624/3490 4460/1612/3478
f 4462/1615/3480 4473/1626/3491 4461/1614/3479
f 4463/1616/3481 4474/1627/3492 4462/1615/3480
f 4464/1617/3493 4475/1628/3494 4463/1616/3481
f 4477/1630/3495 4464/1617/3493 4465/1618/3482
f 4478/1631/3496 4465/1618/3482 4466/1619/3483
f 4479/1632/3497 4466/1619/3483 4467/1620/3484
f 4480/1633/3498 4467/1620/3484 4468/1621/3485
f 4481/1635/3499 4468/1621/3485 4469/1623/3486
f 4482/1637/3500 4469/1623/3486 4470/1634/3487
f 4472/1624/3490 4483/524/3501 4471/1636/3489
f 4473/1626/3491 4484/525/3502 4472/1624/3490
f 4474/1627/3492 4485/526/3503 4473/1626/3491
f 4475/1628/3494 4486/527/3504 4474/1627/3492
f 4476/1629/3505 4487/529/3506 4475/1628/3494
f 4489/530/3507 4476/1629/3505 4477/1630/3495
f 4490/531/3508 4477/1630/3495 4478/1631/3496
f 4491/532/3509 4478/1631/3496 4479/1632/3497
f 4492/533/3510 4479/1632/3497 4480/1633/3498
f 4493/534/3511 4480/1633/3498 4481/1635/3499
f 4494/535/3512 4481/1635/3499 4482/1637/3500
f 4484/525/3502 4495/1649/3513 4483/524/3501
f 4485/526/3503 4496/1638/3514 4484/525/3502
f 4486/527/3504 4497/1639/3515 4485/526/3503
f 4487/529/3506 4498/1640/3516 4486/527/3504
f 4488/540/3517 4499/1641/3518 4487/529/3506
f 4501/1643/3519 4488/540/3517 4489/530/3507
f 4502/1644/3520 4489/530/3507 4490/531/3508
f 4503/1645/3521 4490/531/3508 4491/532/3509
f 4504/1646/3522 4491/532/3509 4492/533/3510
f 4505/1647/3523 4492/533/3510 4493/534/3511
f 4506/1658/3524 4493/534/3511 4494/535/3512
f 4496/1638/3514 4507/1661/3525 4495/1649/3513
f 4497/1639/3515 4508/1648/3526 4496/1638/3514
f 4498/1640/3516 4509/1650/3527 4497/1639/3515
f 4499/1641/3518 4510/1651/3528 4498/1640/3516
f 4500/1642/3529 4511/1652/3530 4499/1641/3518
f 4513/1654/3531 4500/1642/3529 4501/1643/3519
f 4514/1655/3532 4501/1643/3519 4502/1644/3520
f 4515/1656/3533 4502/1644/3520 4503/1645/3521
f 4516/1657/3534 4503/1645/3521 4504/1646/3522
f 4517/1659/3535 4504/1646/3522 4505/1647/3523
f 4518/1670/3536 4505/1647/3523 4506/1658/3524
f 4508/1648/3526 4519/1673/3537 4507/1661/3525
f 4509/1650/3527 4520/1660/3538 4508/1648/3526
f 4510/1651/3528 4521/1662/3539 4509/1650/3527
f 4511/1652/3530 4522/1663/3540 4510/1651/3528
f 4512/1653/3541 4523/1664/3542 4511/1652/3530
f 4525/1666/3543 4512/1653/3541 4513/1654/3531
f 4526/1667/3544 4513/1654/3531 4514/1655/3532
f 4527/1668/3545 4514/1655/3532 4515/1656/3533
f 4528/1669/3546 4515/1656/3533 4516/1657/3534
f 4529/1671/3547 4516/1657/3534 4517/1659/3535
f 4530/1684/3548 4517/1659/3535 4518/1670/3536
f 4532/1674/3549 4519/1673/3537 4520/1660/3538
f 4533/1675/3550 4520/1660/3538 4521/1662/3539
f 4534/1676/3551 4521/1662/3539 4522/1663/3540
f 4535/1677/3552 4522/1663/3540 4523/1664/3542
f 4536/1689/3553 4523/1664/3542 4524/1665/3554
f 4537/1678/3555 4524/1665/3554 4525/1666/3543
f 4526/1667/3544 4537/1678/3555 4525/1666/3543
f 4527/1668/3545 4538/1679/3556 4526/1667/3544
f 4528/1669/3546 4539/1680/3557 4527/1668/3545
f 4529/1671/3547 4540/1681/3558 4528/1669/3546
f 4530/1684/3548 4541/1682/3559 4529/1671/3547
f 4544/1686/3560 4531/1672/3561 4532/1674/3549
f 4545/1687/3562 4532/1674/3549 4533/1675/3550
f 4546/1688/3563 4533/1675/3550 4534/1676/3551
f 4547/1690/3564 4534/1676/3551 4535/1677/3552
f 4548/1701/3565 4535/1677/3552 4536/1689/3553
f 4549/1691/3566 4536/1689/3553 4537/1678/3555
f 4538/1679/3556 4549/1691/3566 4537/1678/3555
f 4539/1680/3557 4550/1692/3567 4538/1679/3556
f 4540/1681/3558 4551/1693/3568 4539/1680/3557
f 4541/1682/3559 4552/1694/3569 4540/1681/3558
f 4542/1683/3570 4553/1695/3571 4541/1682/3559
f 4556/1698/3572 4543/1685/3573 4544/1686/3560
f 4557/1699/3574 4544/1686/3560 4545/1687/3562
f 4558/1700/3575 4545/1687/3562 4546/1688/3563
f 4559/1702/3576 4546/1688/3563 4547/1690/3564
f 4560/1713/3577 4547/1690/3564 4548/1701/3565
f 4561/1703/3578 4548/1701/3565 4549/1691/3566
f 4550/1692/3567 4561/1703/3578 4549/1691/3566
f 4551/1693/3568 4562/1704/3579 4550/1692/3567
f 4552/1694/3569 4563/1705/3580 4551/1693/3568
f 4553/1695/3571 4564/1706/3581 4552/1694/3569
f 4554/1696/3582 4565/1707/3583 4553/1695/3571
f 4568/1710/3584 4555/1697/3585 4556/1698/3572
f 4569/1711/3586 4556/1698/3572 4557/1699/3574
f 4570/1712/3587 4557/1699/3574 4558/1700/3575
f 4571/1714/3588 4558/1700/3575 4559/1702/3576
f 4572/1721/3589 4559/1702/3576 4560/1713/3577
f 4573/1715/3590 4560/1713/3577 4561/1703/3578
f 4562/1704/3579 4573/1715/3590 4561/1703/3578
f 4563/1705/3580 4574/1716/3591 4562/1704/3579
f 4564/1706/3581 4575/1717/3592 4563/1705/3580
f 4565/1707/3583 4576/1718/3593 4564/1706/3581
f 4566/1708/3594 4577/1719/3595 4565/1707/3583
f 4580/727/3596 4567/1709/3597 4568/1710/3584
f 4581/729/3598 4568/1710/3584 4569/1711/3586
f 4582/730/3599 4569/1711/3586 4570/1712/3587
f 4583/731/3600 4570/1712/3587 4571/1714/3588
f 4584/732/3601 4571/1714/3588 4572/1721/3589
f 4585/733/3602 4572/1721/3589 4573/1715/3590
f 4574/1716/3591 4585/733/3602 4573/1715/3590
f 4575/1717/3592 4586/734/3603 4574/1716/3591
f 4576/1718/3593 4587/735/3604 4575/1717/3592
f 4577/1719/3595 4588/736/3605 4576/1718/3593
f 4578/1720/3606 4589/738/3607 4577/1719/3595
f 4592/1723/3608 4579/740/3609 4580/727/3596
f 4593/1724/3610 4580/727/3596 4581/729/3598
f 4594/1725/3611 4581/729/3598 4582/730/3599
f 4595/1726/3612 4582/730/3599 4583/731/3600
f 4596/1737/3613 4583/731/3600 4584/732/3601
f 4597/1727/3614 4584/732/3601 4585/733/3602
f 4586/734/3603 4597/1727/3614 4585/733/3602
f 4587/735/3604 4598/1728/3615 4586/734/3603
f 4588/736/3605 4599/1729/3616 4587/735/3604
f 4589/738/3607 4600/1730/3617 4588/736/3605
f 4590/749/3618 4601/1731/3619 4589/738/3607
f 4592/1723/3608 4603/1733/3620 4591/1722/3621
f 4593/1724/3610 4604/1734/3622 4592/1723/3608
f 4594/1725/3611 4605/1735/3623 4593/1724/3610
f 4595/1726/3612 4606/1736/3624 4594/1725/3611
f 4596/1737/3613 4607/1738/3625 4595/1726/3612
f 4609/1739/3626 4596/1737/3613 4597/1727/3614
f 4610/1740/3627 4597/1727/3614 4598/1728/3615
f 4611/1741/3628 4598/1728/3615 4599/1729/3616
f 4612/1742/3629 4599/1729/3616 4600/1730/3617
f 4613/1743/3630 4600/1730/3617 4601/1731/3619
f 4614/1744/3631 4601/1731/3619 4602/1732/3632
f 4604/1734/3622 4615/1757/3633 4603/1733/3620
f 4605/1735/3623 4616/1745/3634 4604/1734/3622
f 4606/1736/3624 4617/1746/3635 4605/1735/3623
f 4607/1738/3625 4618/1747/3636 4606/1736/3624
f 4608/1750/3637 4619/1748/3638 4607/1738/3625
f 4621/1751/3639 4608/1750/3637 4609/1739/3626
f 4622/1752/3640 4609/1739/3626 4610/1740/3627
f 4623/1753/3641 4610/1740/3627 4611/1741/3628
f 4624/1754/3642 4611/1741/3628 4612/1742/3629
f 4625/1755/3643 4612/1742/3629 4613/1743/3630
f 4626/1766/3644 4613/1743/3630 4614/1744/3631
f 4616/1745/3634 4627/1769/3645 4615/1757/3633
f 4617/1746/3635 4628/1756/3646 4616/1745/3634
f 4618/1747/3636 4629/1758/3647 4617/1746/3635
f 4619/1748/3638 4630/1759/3648 4618/1747/3636
f 4620/1749/3649 4631/1760/3650 4619/1748/3638
f 4633/1762/3651 4620/1749/3649 4621/1751/3639
f 4634/1763/3652 4621/1751/3639 4622/1752/3640
f 4635/1764/3653 4622/1752/3640 4623/1753/3641
f 4636/1765/3654 4623/1753/3641 4624/1754/3642
f 4637/1767/3655 4624/1754/3642 4625/1755/3643
f 4638/1778/3656 4625/1755/3643 4626/1766/3644
f 4628/1756/3646 4639/1781/3657 4627/1769/3645
f 4629/1758/3647 4640/1768/3658 4628/1756/3646
f 4630/1759/3648 4641/1770/3659 4629/1758/3647
f 4631/1760/3650 4642/1771/3660 4630/1759/3648
f 4632/1761/3661 4643/1772/3662 4631/1760/3650
f 4645/1774/3663 4632/1761/3661 4633/1762/3651
f 4646/1775/3664 4633/1762/3651 4634/1763/3652
f 4647/1776/3665 4634/1763/3652 4635/1764/3653
f 4648/1777/3666 4635/1764/3653 4636/1765/3654
f 4649/1779/3667 4636/1765/3654 4637/1767/3655
f 4650/1790/3668 4637/1767/3655 4638/1778/3656
f 4640/1768/3658 4651/1793/3669 4639/1781/3657
f 4641/1770/3659 4652/1780/3670 4640/1768/3658
f 4642/1771/3660 4653/1782/3671 4641/1770/3659
f 4643/1772/3662 4654/1783/3672 4642/1771/3660
f 4644/1773/3673 4655/1784/3674 4643/1772/3662
f 4657/1786/3675 4644/1773/3673 4645/1774/3663
f 4658/1787/3676 4645/1774/3663 4646/1775/3664
f 4659/1788/3677 4646/1775/3664 4647/1776/3665
f 4660/1789/3678 4647/1776/3665 4648/1777/3666
f 4661/1791/3679 4648/1777/3666 4649/1779/3667
f 4662/1802/3680 4649/1779/3667 4650/1790/3668
f 4652/1780/3670 4663/1804/1656 4651/1793/3669
f 4653/1782/3671 4664/1792/3681 4652/1780/3670
f 4654/1783/3672 4665/1794/3682 4653/1782/3671
f 4655/1784/3674 4666/1795/3683 4654/1783/3672
f 4656/1785/3684 4667/1796/3685 4655/1784/3674
f 4669/1798/3686 4656/1785/3684 4657/1786/3675
f 4670/1799/3687 4657/1786/3675 4658/1787/3676
f 4671/1800/3688 4658/1787/3676 4659/1788/3677
f 4672/1801/3689 4659/1788/3677 4660/1789/3678
f 4673/1803/3690 4660/1789/3678 4661/1791/3679
f 4674/1805/1667 4661/1791/3679 4662/1802/3680
f 4676/931/3691 4663/1804/1656 4664/1792/3681
f 4677/933/3692 4664/1792/3681 4665/1794/3682
f 4678/934/3693 4665/1794/3682 4666/1795/3683
f 4679/935/3694 4666/1795/3683 4667/1796/3685
f 4680/936/3695 4667/1796/3685 4668/1797/3696
f 4681/937/3697 4668/1797/3696 4669/1798/3686
f 4670/1799/3687 4681/937/3697 4669/1798/3686
f 4671/1800/3688 4682/938/3698 4670/1799/3687
f 4672/1801/3689 4683/939/3699 4671/1800/3688
f 4673/1803/3690 4684/940/3700 4672/1801/3689
f 4674/1805/1667 4685/942/3701 4673/1803/3690
f 4688/1807/3702 4675/128/3703 4676/931/3691
f 4689/1808/3704 4676/931/3691 4677/933/3692
f 4690/1809/3705 4677/933/3692 4678/934/3693
f 4691/1810/3706 4678/934/3693 4679/935/3694
f 4692/1821/3707 4679/935/3694 4680/936/3695
f 4693/1811/3708 4680/936/3695 4681/937/3697
f 4682/938/3698 4693/1811/3708 4681/937/3697
f 4683/939/3699 4694/1812/3709 4682/938/3698
f 4684/940/3700 4695/1813/3710 4683/939/3699
f 4685/942/3701 4696/1814/3711 4684/940/3700
f 4686/952/3712 4697/1815/3713 4685/942/3701
f 4700/1818/3714 4687/1806/3715 4688/1807/3702
f 4701/1819/3716 4688/1807/3702 4689/1808/3704
f 4702/1820/3717 4689/1808/3704 4690/1809/3705
f 4703/1822/3718 4690/1809/3705 4691/1810/3706
f 4704/1833/3719 4691/1810/3706 4692/1821/3707
f 4705/1823/3720 4692/1821/3707 4693/1811/3708
f 4694/1812/3709 4705/1823/3720 4693/1811/3708
f 4695/1813/3710 4706/1824/3721 4694/1812/3709
f 4696/1814/3711 4707/1825/3722 4695/1813/3710
f 4697/1815/3713 4708/1826/3723 4696/1814/3711
f 4698/1816/3724 4709/1827/3725 4697/1815/3713
f 4712/1830/3726 4699/1817/3727 4700/1818/3714
f 4713/1831/3728 4700/1818/3714 4701/1819/3716
f 4714/1832/3729 4701/1819/3716 4702/1820/3717
f 4715/1834/3730 4702/1820/3717 4703/1822/3718
f 4716/1846/3731 4703/1822/3718 4704/1833/3719
f 4717/1835/3732 4704/1833/3719 4705/1823/3720
f 4706/1824/3721 4717/1835/3732 4705/1823/3720
f 4707/1825/3722 4718/1836/3733 4706/1824/3721
f 4708/1826/3723 4719/1837/3734 4707/1825/3722
f 4709/1827/3725 4720/1838/3735 4708/1826/3723
f 4710/1828/3736 4721/1839/3737 4709/1827/3725
f 4724/1841/3738 4711/1829/3739 4712/1830/3726
f 4725/1842/3740 4712/1830/3726 4713/1831/3728
f 4726/1843/3741 4713/1831/3728 4714/1832/3729
f 4727/1844/3742 4714/1832/3729 4715/1834/3730
f 4728/1845/3743 4715/1834/3730 4716/1846/3731
f 4729/1847/3744 4716/1846/3731 4717/1835/3732
f 4718/1836/3733 4729/1847/3744 4717/1835/3732
f 4719/1837/3734 4730/1848/3745 4718/1836/3733
f 4720/1838/3735 4731/1849/3746 4719/1837/3734
f 4721/1839/3737 4732/1850/3747 4720/1838/3735
f 4722/1840/3748 4733/1851/3749 4721/1839/3737
f 4736/1852/3750 4723/1853/3751 4724/1841/3738
f 4737/1854/3752 4724/1841/3738 4725/1842/3740
f 4738/1855/3753 4725/1842/3740 4726/1843/3741
f 4739/1856/3754 4726/1843/3741 4727/1844/3742
f 4740/1857/3755 4727/1844/3742 4728/1845/3743
f 4741/1858/3756 4728/1845/3743 4729/1847/3744
f 4730/1848/3745 4741/1858/3756 4729/1847/3744
f 4731/1849/3746 4742/1859/3757 4730/1848/3745
f 4732/1850/3747 4743/1860/3758 4731/1849/3746
f 4733/1851/3749 4744/1861/3759 4732/1850/3747
f 4734/1862/3760 4745/1863/3761 4733/1851/3749
f 4736/1852/3750 4747/1877/3762 4735/1865/3763
f 4737/1854/3752 4748/1864/3764 4736/1852/3750
f 4738/1855/3753 4749/1866/3765 4737/1854/3752
f 4739/1856/3754 4750/1867/3766 4738/1855/3753
f 4740/1857/3755 4751/1868/3767 4739/1856/3754
f 4753/1870/3768 4740/1857/3755 4741/1858/3756
f 4754/1871/3769 4741/1858/3756 4742/1859/3757
f 4755/1872/3770 4742/1859/3757 4743/1860/3758
f 4756/1873/3771 4743/1860/3758 4744/1861/3759
f 4757/1875/3772 4744/1861/3759 4745/1863/3761
f 4758/1886/3773 4745/1863/3761 4746/1874/3774
f 4748/1864/3764 4759/1888/3775 4747/1877/3762
f 4749/1866/3765 4760/1876/3776 4748/1864/3764
f 4750/1867/3766 4761/1878/3777 4749/1866/3765
f 4751/1868/3767 4762/1879/3778 4750/1867/3766
f 4752/1869/3779 4763/1880/3780 4751/1868/3767
f 4765/1882/3781 4752/1869/3779 4753/1870/3768
f 4766/1883/3782 4753/1870/3768 4754/1871/3769
f 4767/1884/3783 4754/1871/3769 4755/1872/3770
f 4768/1885/3784 4755/1872/3770 4756/1873/3771
f 4769/1887/3785 4756/1873/3771 4757/1875/3772
f 4770/1889/3786 4757/1875/3772 4758/1886/3773
f 4760/1876/3776 4771/1147/3787 4759/1888/3775
f 4761/1878/3777 4772/1134/3788 4760/1876/3776
f 4762/1879/3778 4773/1136/3789 4761/1878/3777
f 4763/1880/3780 4774/1137/3790 4762/1879/3778
f 4764/1881/3791 4775/1138/3792 4763/1880/3780
f 4777/1140/3793 4764/1881/3791 4765/1882/3781
f 4778/1141/3794 4765/1882/3781 4766/1883/3782
f 4779/1142/3795 4766/1883/3782 4767/1884/3783
f 4780/1143/3796 4767/1884/3783 4768/1885/3784
f 4781/1145/3797 4768/1885/3784 4769/1887/3785
f 4782/1156/3798 4769/1887/3785 4770/1889/3786
f 4772/1134/3788 4783/1901/3799 4771/1147/3787
f 4773/1136/3789 4784/1890/3800 4772/1134/3788
f 4774/1137/3790 4785/1891/3801 4773/1136/3789
f 4775/1138/3792 4786/1892/3802 4774/1137/3790
f 4776/1139/3803 4787/1893/3804 4775/1138/3792
f 4789/1895/3805 4776/1139/3803 4777/1140/3793
f 4790/1896/3806 4777/1140/3793 4778/1141/3794
f 4791/1897/3807 4778/1141/3794 4779/1142/3795
f 4792/1898/3808 4779/1142/3795 4780/1143/3796
f 4793/1899/3809 4780/1143/3796 4781/1145/3797
f 4794/1910/3810 4781/1145/3797 4782/1156/3798
f 4784/1890/3800 4795/1913/3811 4783/1901/3799
f 4785/1891/3801 4796/1900/3812 4784/1890/3800
f 4786/1892/3802 4797/1902/3813 4785/1891/3801
f 4787/1893/3804 4798/1903/3814 4786/1892/3802
f 4788/1894/3815 4799/1904/3816 4787/1893/3804
f 4801/1906/3817 4788/1894/3815 4789/1895/3805
f 4802/1907/3818 4789/1895/3805 4790/1896/3806
f 4803/1908/3819 4790/1896/3806 4791/1897/3807
f 4804/1909/3820 4791/1897/3807 4792/1898/3808
f 4805/1911/3821 4792/1898/3808 4793/1899/3809
f 4806/1922/3822 4793/1899/3809 4794/1910/3810
f 4796/1900/3812 4807/1925/3823 4795/1913/3811
f 4797/1902/3813 4808/1912/3824 4796/1900/3812
f 4798/1903/3814 4809/1914/3825 4797/1902/3813
f 4799/1904/3816 4810/1915/3826 4798/1903/3814
f 4800/1905/3827 4811/1916/3828 4799/1904/3816
f 4813/1918/3829 4800/1905/3827 4801/1906/3817
f 4814/1919/3830 4801/1906/3817 4802/1907/3818
f 4815/1920/3831 4802/1907/3818 4803/1908/3819
f 4816/1921/3832 4803/1908/3819 4804/1909/3820
f 4817/1923/3833 4804/1909/3820 4805/1911/3821
f 4818/1936/3834 4805/1911/3821 4806/1922/3822
f 4820/1926/3835 4807/1925/3823 4808/1912/3824
f 4821/1927/3836 4808/1912/3824 4809/1914/3825
f 4822/1928/3837 4809/1914/3825 4810/1915/3826
f 4823/1929/3838 4810/1915/3826 4811/1916/3828
f 4824/1941/3839 4811/1916/3828 4812/1917/3840
f 4825/1930/3841 4812/1917/3840 4813/1918/3829
f 4826/1931/3842 4813/1918/3829 4814/1919/3830
f 4815/1920/3831 4826/1931/3842 4814/1919/3830
f 4816/1921/3832 4827/1932/3843 4815/1920/3831
f 4817/1923/3833 4828/1933/3844 4816/1921/3832
f 4818/1936/3834 4829/1934/3845 4817/1923/3833
f 4832/1938/3846 4819/1924/3847 4820/1926/3835
f 4833/1939/3848 4820/1926/3835 4821/1927/3836
f 4834/1940/3849 4821/1927/3836 4822/1928/3837
f 4835/1942/3850 4822/1928/3837 4823/1929/3838
f 4836/1953/3851 4823/1929/3838 4824/1941/3839
f 4825/1930/3841 4836/1953/3851 4824/1941/3839
f 4826/1931/3842 4837/1943/3852 4825/1930/3841
f 4827/1932/3843 4838/1944/3853 4826/1931/3842
f 4828/1933/3844 4839/1945/3854 4827/1932/3843
f 4829/1934/3845 4840/1946/3855 4828/1933/3844
f 4830/1935/3856 4841/1947/3857 4829/1934/3845
f 4844/1950/3858 4831/1937/3859 4832/1938/3846
f 4845/1951/3860 4832/1938/3846 4833/1939/3848
f 4846/1952/3861 4833/1939/3848 4834/1940/3849
f 4847/1954/3862 4834/1940/3849 4835/1942/3850
f 4848/1965/3863 4835/1942/3850 4836/1953/3851
f 4849/1955/3864 4836/1953/3851 4837/1943/3852
f 4838/1944/3853 4849/1955/3864 4837/1943/3852
f 4839/1945/3854 4850/1956/3865 4838/1944/3853
f 4840/1946/3855 4851/1957/3866 4839/1945/3854
f 4841/1947/3857 4852/1958/3867 4840/1946/3855
f 4842/1948/3868 4853/1959/3869 4841/1947/3857
f 4856/1962/3870 4843/1949/3871 4844/1950/3858
f 4857/1963/3872 4844/1950/3858 4845/1951/3860
f 4858/1964/3873 4845/1951/3860 4846/1952/3861
f 4859/1966/3874 4846/1952/3861 4847/1954/3862
f 4860/1973/3875 4847/1954/3862 4848/1965/3863
f 4861/1967/3876 4848/1965/3863 4849/1955/3864
f 4850/1956/3865 4861/1967/3876 4849/1955/3864
f 4851/1957/3866 4862/1968/3877 4850/1956/3865
f 4852/1958/3867 4863/1969/3878 4851/1957/3866
f 4853/1959/3869 4864/1970/3879 4852/1958/3867
f 4854/1960/3880 4865/1971/3881 4853/1959/3869
f 4868/1340/3882 4855/1961/3883 4856/1962/3870
f 4869/1341/3884 4856/1962/3870 4857/1963/3872
f 4870/1342/3885 4857/1963/3872 4858/1964/3873
f 4871/1343/3886 4858/1964/3873 4859/1966/3874
f 4872/1355/3887 4859/1966/3874 4860/1973/3875
f 4873/1344/3888 4860/1973/3875 4861/1967/3876
f 4862/1968/3877 4873/1344/3888 4861/1967/3876
f 4863/1969/3878 4874/1346/3889 4862/1968/3877
f 4864/1970/3879 4875/1347/3890 4863/1969/3878
f 4865/1971/3881 4876/1348/3891 4864/1970/3879
f 4866/1972/3892 4877/1349/3893 4865/1971/3881
f 4880/1975/3894 4867/1339/3895 4868/1340/3882
f 4881/1976/3896 4868/1340/3882 4869/1341/3884
f 4882/1977/3897 4869/1341/3884 4870/1342/3885
f 4883/1978/3898 4870/1342/3885 4871/1343/3886
f 4884/1989/3899 4871/1343/3886 4872/1355/3887
f 4885/1979/3900 4872/1355/3887 4873/1344/3888
f 4874/1346/3889 4885/1979/3900 4873/1344/3888
f 4875/1347/3890 4886/1980/3901 4874/1346/3889
f 4876/1348/3891 4887/1981/3902 4875/1347/3890
f 4877/1349/3893 4888/1982/3903 4876/1348/3891
f 4878/1350/3904 4889/1983/3905 4877/1349/3893
f 4880/1975/3894 4891/1985/3906 4879/1974/3907
f 4881/1976/3896 4892/1986/3908 4880/1975/3894
f 4882/1977/3897 4893/1987/3909 4881/1976/3896
f 4883/1978/3898 4894/1988/3910 4882/1977/3897
f 4884/1989/3899 4895/1990/3911 4883/1978/3898
f 4897/1991/3912 4884/1989/3899 4885/1979/3900
f 4898/1992/3913 4885/1979/3900 4886/1980/3901
f 4899/1993/3914 4886/1980/3901 4887/1981/3902
f 4900/1994/3915 4887/1981/3902 4888/1982/3903
f 4901/1995/3916 4888/1982/3903 4889/1983/3905
f 4902/1996/3917 4889/1983/3905 4890/1984/3918
f 4892/1986/3908 4903/2009/3919 4891/1985/3906
f 4893/1987/3909 4904/1997/3920 4892/1986/3908
f 4894/1988/3910 4905/1998/3921 4893/1987/3909
f 4895/1990/3911 4906/1999/3922 4894/1988/3910
f 4896/2002/3923 4907/2000/3924 4895/1990/3911
f 4909/2003/3925 4896/2002/3923 4897/1991/3912
f 4910/2004/3926 4897/1991/3912 4898/1992/3913
f 4911/2005/3927 4898/1992/3913 4899/1993/3914
f 4912/2006/3928 4899/1993/3914 4900/1994/3915
f 4913/2007/3929 4900/1994/3915 4901/1995/3916
f 4914/2018/3930 4901/1995/3916 4902/1996/3917
f 4904/1997/3920 4915/2021/3931 4903/2009/3919
f 4905/1998/3921 4916/2008/3932 4904/1997/3920
f 4906/1999/3922 4917/2010/3933 4905/1998/3921
f 4907/2000/3924 4918/2011/3934 4906/1999/3922
f 4908/2001/3935 4919/2012/3936 4907/2000/3924
f 4921/2014/3937 4908/2001/3935 4909/2003/3925
f 4922/2015/3938 4909/2003/3925 4910/2004/3926
f 4923/2016/3939 4910/2004/3926 4911/2005/3927
f 4924/2017/3940 4911/2005/3927 4912/2006/3928
f 4925/2019/3941 4912/2006/3928 4913/2007/3929
f 4926/2030/3942 4913/2007/3929 4914/2018/3930
f 4916/2008/3932 4927/2033/3943 4915/2021/3931
f 4917/2010/3933 4928/2020/3944 4916/2008/3932
f 4918/2011/3934 4929/2022/3945 4917/2010/3933
f 4919/2012/3936 4930/2023/3946 4918/2011/3934
f 4920/2013/3947 4931/2024/3948 4919/2012/3936
f 4933/2026/3949 4920/2013/3947 4921/2014/3937
f 4934/2027/3950 4921/2014/3937 4922/2015/3938
f 4935/2028/3951 4922/2015/3938 4923/2016/3939
f 4936/2029/3952 4923/2016/3939 4924/2017/3940
f 4937/2031/3953 4924/2017/3940 4925/2019/3941
f 4938/2042/3954 4925/2019/3941 4926/2030/3942
f 4928/2020/3944 4939/2045/3955 4927/2033/3943
f 4929/2022/3945 4940/2032/3956 4928/2020/3944
f 4930/2023/3946 4941/2034/3957 4929/2022/3945
f 4931/2024/3948 4942/2035/3958 4930/2023/3946
f 4932/2025/3959 4943/2036/3960 4931/2024/3948
f 4945/2038/3961 4932/2025/3959 4933/2026/3949
f 4946/2039/3962 4933/2026/3949 4934/2027/3950
f 4947/2040/3963 4934/2027/3950 4935/2028/3951
f 4948/2041/3964 4935/2028/3951 4936/2029/3952
f 4949/2043/3965 4936/2029/3952 4937/2031/3953
f 4950/2054/3966 4937/2031/3953 4938/2042/3954
f 4940/2032/3956 4951/2056/1368 4939/2045/3955
f 4941/2034/3957 4952/2044/3967 4940/2032/3956
f 4942/2035/3958 4953/2046/3968 4941/2034/3957
f 4943/2036/3960 4954/2047/3969 4942/2035/3958
f 4944/2037/3970 4955/2048/1359 4943/2036/3960
f 4957/2050/1361 4944/2037/3970 4945/2038/3961
f 4958/2051/1362 4945/2038/3961 4946/2039/3962
f 4959/2052/3971 4946/2039/3962 4947/2040/3963
f 4960/2053/3972 4947/2040/3963 4948/2041/3964
f 4961/2055/3973 4948/2041/3964 4949/2043/3965
f 4962/2058/1379 4949/2043/3965 4950/2054/3966
f 4388/1542/3408 4951/2056/1368 4952/2044/3967
f 4389/1544/3410 4952/2044/3967 4953/2046/3968
f 4390/1545/3412 4953/2046/3968 4954/2047/3969
f 4391/1546/3414 4954/2047/3969 4955/2048/1359
f 4392/1547/3416 4955/2048/1359 4956/2049/1360
f 4393/1548/3418 4956/2049/1360 4957/2050/1361
f 4958/2051/1362 4393/1548/3418 4957/2050/1361
f 4959/2052/3971 4394/1549/3419 4958/2051/1362
f 4960/2053/3972 4395/1550/3420 4959/2052/3971
f 4961/2055/3973 4396/1551/3422 4960/2053/3972
f 4962/2058/1379 4397/1553/3424 4961/2055/3973
f 4964/322/2518 4975/2059/2519 4963/38/2520
f 4965/324/2521 4976/2060/2522 4964/322/2518
f 4966/326/2523 4977/2061/2524 4965/324/2521
f 4967/328/2525 4978/2062/2526 4966/326/2523
f 4968/330/2527 4979/2063/2528 4967/328/2525
f 4981/2064/2529 4968/330/2527 4969/333/2530
f 4982/2065/2531 4969/333/2530 4970/335/2532
f 4983/2066/2533 4970/335/2532 4971/337/2534
f 4984/2067/3974 4971/337/2534 4972/339/2536
f 4985/2068/2537 4972/339/2536 4973/341/2538
f 4986/2069/2539 4973/341/2538 4974/343/2540
f 4988/2070/3975 4975/2059/2519 4976/2060/2522
f 4989/2071/2542 4976/2060/2522 4977/2061/2524
f 4990/2072/2543 4977/2061/2524 4978/2062/2526
f 4991/2073/3976 4978/2062/2526 4979/2063/2528
f 4992/2074/2545 4979/2063/2528 4980/2075/2546
f 4993/2076/2547 4980/2075/2546 4981/2064/2529
f 4982/2065/2531 4993/2076/2547 4981/2064/2529
f 4983/2066/2533 4994/2077/2548 4982/2065/2531
f 4984/2067/3974 4995/2078/2549 4983/2066/2533
f 4985/2068/2537 4996/2079/2550 4984/2067/3974
f 4986/2069/2539 4997/2080/2551 4985/2068/2537
f 5000/2081/2552 4987/2082/2553 4988/2070/3975
f 5001/2083/2554 4988/2070/3975 4989/2071/2542
f 5002/2084/2555 4989/2071/2542 4990/2072/2543
f 5003/2085/2556 4990/2072/2543 4991/2073/3976
f 5004/2086/2557 4991/2073/3976 4992/2074/2545
f 5005/2087/2558 4992/2074/2545 4993/2076/2547
f 4994/2077/2548 5005/2087/2558 4993/2076/2547
f 4995/2078/2549 5006/2088/2559 4994/2077/2548
f 4996/2079/2550 5007/2089/2560 4995/2078/2549
f 4997/2080/2551 5008/2090/2561 4996/2079/2550
f 4998/2091/2562 5009/2092/2563 4997/2080/2551
f 5012/2093/2564 4999/2094/2565 5000/2081/2552
f 5013/2095/3977 5000/2081/2552 5001/2083/2554
f 5014/2096/2567 5001/2083/2554 5002/2084/2555
f 5015/2097/3978 5002/2084/2555 5003/2085/2556
f 5016/2098/2569 5003/2085/2556 5004/2086/2557
f 5017/2099/2570 5004/2086/2557 5005/2087/2558
f 5006/2088/2559 5017/2099/2570 5005/2087/2558
f 5007/2089/2560 5018/2100/3979 5006/2088/2559
f 5008/2090/2561 5019/2101/3980 5007/2089/2560
f 5009/2092/2563 5020/2102/2573 5008/2090/2561
f 5010/2103/2574 5021/2104/2575 5009/2092/2563
f 5024/2105/2576 5011/2106/2577 5012/2093/2564
f 5025/2107/2578 5012/2093/2564 5013/2095/3977
f 5026/2108/2579 5013/2095/3977 5014/2096/2567
f 5027/2109/2580 5014/2096/2567 5015/2097/3978
f 5028/2110/2581 5015/2097/3978 5016/2098/2569
f 5029/2111/2582 5016/2098/2569 5017/2099/2570
f 5018/2100/3979 5029/2111/2582 5017/2099/2570
f 5019/2101/3980 5030/2112/3981 5018/2100/3979
f 5020/2102/2573 5031/2113/2584 5019/2101/3980
f 5021/2104/2575 5032/2114/2585 5020/2102/2573
f 5022/2115/2586 5033/2116/2587 5021/2104/2575
f 5036/2117/2588 5023/2118/2589 5024/2105/2576
f 5037/2119/2590 5024/2105/2576 5025/2107/2578
f 5038/2120/2591 5025/2107/2578 5026/2108/2579
f 5039/2121/2592 5026/2108/2579 5027/2109/2580
f 5040/2122/2593 5027/2109/2580 5028/2110/2581
f 5041/2123/2594 5028/2110/2581 5029/2111/2582
f 5030/2112/3981 5041/2123/2594 5029/2111/2582
f 5031/2113/2584 5042/2124/3982 5030/2112/3981
f 5032/2114/2585 5043/2125/2596 5031/2113/2584
f 5033/2116/2587 5044/2126/2597 5032/2114/2585
f 5034/2127/2598 5045/2128/2599 5033/2116/2587
f 5048/2129/2600 5035/2130/2601 5036/2117/2588
f 5049/2131/3983 5036/2117/2588 5037/2119/2590
f 5050/2132/2603 5037/2119/2590 5038/2120/2591
f 5051/2133/2604 5038/2120/2591 5039/2121/2592
f 5052/2134/2605 5039/2121/2592 5040/2122/2593
f 5053/2135/2606 5040/2122/2593 5041/2123/2594
f 5042/2124/3982 5053/2135/2606 5041/2123/2594
f 5043/2125/2596 5054/2136/2607 5042/2124/3982
f 5044/2126/2597 5055/2137/2608 5043/2125/2596
f 5045/2128/2599 5056/2138/2609 5044/2126/2597
f 5046/2139/2610 5057/2140/2611 5045/2128/2599
f 5060/2141/2612 5047/2142/2613 5048/2129/2600
f 5061/2143/2614 5048/2129/2600 5049/2131/3983
f 5062/2144/2615 5049/2131/3983 5050/2132/2603
f 5063/2145/2616 5050/2132/2603 5051/2133/2604
f 5064/2146/2617 5051/2133/2604 5052/2134/2605
f 5065/2147/2618 5052/2134/2605 5053/2135/2606
f 5054/2136/2607 5065/2147/2618 5053/2135/2606
f 5055/2137/2608 5066/2148/2619 5054/2136/2607
f 5056/2138/2609 5067/2149/2620 5055/2137/2608
f 5057/2140/2611 5068/2150/2621 5056/2138/2609
f 5058/2151/2622 5069/2152/2623 5057/2140/2611
f 5072/2153/2624 5059/2154/2625 5060/2141/2612
f 5073/2155/2626 5060/2141/2612 5061/2143/2614
f 5074/2156/2627 5061/2143/2614 5062/2144/2615
f 5075/2157/2628 5062/2144/2615 5063/2145/2616
f 5076/2158/2629 5063/2145/2616 5064/2146/2617
f 5077/2159/2630 5064/2146/2617 5065/2147/2618
f 5066/2148/2619 5077/2159/2630 5065/2147/2618
f 5067/2149/2620 5078/2160/2631 5066/2148/2619
f 5068/2150/2621 5079/2161/2632 5067/2149/2620
f 5069/2152/2623 5080/2162/2633 5068/2150/2621
f 5070/2163/2634 5081/2164/2635 5069/2152/2623
f 5084/2165/2636 5071/2166/2637 5072/2153/2624
f 5085/2167/2638 5072/2153/2624 5073/2155/2626
f 5086/2168/2639 5073/2155/2626 5074/2156/2627
f 5087/2169/2640 5074/2156/2627 5075/2157/2628
f 5088/2170/2641 5075/2157/2628 5076/2158/2629
f 5089/2171/2642 5076/2158/2629 5077/2159/2630
f 5078/2160/2631 5089/2171/2642 5077/2159/2630
f 5079/2161/2632 5090/2172/2643 5078/2160/2631
f 5080/2162/2633 5091/2173/2644 5079/2161/2632
f 5081/2164/2635 5092/2174/2645 5080/2162/2633
f 5082/2175/2646 5093/2176/2647 5081/2164/2635
f 5096/2177/2648 5083/2178/2649 5084/2165/2636
f 5097/2179/2650 5084/2165/2636 5085/2167/2638
f 5098/2180/2651 5085/2167/2638 5086/2168/2639
f 5099/2181/2652 5086/2168/2639 5087/2169/2640
f 5100/2182/2653 5087/2169/2640 5088/2170/2641
f 5101/2183/2654 5088/2170/2641 5089/2171/2642
f 5090/2172/2643 5101/2183/2654 5089/2171/2642
f 5091/2173/2644 5102/2184/2655 5090/2172/2643
f 5092/2174/2645 5103/2185/2656 5091/2173/2644
f 5093/2176/2647 5104/2186/2657 5092/2174/2645
f 5094/2187/2658 5105/2188/2659 5093/2176/2647
f 5108/2189/2660 5095/2190/2661 5096/2177/2648
f 5109/2191/2662 5096/2177/2648 5097/2179/2650
f 5110/2192/2663 5097/2179/2650 5098/2180/2651
f 5111/2193/2664 5098/2180/2651 5099/2181/2652
f 5112/2194/3984 5099/2181/2652 5100/2182/2653
f 5113/2195/3985 5100/2182/2653 5101/2183/2654
f 5102/2184/2655 5113/2195/3985 5101/2183/2654
f 5103/2185/2656 5114/2196/2667 5102/2184/2655
f 5104/2186/2657 5115/2197/2668 5103/2185/2656
f 5105/2188/2659 5116/2198/2669 5104/2186/2657
f 5106/2199/2670 5117/2200/2671 5105/2188/2659
f 5108/2189/2660 5119/2201/2672 5107/2202/2673
f 5109/2191/2662 5120/2203/2674 5108/2189/2660
f 5110/2192/2663 5121/2204/2675 5109/2191/2662
f 5111/2193/2664 5122/2205/2676 5110/2192/2663
f 5112/2194/3984 5123/2206/2677 5111/2193/2664
f 5125/2207/3986 5112/2194/3984 5113/2195/3985
f 5126/2208/2679 5113/2195/3985 5114/2196/2667
f 5127/2209/2680 5114/2196/2667 5115/2197/2668
f 5128/2210/2681 5115/2197/2668 5116/2198/2669
f 5129/2211/2682 5116/2198/2669 5117/2200/2671
f 5130/2212/2683 5117/2200/2671 5118/2213/2684
f 5120/2203/2674 5131/2214/2685 5119/2201/2672
f 5121/2204/2675 5132/2215/2686 5120/2203/2674
f 5122/2205/2676 5133/2216/2687 5121/2204/2675
f 5123/2206/2677 5134/2217/2688 5122/2205/2676
f 5124/2218/3987 5135/2219/2690 5123/2206/2677
f 5137/2220/3988 5124/2218/3987 5125/2207/3986
f 5138/2221/2692 5125/2207/3986 5126/2208/2679
f 5139/2222/2693 5126/2208/2679 5127/2209/2680
f 5140/2223/2694 5127/2209/2680 5128/2210/2681
f 5141/2224/2695 5128/2210/2681 5129/2211/2682
f 5142/2225/2696 5129/2211/2682 5130/2212/2683
f 5132/2215/2686 5143/2226/2697 5131/2214/2685
f 5133/2216/2687 5144/2227/2698 5132/2215/2686
f 5134/2217/2688 5145/2228/3989 5133/2216/2687
f 5135/2219/2690 5146/2229/2700 5134/2217/2688
f 5136/2230/3990 5147/2231/2702 5135/2219/2690
f 5149/2232/2703 5136/2230/3990 5137/2220/3988
f 5150/2233/2704 5137/2220/3988 5138/2221/2692
f 5151/2234/2705 5138/2221/2692 5139/2222/2693
f 5152/2235/3991 5139/2222/2693 5140/2223/2694
f 5153/2236/2707 5140/2223/2694 5141/2224/2695
f 5154/2237/2708 5141/2224/2695 5142/2225/2696
f 5144/2227/2698 5155/2238/2709 5143/2226/2697
f 5145/2228/3989 5156/2239/2710 5144/2227/2698
f 5146/2229/2700 5157/2240/2711 5145/2228/3989
f 5147/2231/2702 5158/2241/2712 5146/2229/2700
f 5148/2242/2713 5159/2243/3992 5147/2231/2702
f 5161/2244/2715 5148/2242/2713 5149/2232/2703
f 5162/2245/2716 5149/2232/2703 5150/2233/2704
f 5163/2246/2717 5150/2233/2704 5151/2234/2705
f 5164/2247/2718 5151/2234/2705 5152/2235/3991
f 5165/2248/2719 5152/2235/3991 5153/2236/2707
f 5166/2249/2720 5153/2236/2707 5154/2237/2708
f 5156/2239/2710 5167/2250/2721 5155/2238/2709
f 5157/2240/2711 5168/2251/2722 5156/2239/2710
f 5158/2241/2712 5169/2252/2723 5157/2240/2711
f 5159/2243/3992 5170/2253/2724 5158/2241/2712
f 5160/2254/2725 5171/2255/2726 5159/2243/3992
f 5173/2256/3993 5160/2254/2725 5161/2244/2715
f 5174/2257/3994 5161/2244/2715 5162/2245/2716
f 5175/2258/2729 5162/2245/2716 5163/2246/2717
f 5176/2259/2730 5163/2246/2717 5164/2247/2718
f 5177/2260/2731 5164/2247/2718 5165/2248/2719
f 5178/2261/2732 5165/2248/2719 5166/2249/2720
f 5168/2251/2722 5179/2262/2733 5167/2250/2721
f 5169/2252/2723 5180/2263/2734 5168/2251/2722
f 5170/2253/2724 5181/2264/2735 5169/2252/2723
f 5171/2255/2726 5182/2265/2736 5170/2253/2724
f 5172/2266/2737 5183/2267/2738 5171/2255/2726
f 5185/2268/3995 5172/2266/2737 5173/2256/3993
f 5186/2269/2740 5173/2256/3993 5174/2257/3994
f 5187/2270/2741 5174/2257/3994 5175/2258/2729
f 5188/2271/2742 5175/2258/2729 5176/2259/2730
f 5189/2272/2743 5176/2259/2730 5177/2260/2731
f 5190/2273/2744 5177/2260/2731 5178/2261/2732
f 5180/2263/2734 5191/2274/2745 5179/2262/2733
f 5181/2264/2735 5192/2275/2746 5180/2263/2734
f 5182/2265/2736 5193/2276/2747 5181/2264/2735
f 5183/2267/2738 5194/2277/2748 5182/2265/2736
f 5184/2278/2749 5195/2279/2750 5183/2267/2738
f 5197/2280/2751 5184/2278/2749 5185/2268/3995
f 5198/2281/2752 5185/2268/3995 5186/2269/2740
f 5199/2282/2753 5186/2269/2740 5187/2270/2741
f 5200/2283/2754 5187/2270/2741 5188/2271/2742
f 5201/2284/2755 5188/2271/2742 5189/2272/2743
f 5202/2285/2756 5189/2272/2743 5190/2273/2744
f 5192/2275/2746 5203/2286/2757 5191/2274/2745
f 5193/2276/2747 5204/2287/2758 5192/2275/2746
f 5194/2277/2748 5205/2288/2759 5193/2276/2747
f 5195/2279/2750 5206/2289/2760 5194/2277/2748
f 5196/2290/2761 5207/2291/2762 5195/2279/2750
f 5209/2292/2763 5196/2290/2761 5197/2280/2751
f 5210/2293/2764 5197/2280/2751 5198/2281/2752
f 5211/2294/2765 5198/2281/2752 5199/2282/2753
f 5212/2295/2766 5199/2282/2753 5200/2283/2754
f 5213/2296/2767 5200/2283/2754 5201/2284/2755
f 5214/2297/2768 5201/2284/2755 5202/2285/2756
f 5204/2287/2758 5215/2298/2769 5203/2286/2757
f 5205/2288/2759 5216/2299/2770 5204/2287/2758
f 5206/2289/2760 5217/2300/2771 5205/2288/2759
f 5207/2291/2762 5218/2301/2772 5206/2289/2760
f 5208/2302/2773 5219/2303/2774 5207/2291/2762
f 5221/2304/2775 5208/2302/2773 5209/2292/2763
f 5222/2305/2776 5209/2292/2763 5210/2293/2764
f 5223/2306/2777 5210/2293/2764 5211/2294/2765
f 5224/2307/2778 5211/2294/2765 5212/2295/2766
f 5225/2308/2779 5212/2295/2766 5213/2296/2767
f 5226/2309/2780 5213/2296/2767 5214/2297/2768
f 5216/2299/2770 5227/2310/2781 5215/2298/2769
f 5217/2300/2771 5228/2311/2782 5216/2299/2770
f 5218/2301/2772 5229/2312/2783 5217/2300/2771
f 5219/2303/2774 5230/2313/2784 5218/2301/2772
f 5220/2314/2785 5231/2315/3996 5219/2303/2774
f 5233/2316/2787 5220/2314/2785 5221/2304/2775
f 5234/2317/3997 5221/2304/2775 5222/2305/2776
f 5235/2318/2789 5222/2305/2776 5223/2306/2777
f 5236/2319/2790 5223/2306/2777 5224/2307/2778
f 5237/2320/2791 5224/2307/2778 5225/2308/2779
f 5238/2321/2792 5225/2308/2779 5226/2309/2780
f 5240/2322/2793 5227/2310/2781 5228/2311/2782
f 5241/2323/3998 5228/2311/2782 5229/2312/2783
f 5242/2324/2795 5229/2312/2783 5230/2313/2784
f 5243/2325/2796 5230/2313/2784 5231/2315/3996
f 5244/2326/2797 5231/2315/3996 5232/2327/2798
f 5245/2328/3999 5232/2327/2798 5233/2316/2787
f 5234/2317/3997 5245/2328/3999 5233/2316/2787
f 5235/2318/2789 5246/2329/2800 5234/2317/3997
f 5236/2319/2790 5247/2330/2801 5235/2318/2789
f 5237/2320/2791 5248/2331/2802 5236/2319/2790
f 5238/2321/2792 5249/2332/2803 5237/2320/2791
f 5252/2333/2804 5239/2334/2805 5240/2322/2793
f 5253/2335/2806 5240/2322/2793 5241/2323/3998
f 5254/2336/4000 5241/2323/3998 5242/2324/2795
f 5255/2337/4001 5242/2324/2795 5243/2325/2796
f 5256/2338/2809 5243/2325/2796 5244/2326/2797
f 5257/2339/4002 5244/2326/2797 5245/2328/3999
f 5246/2329/2800 5257/2339/4002 5245/2328/3999
f 5247/2330/2801 5258/2340/2811 5246/2329/2800
f 5248/2331/2802 5259/2341/2812 5247/2330/2801
f 5249/2332/2803 5260/2342/2813 5248/2331/2802
f 5250/2343/2814 5261/2344/2815 5249/2332/2803
f 5252/2333/2804 5263/2345/2816 5251/2346/2817
f 5253/2335/2806 5264/2347/2818 5252/2333/2804
f 5254/2336/4000 5265/2348/2819 5253/2335/2806
f 5255/2337/4001 5266/2349/2820 5254/2336/4000
f 5256/2338/2809 5267/2350/2821 5255/2337/4001
f 5269/2351/2822 5256/2338/2809 5257/2339/4002
f 5270/2352/2823 5257/2339/4002 5258/2340/2811
f 5271/2353/2824 5258/2340/2811 5259/2341/2812
f 5272/2354/2825 5259/2341/2812 5260/2342/2813
f 5273/2355/2826 5260/2342/2813 5261/2344/2815
f 5274/2356/2827 5261/2344/2815 5262/2357/2828
f 5264/2347/2818 5275/2358/2829 5263/2345/2816
f 5265/2348/2819 5276/2359/2830 5264/2347/2818
f 5266/2349/2820 5277/2360/2831 5265/2348/2819
f 5267/2350/2821 5278/2361/2832 5266/2349/2820
f 5268/2362/2833 5279/2363/2834 5267/2350/2821
f 5281/2364/2835 5268/2362/2833 5269/2351/2822
f 5282/2365/2836 5269/2351/2822 5270/2352/2823
f 5283/2366/2837 5270/2352/2823 5271/2353/2824
f 5284/2367/2838 5271/2353/2824 5272/2354/2825
f 5285/2368/2839 5272/2354/2825 5273/2355/2826
f 5286/2369/2840 5273/2355/2826 5274/2356/2827
f 5276/2359/2830 5287/2370/2841 5275/2358/2829
f 5277/2360/2831 5288/2371/2842 5276/2359/2830
f 5278/2361/2832 5289/2372/2843 5277/2360/2831
f 5279/2363/2834 5290/2373/2844 5278/2361/2832
f 5280/2374/2845 5291/2375/2846 5279/2363/2834
f 5293/2376/2847 5280/2374/2845 5281/2364/2835
f 5294/2377/2848 5281/2364/2835 5282/2365/2836
f 5295/2378/4003 5282/2365/2836 5283/2366/2837
f 5296/2379/2850 5283/2366/2837 5284/2367/2838
f 5297/2380/2851 5284/2367/2838 5285/2368/2839
f 5298/2381/2852 5285/2368/2839 5286/2369/2840
f 5288/2371/2842 5299/2382/2853 5287/2370/2841
f 5289/2372/2843 5300/2383/2854 5288/2371/2842
f 5290/2373/2844 5301/2384/2855 5289/2372/2843
f 5291/2375/2846 5302/2385/2856 5290/2373/2844
f 5292/2386/2857 5303/2387/2858 5291/2375/2846
f 5305/2388/2859 5292/2386/2857 5293/2376/2847
f 5306/2389/2860 5293/2376/2847 5294/2377/2848
f 5307/2390/4004 5294/2377/2848 5295/2378/4003
f 5308/2391/2862 5295/2378/4003 5296/2379/2850
f 5309/2392/2863 5296/2379/2850 5297/2380/2851
f 5310/2393/2864 5297/2380/2851 5298/2381/2852
f 5300/2383/2854 5311/2394/2865 5299/2382/2853
f 5301/2384/2855 5312/2395/2866 5300/2383/2854
f 5302/2385/2856 5313/2396/2867 5301/2384/2855
f 5303/2387/2858 5314/2397/2868 5302/2385/2856
f 5304/2398/2869 5315/2399/4005 5303/2387/2858
f 5317/2400/2871 5304/2398/2869 5305/2388/2859
f 5318/2401/4006 5305/2388/2859 5306/2389/2860
f 5319/2402/2873 5306/2389/2860 5307/2390/4004
f 5320/2403/2874 5307/2390/4004 5308/2391/2862
f 5321/2404/2875 5308/2391/2862 5309/2392/2863
f 5322/2405/2876 5309/2392/2863 5310/2393/2864
f 5312/2395/2866 5323/2406/2877 5311/2394/2865
f 5313/2396/2867 5324/2407/2878 5312/2395/2866
f 5314/2397/2868 5325/2408/2879 5313/2396/2867
f 5315/2399/4005 5326/2409/2880 5314/2397/2868
f 5316/2410/2881 5327/2411/2882 5315/2399/4005
f 5329/2412/2883 5316/2410/2881 5317/2400/2871
f 5330/2413/2884 5317/2400/2871 5318/2401/4006
f 5331/2414/2885 5318/2401/4006 5319/2402/2873
f 5332/2415/2886 5319/2402/2873 5320/2403/2874
f 5333/2416/2887 5320/2403/2874 5321/2404/2875
f 5334/2417/2888 5321/2404/2875 5322/2405/2876
f 5324/2407/2878 5335/2418/2889 5323/2406/2877
f 5325/2408/2879 5336/2419/2890 5324/2407/2878
f 5326/2409/2880 5337/2420/2891 5325/2408/2879
f 5327/2411/2882 5338/2421/4007 5326/2409/2880
f 5328/2422/2893 5339/2423/2894 5327/2411/2882
f 5341/2424/2895 5328/2422/2893 5329/2412/2883
f 5342/2425/2896 5329/2412/2883 5330/2413/2884
f 5343/2426/4008 5330/2413/2884 5331/2414/2885
f 5344/2427/2898 5331/2414/2885 5332/2415/2886
f 5345/2428/2899 5332/2415/2886 5333/2416/2887
f 5346/2429/2900 5333/2416/2887 5334/2417/2888
f 5336/2419/2890 5347/2430/2901 5335/2418/2889
f 5337/2420/2891 5348/2431/2902 5336/2419/2890
f 5338/2421/4007 5349/2432/2903 5337/2420/2891
f 5339/2423/2894 5350/2433/2904 5338/2421/4007
f 5340/2434/2905 5351/2435/2906 5339/2423/2894
f 5353/2436/2907 5340/2434/2905 5341/2424/2895
f 5354/2437/2908 5341/2424/2895 5342/2425/2896
f 5355/2438/2909 5342/2425/2896 5343/2426/4008
f 5356/2439/2910 5343/2426/4008 5344/2427/2898
f 5357/2440/2911 5344/2427/2898 5345/2428/2899
f 5358/2441/2912 5345/2428/2899 5346/2429/2900
f 5348/2431/2902 5359/2442/2913 5347/2430/2901
f 5349/2432/2903 5360/2443/2914 5348/2431/2902
f 5350/2433/2904 5361/2444/2915 5349/2432/2903
f 5351/2435/2906 5362/2445/4009 5350/2433/2904
f 5352/2446/2917 5363/2447/2918 5351/2435/2906
f 5365/2448/2919 5352/2446/2917 5353/2436/2907
f 5366/2449/2920 5353/2436/2907 5354/2437/2908
f 5367/2450/2921 5354/2437/2908 5355/2438/2909
f 5368/2451/2922 5355/2438/2909 5356/2439/2910
f 5369/2452/2923 5356/2439/2910 5357/2440/2911
f 5370/2453/2924 5357/2440/2911 5358/2441/2912
f 5360/2443/2914 5371/2454/2925 5359/2442/2913
f 5361/2444/2915 5372/2455/2926 5360/2443/2914
f 5362/2445/4009 5373/2456/2927 5361/2444/2915
f 5363/2447/2918 5374/2457/2928 5362/2445/4009
f 5364/2458/2929 5375/2459/2930 5363/2447/2918
f 5377/2460/2931 5364/2458/2929 5365/2448/2919
f 5378/2461/2932 5365/2448/2919 5366/2449/2920
f 5379/2462/2933 5366/2449/2920 5367/2450/2921
f 5380/2463/2934 5367/2450/2921 5368/2451/2922
f 5381/2464/2935 5368/2451/2922 5369/2452/2923
f 5382/2465/2936 5369/2452/2923 5370/2453/2924
f 5372/2455/2926 5383/2466/2937 5371/2454/2925
f 5373/2456/2927 5384/2467/2938 5372/2455/2926
f 5374/2457/2928 5385/2468/2939 5373/2456/2927
f 5375/2459/2930 5386/2469/2940 5374/2457/2928
f 5376/2470/2941 5387/2471/2942 5375/2459/2930
f 5389/2472/4010 5376/2470/2941 5377/2460/2931
f 5390/2473/2944 5377/2460/2931 5378/2461/2932
f 5391/2474/2945 5378/2461/2932 5379/2462/2933
f 5392/2475/2946 5379/2462/2933 5380/2463/2934
f 5393/2476/2947 5380/2463/2934 5381/2464/2935
f 5394/2477/2948 5381/2464/2935 5382/2465/2936
f 5396/2478/2949 5383/2466/2937 5384/2467/2938
f 5397/2479/2950 5384/2467/2938 5385/2468/2939
f 5398/2480/2951 5385/2468/2939 5386/2469/2940
f 5399/2481/2952 5386/2469/2940 5387/2471/2942
f 5400/2482/2953 5387/2471/2942 5388/2483/2954
f 5401/2484/2955 5388/2483/2954 5389/2472/4010
f 5390/2473/2944 5401/2484/2955 5389/2472/4010
f 5391/2474/2945 5402/2485/2956 5390/2473/2944
f 5392/2475/2946 5403/2486/2957 5391/2474/2945
f 5393/2476/2947 5404/2487/2958 5392/2475/2946
f 5394/2477/2948 5405/2488/2959 5393/2476/2947
f 5396/2478/2949 5407/128/2960 5395/2489/2961
f 5397/2479/2950 5408/931/2962 5396/2478/2949
f 5398/2480/2951 5409/933/2963 5397/2479/2950
f 5399/2481/2952 5410/934/2964 5398/2480/2951
f 5400/2482/2953 5411/935/2965 5399/2481/2952
f 5413/937/2966 5400/2482/2953 5401/2484/2955
f 5414/938/2967 5401/2484/2955 5402/2485/2956
f 5415/939/2968 5402/2485/2956 5403/2486/2957
f 5416/940/2969 5403/2486/2957 5404/2487/2958
f 5417/942/2970 5404/2487/2958 5405/2488/2959
f 5418/952/2971 5405/2488/2959 5406/2490/2972
f 5420/2491/2973 5407/128/2960 5408/931/2962
f 5421/2492/2974 5408/931/2962 5409/933/2963
f 5422/2493/2975 5409/933/2963 5410/934/2964
f 5423/2494/2976 5410/934/2964 5411/935/2965
f 5424/2495/2977 5411/935/2965 5412/936/2978
f 5425/2496/2979 5412/936/2978 5413/937/2966
f 5414/938/2967 5425/2496/2979 5413/937/2966
f 5415/939/2968 5426/2497/2980 5414/938/2967
f 5416/940/2969 5427/2498/2981 5415/939/2968
f 5417/942/2970 5428/2499/2982 5416/940/2969
f 5418/952/2971 5429/2500/2983 5417/942/2970
f 5432/2501/2984 5419/2502/2985 5420/2491/2973
f 5433/2503/2986 5420/2491/2973 5421/2492/2974
f 5434/2504/2987 5421/2492/2974 5422/2493/2975
f 5435/2505/2988 5422/2493/2975 5423/2494/2976
f 5436/2506/2989 5423/2494/2976 5424/2495/2977
f 5437/2507/2990 5424/2495/2977 5425/2496/2979
f 5426/2497/2980 5437/2507/2990 5425/2496/2979
f 5427/2498/2981 5438/2508/2991 5426/2497/2980
f 5428/2499/2982 5439/2509/2992 5427/2498/2981
f 5429/2500/2983 5440/2510/2993 5428/2499/2982
f 5430/2511/2994 5441/2512/2995 5429/2500/2983
f 5444/2513/2996 5431/2514/2997 5432/2501/2984
f 5445/2515/2998 5432/2501/2984 5433/2503/2986
f 5446/2516/2999 5433/2503/2986 5434/2504/2987
f 5447/2517/3000 5434/2504/2987 5435/2505/2988
f 5448/2518/3001 5435/2505/2988 5436/2506/2989
f 5449/2519/3002 5436/2506/2989 5437/2507/2990
f 5438/2508/2991 5449/2519/3002 5437/2507/2990
f 5439/2509/2992 5450/2520/3003 5438/2508/2991
f 5440/2510/2993 5451/2521/3004 5439/2509/2992
f 5441/2512/2995 5452/2522/3005 5440/2510/2993
f 5442/2523/3006 5453/2524/3007 5441/2512/2995
f 5456/2525/3008 5443/2526/3009 5444/2513/2996
f 5457/2527/3010 5444/2513/2996 5445/2515/2998
f 5458/2528/3011 5445/2515/2998 5446/2516/2999
f 5459/2529/3012 5446/2516/2999 5447/2517/3000
f 5460/2530/3013 5447/2517/3000 5448/2518/3001
f 5461/2531/3014 5448/2518/3001 5449/2519/3002
f 5450/2520/3003 5461/2531/3014 5449/2519/3002
f 5451/2521/3004 5462/2532/3015 5450/2520/3003
f 5452/2522/3005 5463/2533/4011 5451/2521/3004
f 5453/2524/3007 5464/2534/3017 5452/2522/3005
f 5454/2535/3018 5465/2536/3019 5453/2524/3007
f 5468/2537/3020 5455/2538/3021 5456/2525/3008
f 5469/2539/3022 5456/2525/3008 5457/2527/3010
f 5470/2540/3023 5457/2527/3010 5458/2528/3011
f 5471/2541/3024 5458/2528/3011 5459/2529/3012
f 5472/2542/3025 5459/2529/3012 5460/2530/3013
f 5473/2543/3026 5460/2530/3013 5461/2531/3014
f 5462/2532/3015 5473/2543/3026 5461/2531/3014
f 5463/2533/4011 5474/2544/3027 5462/2532/3015
f 5464/2534/3017 5475/2545/3028 5463/2533/4011
f 5465/2536/3019 5476/2546/3029 5464/2534/3017
f 5466/2547/3030 5477/2548/3031 5465/2536/3019
f 5480/2549/3032 5467/2550/3033 5468/2537/3020
f 5481/2551/3034 5468/2537/3020 5469/2539/3022
f 5482/2552/3035 5469/2539/3022 5470/2540/3023
f 5483/2553/3036 5470/2540/3023 5471/2541/3024
f 5484/2554/3037 5471/2541/3024 5472/2542/3025
f 5485/2555/3038 5472/2542/3025 5473/2543/3026
f 5474/2544/3027 5485/2555/3038 5473/2543/3026
f 5475/2545/3028 5486/2556/3039 5474/2544/3027
f 5476/2546/3029 5487/2557/3040 5475/2545/3028
f 5477/2548/3031 5488/2558/3041 5476/2546/3029
f 5478/2559/3042 5489/2560/3043 5477/2548/3031
f 5492/2561/3044 5479/2562/3045 5480/2549/3032
f 5493/2563/4012 5480/2549/3032 5481/2551/3034
f 5494/2564/3047 5481/2551/3034 5482/2552/3035
f 5495/2565/3048 5482/2552/3035 5483/2553/3036
f 5496/2566/3049 5483/2553/3036 5484/2554/3037
f 5497/2567/3050 5484/2554/3037 5485/2555/3038
f 5486/2556/3039 5497/2567/3050 5485/2555/3038
f 5487/2557/3040 5498/2568/3051 5486/2556/3039
f 5488/2558/3041 5499/2569/3052 5487/2557/3040
f 5489/2560/3043 5500/2570/4013 5488/2558/3041
f 5490/2571/3054 5501/2572/3055 5489/2560/3043
f 5504/2573/3056 5491/2574/3057 5492/2561/3044
f 5505/2575/3058 5492/2561/3044 5493/2563/4012
f 5506/2576/3059 5493/2563/4012 5494/2564/3047
f 5507/2577/3060 5494/2564/3047 5495/2565/3048
f 5508/2578/3061 5495/2565/3048 5496/2566/3049
f 5509/2579/3062 5496/2566/3049 5497/2567/3050
f 5498/2568/3051 5509/2579/3062 5497/2567/3050
f 5499/2569/3052 5510/2580/3063 5498/2568/3051
f 5500/2570/4013 5511/2581/3064 5499/2569/3052
f 5501/2572/3055 5512/2582/3065 5500/2570/4013
f 5502/2583/3066 5513/2584/3067 5501/2572/3055
f 5516/2585/3068 5503/2586/3069 5504/2573/3056
f 5517/2587/3070 5504/2573/3056 5505/2575/3058
f 5518/2588/3071 5505/2575/3058 5506/2576/3059
f 5519/2589/3072 5506/2576/3059 5507/2577/3060
f 5520/2590/3073 5507/2577/3060 5508/2578/3061
f 5521/2591/3074 5508/2578/3061 5509/2579/3062
f 5510/2580/3063 5521/2591/3074 5509/2579/3062
f 5511/2581/3064 5522/2592/3075 5510/2580/3063
f 5512/2582/3065 5523/2593/3076 5511/2581/3064
f 5513/2584/3067 5524/2594/3077 5512/2582/3065
f 5514/2595/3078 5525/2596/3079 5513/2584/3067
f 5528/2597/3080 5515/2598/3081 5516/2585/3068
f 5529/2599/3082 5516/2585/3068 5517/2587/3070
f 5530/2600/3083 5517/2587/3070 5518/2588/3071
f 5531/2601/3084 5518/2588/3071 5519/2589/3072
f 5532/2602/3085 5519/2589/3072 5520/2590/3073
f 5533/2603/3086 5520/2590/3073 5521/2591/3074
f 5522/2592/3075 5533/2603/3086 5521/2591/3074
f 5523/2593/3076 5534/2604/3087 5522/2592/3075
f 5524/2594/3077 5535/2605/3088 5523/2593/3076
f 5525/2596/3079 5536/2606/3089 5524/2594/3077
f 5526/2607/3090 5537/2608/3091 5525/2596/3079
f 5540/2609/3092 5527/2610/3093 5528/2597/3080
f 5541/2611/3094 5528/2597/3080 5529/2599/3082
f 5542/2612/3095 5529/2599/3082 5530/2600/3083
f 5543/2613/3096 5530/2600/3083 5531/2601/3084
f 5544/2614/3097 5531/2601/3084 5532/2602/3085
f 5545/2615/3098 5532/2602/3085 5533/2603/3086
f 5534/2604/3087 5545/2615/3098 5533/2603/3086
f 5535/2605/3088 5546/2616/3099 5534/2604/3087
f 5536/2606/3089 5547/2617/3100 5535/2605/3088
f 5537/2608/3091 5548/2618/3101 5536/2606/3089
f 5538/2619/3102 5549/2620/3103 5537/2608/3091
f 5540/2609/3092 5551/2621/3104 5539/2622/3105
f 5541/2611/3094 5552/2623/3106 5540/2609/3092
f 5542/2612/3095 5553/2624/3107 5541/2611/3094
f 5543/2613/3096 5554/2625/3108 5542/2612/3095
f 5544/2614/3097 5555/2626/3109 5543/2613/3096
f 5557/2627/4014 5544/2614/3097 5545/2615/3098
f 5558/2628/3111 5545/2615/3098 5546/2616/3099
f 5559/2629/3112 5546/2616/3099 5547/2617/3100
f 5560/2630/4015 5547/2617/3100 5548/2618/3101
f 5561/2631/3114 5548/2618/3101 5549/2620/3103
f 5562/2632/3115 5549/2620/3103 5550/2633/3116
f 5552/2623/3106 5563/2634/3117 5551/2621/3104
f 5553/2624/3107 5564/2635/3118 5552/2623/3106
f 5554/2625/3108 5565/2636/3119 5553/2624/3107
f 5555/2626/3109 5566/2637/3120 5554/2625/3108
f 5556/2638/4016 5567/2639/3122 5555/2626/3109
f 5569/2640/3123 5556/2638/4016 5557/2627/4014
f 5570/2641/3124 5557/2627/4014 5558/2628/3111
f 5571/2642/3125 5558/2628/3111 5559/2629/3112
f 5572/2643/3126 5559/2629/3112 5560/2630/4015
f 5573/2644/3127 5560/2630/4015 5561/2631/3114
f 5574/2645/3128 5561/2631/3114 5562/2632/3115
f 5576/2646/3129 5563/2634/3117 5564/2635/3118
f 5577/2647/3130 5564/2635/3118 5565/2636/3119
f 5578/2648/3131 5565/2636/3119 5566/2637/3120
f 5579/2649/3132 5566/2637/3120 5567/2639/3122
f 5580/2650/3133 5567/2639/3122 5568/2651/3134
f 5581/2652/3135 5568/2651/3134 5569/2640/3123
f 5570/2641/3124 5581/2652/3135 5569/2640/3123
f 5571/2642/3125 5582/2653/3136 5570/2641/3124
f 5572/2643/3126 5583/2654/3137 5571/2642/3125
f 5573/2644/3127 5584/2655/3138 5572/2643/3126
f 5574/2645/3128 5585/2656/3139 5573/2644/3127
f 5588/2657/3140 5575/2658/3141 5576/2646/3129
f 5589/2659/3142 5576/2646/3129 5577/2647/3130
f 5590/2660/4017 5577/2647/3130 5578/2648/3131
f 5591/2661/3144 5578/2648/3131 5579/2649/3132
f 5592/2662/3145 5579/2649/3132 5580/2650/3133
f 5593/2663/3146 5580/2650/3133 5581/2652/3135
f 5582/2653/3136 5593/2663/3146 5581/2652/3135
f 5583/2654/3137 5594/2664/3147 5582/2653/3136
f 5584/2655/3138 5595/2665/4018 5583/2654/3137
f 5585/2656/3139 5596/2666/3149 5584/2655/3138
f 5586/2667/3150 5597/2668/3151 5585/2656/3139
f 5600/2669/3152 5587/2670/3153 5588/2657/3140
f 5601/2671/3154 5588/2657/3140 5589/2659/3142
f 5602/2672/3155 5589/2659/3142 5590/2660/4017
f 5603/2673/3156 5590/2660/4017 5591/2661/3144
f 5604/2674/3157 5591/2661/3144 5592/2662/3145
f 5605/2675/3158 5592/2662/3145 5593/2663/3146
f 5594/2664/3147 5605/2675/3158 5593/2663/3146
f 5595/2665/4018 5606/2676/3159 5594/2664/3147
f 5596/2666/3149 5607/2677/3160 5595/2665/4018
f 5597/2668/3151 5608/2678/3161 5596/2666/3149
f 5598/2679/3162 5609/2680/3163 5597/2668/3151
f 5612/2681/3164 5599/2682/3165 5600/2669/3152
f 5613/2683/3166 5600/2669/3152 5601/2671/3154
f 5614/2684/3167 5601/2671/3154 5602/2672/3155
f 5615/2685/4019 5602/2672/3155 5603/2673/3156
f 5616/2686/3169 5603/2673/3156 5604/2674/3157
f 5617/2687/3170 5604/2674/3157 5605/2675/3158
f 5606/2676/3159 5617/2687/3170 5605/2675/3158
f 5607/2677/3160 5618/2688/3171 5606/2676/3159
f 5608/2678/3161 5619/2689/4020 5607/2677/3160
f 5609/2680/3163 5620/2690/3173 5608/2678/3161
f 5610/2691/3174 5621/2692/3175 5609/2680/3163
f 5624/2693/3176 5611/2694/3177 5612/2681/3164
f 5625/2695/4021 5612/2681/3164 5613/2683/3166
f 5626/2696/4022 5613/2683/3166 5614/2684/3167
f 5627/2697/3180 5614/2684/3167 5615/2685/4019
f 5628/2698/3181 5615/2685/4019 5616/2686/3169
f 5629/2699/3182 5616/2686/3169 5617/2687/3170
f 5618/2688/3171 5629/2699/3182 5617/2687/3170
f 5619/2689/4020 5630/2700/3183 5618/2688/3171
f 5620/2690/3173 5631/2701/3184 5619/2689/4020
f 5621/2692/3175 5632/2702/4023 5620/2690/3173
f 5622/2703/3186 5633/2704/3187 5621/2692/3175
f 5636/2705/3188 5623/2706/3189 5624/2693/3176
f 5637/2707/3190 5624/2693/3176 5625/2695/4021
f 5638/2708/3191 5625/2695/4021 5626/2696/4022
f 5639/2709/4024 5626/2696/4022 5627/2697/3180
f 5640/2710/3193 5627/2697/3180 5628/2698/3181
f 5641/2711/3194 5628/2698/3181 5629/2699/3182
f 5630/2700/3183 5641/2711/3194 5629/2699/3182
f 5631/2701/3184 5642/2712/3195 5630/2700/3183
f 5632/2702/4023 5643/2713/3196 5631/2701/3184
f 5633/2704/3187 5644/2714/3197 5632/2702/4023
f 5634/2715/3198 5645/2716/3199 5633/2704/3187
f 5648/2717/3200 5635/2718/3201 5636/2705/3188
f 5649/2719/4025 5636/2705/3188 5637/2707/3190
f 5650/2720/4026 5637/2707/3190 5638/2708/3191
f 5651/2721/3204 5638/2708/3191 5639/2709/4024
f 5652/2722/3205 5639/2709/4024 5640/2710/3193
f 5653/2723/3206 5640/2710/3193 5641/2711/3194
f 5642/2712/3195 5653/2723/3206 5641/2711/3194
f 5643/2713/3196 5654/2724/3207 5642/2712/3195
f 5644/2714/3197 5655/2725/3208 5643/2713/3196
f 5645/2716/3199 5656/2726/3209 5644/2714/3197
f 5646/2727/3210 5657/2728/3211 5645/2716/3199
f 5660/2729/3212 5647/2730/3213 5648/2717/3200
f 5661/2731/3214 5648/2717/3200 5649/2719/4025
f 5662/2732/3215 5649/2719/4025 5650/2720/4026
f 5663/2733/3216 5650/2720/4026 5651/2721/3204
f 5664/2734/4027 5651/2721/3204 5652/2722/3205
f 5665/2735/4028 5652/2722/3205 5653/2723/3206
f 5654/2724/3207 5665/2735/4028 5653/2723/3206
f 5655/2725/3208 5666/2736/3219 5654/2724/3207
f 5656/2726/3209 5667/2737/3220 5655/2725/3208
f 5657/2728/3211 5668/2738/3221 5656/2726/3209
f 5658/2739/3222 5669/2740/3223 5657/2728/3211
f 5672/2741/3224 5659/2742/3225 5660/2729/3212
f 5673/2743/3226 5660/2729/3212 5661/2731/3214
f 5674/2744/3227 5661/2731/3214 5662/2732/3215
f 5675/2745/3228 5662/2732/3215 5663/2733/3216
f 5676/2746/4029 5663/2733/3216 5664/2734/4027
f 5677/2747/4030 5664/2734/4027 5665/2735/4028
f 5666/2736/3219 5677/2747/4030 5665/2735/4028
f 5667/2737/3220 5678/2748/3231 5666/2736/3219
f 5668/2738/3221 5679/2749/3232 5667/2737/3220
f 5669/2740/3223 5680/2750/3233 5668/2738/3221
f 5670/2751/3234 5681/2752/3235 5669/2740/3223
f 5684/2753/3236 5671/2754/3237 5672/2741/3224
f 5685/2755/3238 5672/2741/3224 5673/2743/3226
f 5686/2756/3239 5673/2743/3226 5674/2744/3227
f 5687/2757/3240 5674/2744/3227 5675/2745/3228
f 5688/2758/3241 5675/2745/3228 5676/2746/4029
f 5689/2759/3242 5676/2746/4029 5677/2747/4030
f 5678/2748/3231 5689/2759/3242 5677/2747/4030
f 5679/2749/3232 5690/2760/3243 5678/2748/3231
f 5680/2750/3233 5691/2761/3244 5679/2749/3232
f 5681/2752/3235 5692/2762/3245 5680/2750/3233
f 5682/2763/3246 5693/2764/3247 5681/2752/3235
f 5684/2753/3236 5695/2765/3248 5683/2766/3249
f 5685/2755/3238 5696/2767/3250 5684/2753/3236
f 5686/2756/3239 5697/2768/3251 5685/2755/3238
f 5687/2757/3240 5698/2769/3252 5686/2756/3239
f 5688/2758/3241 5699/2770/3253 5687/2757/3240
f 5701/2771/3254 5688/2758/3241 5689/2759/3242
f 5702/2772/3255 5689/2759/3242 5690/2760/3243
f 5703/2773/3256 5690/2760/3243 5691/2761/3244
f 5704/2774/3257 5691/2761/3244 5692/2762/3245
f 5705/2775/3258 5692/2762/3245 5693/2764/3247
f 5706/2776/3259 5693/2764/3247 5694/2777/3260
f 5696/2767/3250 5707/2778/3261 5695/2765/3248
f 5697/2768/3251 5708/2779/3262 5696/2767/3250
f 5698/2769/3252 5709/2780/3263 5697/2768/3251
f 5699/2770/3253 5710/2781/3264 5698/2769/3252
f 5700/2782/3265 5711/2783/3266 5699/2770/3253
f 5713/2784/3267 5700/2782/3265 5701/2771/3254
f 5714/2785/3268 5701/2771/3254 5702/2772/3255
f 5715/2786/3269 5702/2772/3255 5703/2773/3256
f 5716/2787/3270 5703/2773/3256 5704/2774/3257
f 5717/2788/3271 5704/2774/3257 5705/2775/3258
f 5718/2789/3272 5705/2775/3258 5706/2776/3259
f 5708/2779/3262 5719/2790/3273 5707/2778/3261
f 5709/2780/3263 5720/2791/3274 5708/2779/3262
f 5710/2781/3264 5721/2792/3275 5709/2780/3263
f 5711/2783/3266 5722/2793/3276 5710/2781/3264
f 5712/2794/3277 5723/2795/3278 5711/2783/3266
f 5725/2796/3279 5712/2794/3277 5713/2784/3267
f 5726/2797/3280 5713/2784/3267 5714/2785/3268
f 5727/2798/3281 5714/2785/3268 5715/2786/3269
f 5728/2799/3282 5715/2786/3269 5716/2787/3270
f 5729/2800/3283 5716/2787/3270 5717/2788/3271
f 5730/2801/3284 5717/2788/3271 5718/2789/3272
f 5720/2791/3274 5731/2802/3285 5719/2790/3273
f 5721/2792/3275 5732/2803/3286 5720/2791/3274
f 5722/2793/3276 5733/2804/3287 5721/2792/3275
f 5723/2795/3278 5734/2805/3288 5722/2793/3276
f 5724/2806/3289 5735/2807/3290 5723/2795/3278
f 5737/2808/3291 5724/2806/3289 5725/2796/3279
f 5738/2809/3292 5725/2796/3279 5726/2797/3280
f 5739/2810/3293 5726/2797/3280 5727/2798/3281
f 5740/2811/3294 5727/2798/3281 5728/2799/3282
f 5741/2812/3295 5728/2799/3282 5729/2800/3283
f 5742/2813/3296 5729/2800/3283 5730/2801/3284
f 5732/2803/3286 5743/2814/3297 5731/2802/3285
f 5733/2804/3287 5744/2815/3298 5732/2803/3286
f 5734/2805/3288 5745/2816/3299 5733/2804/3287
f 5735/2807/3290 5746/2817/3300 5734/2805/3288
f 5736/2818/3301 5747/2819/3302 5735/2807/3290
f 5749/2820/3303 5736/2818/3301 5737/2808/3291
f 5750/2821/3304 5737/2808/3291 5738/2809/3292
f 5751/2822/3305 5738/2809/3292 5739/2810/3293
f 5752/2823/3306 5739/2810/3293 5740/2811/3294
f 5753/2824/3307 5740/2811/3294 5741/2812/3295
f 5754/2825/3308 5741/2812/3295 5742/2813/3296
f 5744/2815/3298 5755/2826/3309 5743/2814/3297
f 5745/2816/3299 5756/2827/3310 5744/2815/3298
f 5746/2817/3300 5757/2828/3311 5745/2816/3299
f 5747/2819/3302 5758/2829/3312 5746/2817/3300
f 5748/2830/3313 5759/2831/4031 5747/2819/3302
f 5761/2832/3315 5748/2830/3313 5749/2820/3303
f 5762/2833/4032 5749/2820/3303 5750/2821/3304
f 5763/2834/3317 5750/2821/3304 5751/2822/3305
f 5764/2835/3318 5751/2822/3305 5752/2823/3306
f 5765/2836/3319 5752/2823/3306 5753/2824/3307
f 5766/2837/3320 5753/2824/3307 5754/2825/3308
f 5756/2827/3310 5767/2838/3321 5755/2826/3309
f 5757/2828/3311 5768/2839/3322 5756/2827/3310
f 5758/2829/3312 5769/2840/3323 5757/2828/3311
f 5759/2831/4031 5770/2841/3324 5758/2829/3312
f 5760/2842/3325 5771/2843/4033 5759/2831/4031
f 5773/2844/3327 5760/2842/3325 5761/2832/3315
f 5774/2845/3328 5761/2832/3315 5762/2833/4032
f 5775/2846/3329 5762/2833/4032 5763/2834/3317
f 5776/2847/3330 5763/2834/3317 5764/2835/3318
f 5777/2848/3331 5764/2835/3318 5765/2836/3319
f 5778/2849/3332 5765/2836/3319 5766/2837/3320
f 5768/2839/3322 5779/2850/3333 5767/2838/3321
f 5769/2840/3323 5780/2851/3334 5768/2839/3322
f 5770/2841/3324 5781/2852/3335 5769/2840/3323
f 5771/2843/4033 5782/2853/4034 5770/2841/3324
f 5772/2854/3337 5783/2855/4035 5771/2843/4033
f 5785/2856/3339 5772/2854/3337 5773/2844/3327
f 5786/2857/3340 5773/2844/3327 5774/2845/3328
f 5787/2858/4036 5774/2845/3328 5775/2846/3329
f 5788/2859/3342 5775/2846/3329 5776/2847/3330
f 5789/2860/3343 5776/2847/3330 5777/2848/3331
f 5790/2861/3344 5777/2848/3331 5778/2849/3332
f 5780/2851/3334 5791/2862/3345 5779/2850/3333
f 5781/2852/3335 5792/2863/3346 5780/2851/3334
f 5782/2853/4034 5793/2864/3347 5781/2852/3335
f 5783/2855/4035 5794/2865/3348 5782/2853/4034
f 5784/2866/3349 5795/2867/3350 5783/2855/4035
f 5797/2868/3351 5784/2866/3349 5785/2856/3339
f 5798/2869/3352 5785/2856/3339 5786/2857/3340
f 5799/2870/3353 5786/2857/3340 5787/2858/4036
f 5800/2871/3354 5787/2858/4036 5788/2859/3342
f 5801/2872/3355 5788/2859/3342 5789/2860/3343
f 5802/2873/3356 5789/2860/3343 5790/2861/3344
f 5792/2863/3346 5803/2874/3357 5791/2862/3345
f 5793/2864/3347 5804/2875/3358 5792/2863/3346
f 5794/2865/3348 5805/2876/3359 5793/2864/3347
f 5795/2867/3350 5806/2877/3360 5794/2865/3348
f 5796/2878/3361 5807/2879/3362 5795/2867/3350
f 5809/2880/3363 5796/2878/3361 5797/2868/3351
f 5810/2881/3364 5797/2868/3351 5798/2869/3352
f 5811/2882/3365 5798/2869/3352 5799/2870/3353
f 5812/2883/3366 5799/2870/3353 5800/2871/3354
f 5813/2884/3367 5800/2871/3354 5801/2872/3355
f 5814/2885/3368 5801/2872/3355 5802/2873/3356
f 5804/2875/3358 5815/2886/3369 5803/2874/3357
f 5805/2876/3359 5816/2887/3370 5804/2875/3358
f 5806/2877/3360 5817/2888/3371 5805/2876/3359
f 5807/2879/3362 5818/2889/3372 5806/2877/3360
f 5808/2890/3373 5819/2891/3374 5807/2879/3362
f 5821/2892/3375 5808/2890/3373 5809/2880/3363
f 5822/2893/3376 5809/2880/3363 5810/2881/3364
f 5823/2894/3377 5810/2881/3364 5811/2882/3365
f 5824/2895/4037 5811/2882/3365 5812/2883/3366
f 5825/2896/3379 5812/2883/3366 5813/2884/3367
f 5826/2897/3380 5813/2884/3367 5814/2885/3368
f 5828/2898/3381 5815/2886/3369 5816/2887/3370
f 5829/2899/3382 5816/2887/3370 5817/2888/3371
f 5830/2900/3383 5817/2888/3371 5818/2889/3372
f 5831/2901/3384 5818/2889/3372 5819/2891/3374
f 5832/2902/3385 5819/2891/3374 5820/2903/3386
f 5833/2904/3387 5820/2903/3386 5821/2892/3375
f 5822/2893/3376 5833/2904/3387 5821/2892/3375
f 5823/2894/3377 5834/2905/3388 5822/2893/3376
f 5824/2895/4037 5835/2906/3389 5823/2894/3377
f 5825/2896/3379 5836/2907/3390 5824/2895/4037
f 5826/2897/3380 5837/2908/3391 5825/2896/3379
f 5840/2909/3392 5827/2910/3393 5828/2898/3381
f 5841/2911/3394 5828/2898/3381 5829/2899/3382
f 5842/2912/3395 5829/2899/3382 5830/2900/3383
f 5843/2913/3396 5830/2900/3383 5831/2901/3384
f 5844/2914/3397 5831/2901/3384 5832/2902/3385
f 5845/2915/3398 5832/2902/3385 5833/2904/3387
f 5834/2905/3388 5845/2915/3398 5833/2904/3387
f 5835/2906/3389 5846/2916/3399 5834/2905/3388
f 5836/2907/3390 5847/2917/3400 5835/2906/3389
f 5837/2908/3391 5848/2918/3401 5836/2907/3390
f 5838/2919/3402 5849/2920/3403 5837/2908/3391
f 5840/2909/3392 4963/49/2520 5839/2921/3404
f 5841/2911/3394 4964/1542/2518 5840/2909/3392
f 5842/2912/3395 4965/1544/2521 5841/2911/3394
f 5843/2913/3396 4966/1545/2523 5842/2912/3395
f 5844/2914/3397 4967/1546/2525 5843/2913/3396
f 4969/1548/2530 5844/2914/3397 5845/2915/3398
f 4970/1549/2532 5845/2915/3398 5846/2916/3399
f 4971/1550/2534 5846/2916/3399 5847/2917/3400
f 4972/1551/2536 5847/2917/3400 5848/2918/3401
f 4973/1553/2538 5848/2918/3401 5849/2920/3403
f 4974/2057/2540 5849/2920/3403 5850/2922/3405
f 5864/1555/3406 5851/38/3407 5852/322/3408
f 5865/1556/3409 5852/322/3408 5853/324/3410
f 5866/1557/3411 5853/324/3410 5854/326/3412
f 5867/1558/3413 5854/326/3412 5855/328/3414
f 5868/1559/3415 5855/328/3414 5856/330/3416
f 5869/1571/3417 5856/330/3416 5857/333/3418
f 5858/335/3419 5869/1571/3417 5857/333/3418
f 5859/337/3420 5870/1560/3421 5858/335/3419
f 5860/339/3422 5871/1561/3423 5859/337/3420
f 5861/341/3424 5872/1562/4038 5860/339/3422
f 5862/343/3426 5873/1563/3427 5861/341/3424
f 5876/1566/3428 5863/1554/3429 5864/1555/3406
f 5877/1567/3430 5864/1555/3406 5865/1556/3409
f 5878/1568/3431 5865/1556/3409 5866/1557/3411
f 5879/1569/3432 5866/1557/3411 5867/1558/3413
f 5880/1581/3433 5867/1558/3413 5868/1559/3415
f 5881/1570/3434 5868/1559/3415 5869/1571/3417
f 5870/1560/3421 5881/1570/3434 5869/1571/3417
f 5871/1561/3423 5882/1572/3435 5870/1560/3421
f 5872/1562/4038 5883/1573/3436 5871/1561/3423
f 5873/1563/3427 5884/1574/3437 5872/1562/4038
f 5874/1564/3438 5885/1575/4039 5873/1563/3427
f 5888/1578/3440 5875/1565/3441 5876/1566/3428
f 5889/1579/3442 5876/1566/3428 5877/1567/3430
f 5890/1580/3443 5877/1567/3430 5878/1568/3431
f 5891/1582/3444 5878/1568/3431 5879/1569/3432
f 5892/1593/3445 5879/1569/3432 5880/1581/3433
f 5893/1583/3446 5880/1581/3433 5881/1570/3434
f 5882/1572/3435 5893/1583/3446 5881/1570/3434
f 5883/1573/3436 5894/1584/3447 5882/1572/3435
f 5884/1574/3437 5895/1585/3448 5883/1573/3436
f 5885/1575/4039 5896/1586/3449 5884/1574/3437
f 5886/1576/3450 5897/1587/3451 5885/1575/4039
f 5900/1590/3452 5887/1577/3453 5888/1578/3440
f 5901/1591/3454 5888/1578/3440 5889/1579/3442
f 5902/1592/3455 5889/1579/3442 5890/1580/3443
f 5903/1594/3456 5890/1580/3443 5891/1582/3444
f 5904/1595/3457 5891/1582/3444 5892/1593/3445
f 5905/1607/3458 5892/1593/3445 5893/1583/3446
f 5894/1584/3447 5905/1607/3458 5893/1583/3446
f 5895/1585/3448 5906/1596/3459 5894/1584/3447
f 5896/1586/3449 5907/1597/3460 5895/1585/3448
f 5897/1587/3451 5908/1598/3461 5896/1586/3449
f 5898/1588/3462 5909/1599/3463 5897/1587/3451
f 5912/1601/3464 5899/1589/3465 5900/1590/3452
f 5913/1602/3466 5900/1590/3452 5901/1591/3454
f 5914/1603/3467 5901/1591/3454 5902/1592/3455
f 5915/1604/3468 5902/1592/3455 5903/1594/3456
f 5916/1605/3469 5903/1594/3456 5904/1595/3457
f 5917/1606/3470 5904/1595/3457 5905/1607/3458
f 5906/1596/3459 5917/1606/3470 5905/1607/3458
f 5907/1597/3460 5918/1608/3471 5906/1596/3459
f 5908/1598/3461 5919/1609/3472 5907/1597/3460
f 5909/1599/3463 5920/1610/3473 5908/1598/3461
f 5910/1600/3474 5921/1611/3475 5909/1599/3463
f 5912/1601/3464 5923/1625/3476 5911/1613/3477
f 5913/1602/3466 5924/1612/3478 5912/1601/3464
f 5914/1603/3467 5925/1614/3479 5913/1602/3466
f 5915/1604/3468 5926/1615/3480 5914/1603/3467
f 5916/1605/3469 5927/1616/3481 5915/1604/3468
f 5929/1618/3482 5916/1605/3469 5917/1606/3470
f 5930/1619/3483 5917/1606/3470 5918/1608/3471
f 5931/1620/3484 5918/1608/3471 5919/1609/3472
f 5932/1621/3485 5919/1609/3472 5920/1610/3473
f 5933/1623/3486 5920/1610/3473 5921/1611/3475
f 5934/1634/3487 5921/1611/3475 5922/1622/3488
f 5924/1612/3478 5935/1636/3489 5923/1625/3476
f 5925/1614/3479 5936/1624/4040 5924/1612/3478
f 5926/1615/3480 5937/1626/3491 5925/1614/3479
f 5927/1616/3481 5938/1627/3492 5926/1615/3480
f 5928/1617/3493 5939/1628/3494 5927/1616/3481
f 5941/1630/3495 5928/1617/3493 5929/1618/3482
f 5942/1631/3496 5929/1618/3482 5930/1619/3483
f 5943/1632/3497 5930/1619/3483 5931/1620/3484
f 5944/1633/3498 5931/1620/3484 5932/1621/3485
f 5945/1635/3499 5932/1621/3485 5933/1623/3486
f 5946/1637/3500 5933/1623/3486 5934/1634/3487
f 5936/1624/4040 5947/524/3501 5935/1636/3489
f 5937/1626/3491 5948/525/3502 5936/1624/4040
f 5938/1627/3492 5949/526/3503 5937/1626/3491
f 5939/1628/3494 5950/527/3504 5938/1627/3492
f 5940/1629/3505 5951/529/3506 5939/1628/3494
f 5953/530/3507 5940/1629/3505 5941/1630/3495
f 5954/531/3508 5941/1630/3495 5942/1631/3496
f 5955/532/3509 5942/1631/3496 5943/1632/3497
f 5956/533/3510 5943/1632/3497 5944/1633/3498
f 5957/534/3511 5944/1633/3498 5945/1635/3499
f 5958/535/3512 5945/1635/3499 5946/1637/3500
f 5948/525/3502 5959/1649/3513 5947/524/3501
f 5949/526/3503 5960/1638/3514 5948/525/3502
f 5950/527/3504 5961/1639/3515 5949/526/3503
f 5951/529/3506 5962/1640/3516 5950/527/3504
f 5952/540/3517 5963/1641/3518 5951/529/3506
f 5965/1643/3519 5952/540/3517 5953/530/3507
f 5966/1644/3520 5953/530/3507 5954/531/3508
f 5967/1645/3521 5954/531/3508 5955/532/3509
f 5968/1646/4041 5955/532/3509 5956/533/3510
f 5969/1647/3523 5956/533/3510 5957/534/3511
f 5970/1658/3524 5957/534/3511 5958/535/3512
f 5960/1638/3514 5971/1661/3525 5959/1649/3513
f 5961/1639/3515 5972/1648/3526 5960/1638/3514
f 5962/1640/3516 5973/1650/3527 5961/1639/3515
f 5963/1641/3518 5974/1651/3528 5962/1640/3516
f 5964/1642/3529 5975/1652/3530 5963/1641/3518
f 5977/1654/3531 5964/1642/3529 5965/1643/3519
f 5978/1655/3532 5965/1643/3519 5966/1644/3520
f 5979/1656/3533 5966/1644/3520 5967/1645/3521
f 5980/1657/3534 5967/1645/3521 5968/1646/4041
f 5981/1659/3535 5968/1646/4041 5969/1647/3523
f 5982/1670/3536 5969/1647/3523 5970/1658/3524
f 5972/1648/3526 5983/1673/3537 5971/1661/3525
f 5973/1650/3527 5984/1660/3538 5972/1648/3526
f 5974/1651/3528 5985/1662/3539 5973/1650/3527
f 5975/1652/3530 5986/1663/3540 5974/1651/3528
f 5976/1653/3541 5987/1664/3542 5975/1652/3530
f 5989/1666/3543 5976/1653/3541 5977/1654/3531
f 5990/1667/3544 5977/1654/3531 5978/1655/3532
f 5991/1668/3545 5978/1655/3532 5979/1656/3533
f 5992/1669/3546 5979/1656/3533 5980/1657/3534
f 5993/1671/3547 5980/1657/3534 5981/1659/3535
f 5994/1684/3548 5981/1659/3535 5982/1670/3536
f 5996/1674/3549 5983/1673/3537 5984/1660/3538
f 5997/1675/3550 5984/1660/3538 5985/1662/3539
f 5998/1676/3551 5985/1662/3539 5986/1663/3540
f 5999/1677/4042 5986/1663/3540 5987/1664/3542
f 6000/1689/3553 5987/1664/3542 5988/1665/3554
f 6001/1678/3555 5988/1665/3554 5989/1666/3543
f 5990/1667/3544 6001/1678/3555 5989/1666/3543
f 5991/1668/3545 6002/1679/4043 5990/1667/3544
f 5992/1669/3546 6003/1680/3557 5991/1668/3545
f 5993/1671/3547 6004/1681/3558 5992/1669/3546
f 5994/1684/3548 6005/1682/3559 5993/1671/3547
f 6008/1686/3560 5995/1672/3561 5996/1674/3549
f 6009/1687/3562 5996/1674/3549 5997/1675/3550
f 6010/1688/3563 5997/1675/3550 5998/1676/3551
f 6011/1690/3564 5998/1676/3551 5999/1677/4042
f 6012/1701/3565 5999/1677/4042 6000/1689/3553
f 6013/1691/3566 6000/1689/3553 6001/1678/3555
f 6002/1679/4043 6013/1691/3566 6001/1678/3555
f 6003/1680/3557 6014/1692/3567 6002/1679/4043
f 6004/1681/3558 6015/1693/3568 6003/1680/3557
f 6005/1682/3559 6016/1694/3569 6004/1681/3558
f 6006/1683/3570 6017/1695/3571 6005/1682/3559
f 6020/1698/3572 6007/1685/3573 6008/1686/3560
f 6021/1699/3574 6008/1686/3560 6009/1687/3562
f 6022/1700/3575 6009/1687/3562 6010/1688/3563
f 6023/1702/3576 6010/1688/3563 6011/1690/3564
f 6024/1713/3577 6011/1690/3564 6012/1701/3565
f 6025/1703/3578 6012/1701/3565 6013/1691/3566
f 6014/1692/3567 6025/1703/3578 6013/1691/3566
f 6015/1693/3568 6026/1704/3579 6014/1692/3567
f 6016/1694/3569 6027/1705/3580 6015/1693/3568
f 6017/1695/3571 6028/1706/3581 6016/1694/3569
f 6018/1696/3582 6029/1707/3583 6017/1695/3571
f 6032/1710/3584 6019/1697/3585 6020/1698/3572
f 6033/1711/3586 6020/1698/3572 6021/1699/3574
f 6034/1712/3587 6021/1699/3574 6022/1700/3575
f 6035/1714/3588 6022/1700/3575 6023/1702/3576
f 6036/1721/3589 6023/1702/3576 6024/1713/3577
f 6037/1715/3590 6024/1713/3577 6025/1703/3578
f 6026/1704/3579 6037/1715/3590 6025/1703/3578
f 6027/1705/3580 6038/1716/3591 6026/1704/3579
f 6028/1706/3581 6039/1717/3592 6027/1705/3580
f 6029/1707/3583 6040/1718/3593 6028/1706/3581
f 6030/1708/3594 6041/1719/3595 6029/1707/3583
f 6044/727/3596 6031/1709/3597 6032/1710/3584
f 6045/729/3598 6032/1710/3584 6033/1711/3586
f 6046/730/3599 6033/1711/3586 6034/1712/3587
f 6047/731/3600 6034/1712/3587 6035/1714/3588
f 6048/732/3601 6035/1714/3588 6036/1721/3589
f 6049/733/3602 6036/1721/3589 6037/1715/3590
f 6038/1716/3591 6049/733/3602 6037/1715/3590
f 6039/1717/3592 6050/734/3603 6038/1716/3591
f 6040/1718/3593 6051/735/3604 6039/1717/3592
f 6041/1719/3595 6052/736/3605 6040/1718/3593
f 6042/1720/3606 6053/738/3607 6041/1719/3595
f 6056/1723/3608 6043/740/4044 6044/727/3596
f 6057/1724/3610 6044/727/3596 6045/729/3598
f 6058/1725/3611 6045/729/3598 6046/730/3599
f 6059/1726/3612 6046/730/3599 6047/731/3600
f 6060/1737/3613 6047/731/3600 6048/732/3601
f 6061/1727/3614 6048/732/3601 6049/733/3602
f 6050/734/3603 6061/1727/3614 6049/733/3602
f 6051/735/3604 6062/1728/3615 6050/734/3603
f 6052/736/3605 6063/1729/3616 6051/735/3604
f 6053/738/3607 6064/1730/3617 6052/736/3605
f 6054/749/3618 6065/1731/3619 6053/738/3607
f 6056/1723/3608 6067/1733/3620 6055/1722/3621
f 6057/1724/3610 6068/1734/3622 6056/1723/3608
f 6058/1725/3611 6069/1735/3623 6057/1724/3610
f 6059/1726/3612 6070/1736/3624 6058/1725/3611
f 6060/1737/3613 6071/1738/3625 6059/1726/3612
f 6073/1739/3626 6060/1737/3613 6061/1727/3614
f 6074/1740/3627 6061/1727/3614 6062/1728/3615
f 6075/1741/3628 6062/1728/3615 6063/1729/3616
f 6076/1742/3629 6063/1729/3616 6064/1730/3617
f 6077/1743/3630 6064/1730/3617 6065/1731/3619
f 6078/1744/3631 6065/1731/3619 6066/1732/3632
f 6068/1734/3622 6079/1757/3633 6067/1733/3620
f 6069/1735/3623 6080/1745/3634 6068/1734/3622
f 6070/1736/3624 6081/1746/3635 6069/1735/3623
f 6071/1738/3625 6082/1747/3636 6070/1736/3624
f 6072/1750/3637 6083/1748/3638 6071/1738/3625
f 6085/1751/4045 6072/1750/3637 6073/1739/3626
f 6086/1752/3640 6073/1739/3626 6074/1740/3627
f 6087/1753/3641 6074/1740/3627 6075/1741/3628
f 6088/1754/3642 6075/1741/3628 6076/1742/3629
f 6089/1755/3643 6076/1742/3629 6077/1743/3630
f 6090/1766/3644 6077/1743/3630 6078/1744/3631
f 6080/1745/3634 6091/1769/3645 6079/1757/3633
f 6081/1746/3635 6092/1756/4046 6080/1745/3634
f 6082/1747/3636 6093/1758/3647 6081/1746/3635
f 6083/1748/3638 6094/1759/3648 6082/1747/3636
f 6084/1749/3649 6095/1760/3650 6083/1748/3638
f 6097/1762/4047 6084/1749/3649 6085/1751/4045
f 6098/1763/3652 6085/1751/4045 6086/1752/3640
f 6099/1764/3653 6086/1752/3640 6087/1753/3641
f 6100/1765/3654 6087/1753/3641 6088/1754/3642
f 6101/1767/4048 6088/1754/3642 6089/1755/3643
f 6102/1778/3656 6089/1755/3643 6090/1766/3644
f 6092/1756/4046 6103/1781/3657 6091/1769/3645
f 6093/1758/3647 6104/1768/3658 6092/1756/4046
f 6094/1759/3648 6105/1770/3659 6093/1758/3647
f 6095/1760/3650 6106/1771/3660 6094/1759/3648
f 6096/1761/4049 6107/1772/3662 6095/1760/3650
f 6109/1774/3663 6096/1761/4049 6097/1762/4047
f 6110/1775/3664 6097/1762/4047 6098/1763/3652
f 6111/1776/3665 6098/1763/3652 6099/1764/3653
f 6112/1777/3666 6099/1764/3653 6100/1765/3654
f 6113/1779/3667 6100/1765/3654 6101/1767/4048
f 6114/1790/3668 6101/1767/4048 6102/1778/3656
f 6104/1768/3658 6115/1793/3669 6103/1781/3657
f 6105/1770/3659 6116/1780/3670 6104/1768/3658
f 6106/1771/3660 6117/1782/3671 6105/1770/3659
f 6107/1772/3662 6118/1783/3672 6106/1771/3660
f 6108/1773/3673 6119/1784/4050 6107/1772/3662
f 6121/1786/3675 6108/1773/3673 6109/1774/3663
f 6122/1787/3676 6109/1774/3663 6110/1775/3664
f 6123/1788/3677 6110/1775/3664 6111/1776/3665
f 6124/1789/3678 6111/1776/3665 6112/1777/3666
f 6125/1791/3679 6112/1777/3666 6113/1779/3667
f 6126/1802/3680 6113/1779/3667 6114/1790/3668
f 6116/1780/3670 6127/1804/1656 6115/1793/3669
f 6117/1782/3671 6128/1792/3681 6116/1780/3670
f 6118/1783/3672 6129/1794/3682 6117/1782/3671
f 6119/1784/4050 6130/1795/3683 6118/1783/3672
f 6120/1785/3684 6131/1796/3685 6119/1784/4050
f 6133/1798/3686 6120/1785/3684 6121/1786/3675
f 6134/1799/3687 6121/1786/3675 6122/1787/3676
f 6135/1800/3688 6122/1787/3676 6123/1788/3677
f 6136/1801/3689 6123/1788/3677 6124/1789/3678
f 6137/1803/3690 6124/1789/3678 6125/1791/3679
f 6138/1805/1667 6125/1791/3679 6126/1802/3680
f 6140/931/3691 6127/1804/1656 6128/1792/3681
f 6141/933/3692 6128/1792/3681 6129/1794/3682
f 6142/934/3693 6129/1794/3682 6130/1795/3683
f 6143/935/4051 6130/1795/3683 6131/1796/3685
f 6144/936/3695 6131/1796/3685 6132/1797/3696
f 6145/937/3697 6132/1797/3696 6133/1798/3686
f 6134/1799/3687 6145/937/3697 6133/1798/3686
f 6135/1800/3688 6146/938/4052 6134/1799/3687
f 6136/1801/3689 6147/939/3699 6135/1800/3688
f 6137/1803/3690 6148/940/3700 6136/1801/3689
f 6138/1805/1667 6149/942/3701 6137/1803/3690
f 6152/1807/3702 6139/128/3703 6140/931/3691
f 6153/1808/3704 6140/931/3691 6141/933/3692
f 6154/1809/4053 6141/933/3692 6142/934/3693
f 6155/1810/3706 6142/934/3693 6143/935/4051
f 6156/1821/3707 6143/935/4051 6144/936/3695
f 6157/1811/3708 6144/936/3695 6145/937/3697
f 6146/938/4052 6157/1811/3708 6145/937/3697
f 6147/939/3699 6158/1812/3709 6146/938/4052
f 6148/940/3700 6159/1813/3710 6147/939/3699
f 6149/942/3701 6160/1814/3711 6148/940/3700
f 6150/952/3712 6161/1815/3713 6149/942/3701
f 6164/1818/4054 6151/1806/3715 6152/1807/3702
f 6165/1819/3716 6152/1807/3702 6153/1808/3704
f 6166/1820/3717 6153/1808/3704 6154/1809/4053
f 6167/1822/3718 6154/1809/4053 6155/1810/3706
f 6168/1833/4055 6155/1810/3706 6156/1821/3707
f 6169/1823/4056 6156/1821/3707 6157/1811/3708
f 6158/1812/3709 6169/1823/4056 6157/1811/3708
f 6159/1813/3710 6170/1824/3721 6158/1812/3709
f 6160/1814/3711 6171/1825/3722 6159/1813/3710
f 6161/1815/3713 6172/1826/3723 6160/1814/3711
f 6162/1816/3724 6173/1827/4057 6161/1815/3713
f 6176/1830/3726 6163/1817/3727 6164/1818/4054
f 6177/1831/3728 6164/1818/4054 6165/1819/3716
f 6178/1832/3729 6165/1819/3716 6166/1820/3717
f 6179/1834/3730 6166/1820/3717 6167/1822/3718
f 6180/1846/3731 6167/1822/3718 6168/1833/4055
f 6181/1835/3732 6168/1833/4055 6169/1823/4056
f 6170/1824/3721 6181/1835/3732 6169/1823/4056
f 6171/1825/3722 6182/1836/3733 6170/1824/3721
f 6172/1826/3723 6183/1837/3734 6171/1825/3722
f 6173/1827/4057 6184/1838/3735 6172/1826/3723
f 6174/1828/3736 6185/1839/3737 6173/1827/4057
f 6188/1841/3738 6175/1829/3739 6176/1830/3726
f 6189/1842/3740 6176/1830/3726 6177/1831/3728
f 6190/1843/3741 6177/1831/3728 6178/1832/3729
f 6191/1844/3742 6178/1832/3729 6179/1834/3730
f 6192/1845/3743 6179/1834/3730 6180/1846/3731
f 6193/1847/3744 6180/1846/3731 6181/1835/3732
f 6182/1836/3733 6193/1847/3744 6181/1835/3732
f 6183/1837/3734 6194/1848/3745 6182/1836/3733
f 6184/1838/3735 6195/1849/3746 6183/1837/3734
f 6185/1839/3737 6196/1850/3747 6184/1838/3735
f 6186/1840/3748 6197/1851/3749 6185/1839/3737
f 6200/1852/3750 6187/1853/4058 6188/1841/3738
f 6201/1854/3752 6188/1841/3738 6189/1842/3740
f 6202/1855/3753 6189/1842/3740 6190/1843/3741
f 6203/1856/3754 6190/1843/3741 6191/1844/3742
f 6204/1857/3755 6191/1844/3742 6192/1845/3743
f 6205/1858/3756 6192/1845/3743 6193/1847/3744
f 6194/1848/3745 6205/1858/3756 6193/1847/3744
f 6195/1849/3746 6206/1859/3757 6194/1848/3745
f 6196/1850/3747 6207/1860/3758 6195/1849/3746
f 6197/1851/3749 6208/1861/3759 6196/1850/3747
f 6198/1862/4059 6209/1863/3761 6197/1851/3749
f 6200/1852/3750 6211/1877/3762 6199/1865/3763
f 6201/1854/3752 6212/1864/3764 6200/1852/3750
f 6202/1855/3753 6213/1866/3765 6201/1854/3752
f 6203/1856/3754 6214/1867/3766 6202/1855/3753
f 6204/1857/3755 6215/1868/3767 6203/1856/3754
f 6217/1870/3768 6204/1857/3755 6205/1858/3756
f 6218/1871/3769 6205/1858/3756 6206/1859/3757
f 6219/1872/3770 6206/1859/3757 6207/1860/3758
f 6220/1873/3771 6207/1860/3758 6208/1861/3759
f 6221/1875/3772 6208/1861/3759 6209/1863/3761
f 6222/1886/3773 6209/1863/3761 6210/1874/3774
f 6212/1864/3764 6223/1888/3775 6211/1877/3762
f 6213/1866/3765 6224/1876/3776 6212/1864/3764
f 6214/1867/3766 6225/1878/3777 6213/1866/3765
f 6215/1868/3767 6226/1879/3778 6214/1867/3766
f 6216/1869/3779 6227/1880/3780 6215/1868/3767
f 6229/1882/3781 6216/1869/3779 6217/1870/3768
f 6230/1883/3782 6217/1870/3768 6218/1871/3769
f 6231/1884/3783 6218/1871/3769 6219/1872/3770
f 6232/1885/3784 6219/1872/3770 6220/1873/3771
f 6233/1887/3785 6220/1873/3771 6221/1875/3772
f 6234/1889/3786 6221/1875/3772 6222/1886/3773
f 6224/1876/3776 6235/1147/3787 6223/1888/3775
f 6225/1878/3777 6236/1134/3788 6224/1876/3776
f 6226/1879/3778 6237/1136/3789 6225/1878/3777
f 6227/1880/3780 6238/1137/3790 6226/1879/3778
f 6228/1881/3791 6239/1138/3792 6227/1880/3780
f 6241/1140/3793 6228/1881/3791 6229/1882/3781
f 6242/1141/3794 6229/1882/3781 6230/1883/3782
f 6243/1142/3795 6230/1883/3782 6231/1884/3783
f 6244/1143/3796 6231/1884/3783 6232/1885/3784
f 6245/1145/3797 6232/1885/3784 6233/1887/3785
f 6246/1156/3798 6233/1887/3785 6234/1889/3786
f 6236/1134/3788 6247/1901/3799 6235/1147/3787
f 6237/1136/3789 6248/1890/3800 6236/1134/3788
f 6238/1137/3790 6249/1891/3801 6237/1136/3789
f 6239/1138/3792 6250/1892/3802 6238/1137/3790
f 6240/1139/3803 6251/1893/3804 6239/1138/3792
f 6253/1895/3805 6240/1139/3803 6241/1140/3793
f 6254/1896/3806 6241/1140/3793 6242/1141/3794
f 6255/1897/3807 6242/1141/3794 6243/1142/3795
f 6256/1898/3808 6243/1142/3795 6244/1143/3796
f 6257/1899/3809 6244/1143/3796 6245/1145/3797
f 6258/1910/3810 6245/1145/3797 6246/1156/3798
f 6248/1890/3800 6259/1913/3811 6247/1901/3799
f 6249/1891/3801 6260/1900/3812 6248/1890/3800
f 6250/1892/3802 6261/1902/3813 6249/1891/3801
f 6251/1893/3804 6262/1903/3814 6250/1892/3802
f 6252/1894/3815 6263/1904/3816 6251/1893/3804
f 6265/1906/3817 6252/1894/3815 6253/1895/3805
f 6266/1907/3818 6253/1895/3805 6254/1896/3806
f 6267/1908/3819 6254/1896/3806 6255/1897/3807
f 6268/1909/3820 6255/1897/3807 6256/1898/3808
f 6269/1911/3821 6256/1898/3808 6257/1899/3809
f 6270/1922/3822 6257/1899/3809 6258/1910/3810
f 6260/1900/3812 6271/1925/3823 6259/1913/3811
f 6261/1902/3813 6272/1912/3824 6260/1900/3812
f 6262/1903/3814 6273/1914/3825 6261/1902/3813
f 6263/1904/3816 6274/1915/3826 6262/1903/3814
f 6264/1905/3827 6275/1916/3828 6263/1904/3816
f 6265/1906/3817 6276/1917/3840 6264/1905/3827
f 6278/1919/3830 6265/1906/3817 6266/1907/3818
f 6279/1920/3831 6266/1907/3818 6267/1908/3819
f 6280/1921/3832 6267/1908/3819 6268/1909/3820
f 6281/1923/3833 6268/1909/3820 6269/1911/3821
f 6282/1936/3834 6269/1911/3821 6270/1922/3822
f 6284/1926/3835 6271/1925/3823 6272/1912/3824
f 6285/1927/3836 6272/1912/3824 6273/1914/3825
f 6286/1928/3837 6273/1914/3825 6274/1915/3826
f 6287/1929/3838 6274/1915/3826 6275/1916/3828
f 6288/1941/3839 6275/1916/3828 6276/1917/3840
f 6289/1930/3841 6276/1917/3840 6277/1918/3829
f 6278/1919/3830 6289/1930/3841 6277/1918/3829
f 6279/1920/3831 6290/1931/3842 6278/1919/3830
f 6280/1921/3832 6291/1932/3843 6279/1920/3831
f 6281/1923/3833 6292/1933/3844 6280/1921/3832
f 6282/1936/3834 6293/1934/3845 6281/1923/3833
f 6296/1938/3846 6283/1924/3847 6284/1926/3835
f 6297/1939/3848 6284/1926/3835 6285/1927/3836
f 6298/1940/3849 6285/1927/3836 6286/1928/3837
f 6299/1942/3850 6286/1928/3837 6287/1929/3838
f 6300/1953/3851 6287/1929/3838 6288/1941/3839
f 6301/1943/3852 6288/1941/3839 6289/1930/3841
f 6290/1931/3842 6301/1943/3852 6289/1930/3841
f 6291/1932/3843 6302/1944/3853 6290/1931/3842
f 6292/1933/3844 6303/1945/3854 6291/1932/3843
f 6293/1934/3845 6304/1946/3855 6292/1933/3844
f 6294/1935/3856 6305/1947/3857 6293/1934/3845
f 6308/1950/3858 6295/1937/3859 6296/1938/3846
f 6309/1951/3860 6296/1938/3846 6297/1939/3848
f 6310/1952/3861 6297/1939/3848 6298/1940/3849
f 6311/1954/3862 6298/1940/3849 6299/1942/3850
f 6312/1965/3863 6299/1942/3850 6300/1953/3851
f 6313/1955/3864 6300/1953/3851 6301/1943/3852
f 6302/1944/3853 6313/1955/3864 6301/1943/3852
f 6303/1945/3854 6314/1956/3865 6302/1944/3853
f 6304/1946/3855 6315/1957/3866 6303/1945/3854
f 6305/1947/3857 6316/1958/3867 6304/1946/3855
f 6306/1948/3868 6317/1959/3869 6305/1947/3857
f 6320/1962/4060 6307/1949/3871 6308/1950/3858
f 6321/1963/3872 6308/1950/3858 6309/1951/3860
f 6322/1964/3873 6309/1951/3860 6310/1952/3861
f 6323/1966/3874 6310/1952/3861 6311/1954/3862
f 6324/1973/3875 6311/1954/3862 6312/1965/3863
f 6325/1967/3876 6312/1965/3863 6313/1955/3864
f 6314/1956/3865 6325/1967/3876 6313/1955/3864
f 6315/1957/3866 6326/1968/3877 6314/1956/3865
f 6316/1958/3867 6327/1969/3878 6315/1957/3866
f 6317/1959/3869 6328/1970/3879 6316/1958/3867
f 6318/1960/3880 6329/1971/4061 6317/1959/3869
f 6332/1340/3882 6319/1961/3883 6320/1962/4060
f 6333/1341/3884 6320/1962/4060 6321/1963/3872
f 6334/1342/3885 6321/1963/3872 6322/1964/3873
f 6335/1343/3886 6322/1964/3873 6323/1966/3874
f 6336/1355/3887 6323/1966/3874 6324/1973/3875
f 6337/1344/3888 6324/1973/3875 6325/1967/3876
f 6326/1968/3877 6337/1344/3888 6325/1967/3876
f 6327/1969/3878 6338/1346/3889 6326/1968/3877
f 6328/1970/3879 6339/1347/3890 6327/1969/3878
f 6329/1971/4061 6340/1348/3891 6328/1970/3879
f 6330/1972/3892 6341/1349/3893 6329/1971/4061
f 6344/1975/3894 6331/1339/3895 6332/1340/3882
f 6345/1976/3896 6332/1340/3882 6333/1341/3884
f 6346/1977/3897 6333/1341/3884 6334/1342/3885
f 6347/1978/3898 6334/1342/3885 6335/1343/3886
f 6348/1989/3899 6335/1343/3886 6336/1355/3887
f 6349/1979/3900 6336/1355/3887 6337/1344/3888
f 6338/1346/3889 6349/1979/3900 6337/1344/3888
f 6339/1347/3890 6350/1980/3901 6338/1346/3889
f 6340/1348/3891 6351/1981/3902 6339/1347/3890
f 6341/1349/3893 6352/1982/3903 6340/1348/3891
f 6342/1350/3904 6353/1983/3905 6341/1349/3893
f 6344/1975/3894 6355/1985/3906 6343/1974/3907
f 6345/1976/3896 6356/1986/3908 6344/1975/3894
f 6346/1977/3897 6357/1987/3909 6345/1976/3896
f 6347/1978/3898 6358/1988/3910 6346/1977/3897
f 6348/1989/3899 6359/1990/3911 6347/1978/3898
f 6361/1991/3912 6348/1989/3899 6349/1979/3900
f 6362/1992/3913 6349/1979/3900 6350/1980/3901
f 6363/1993/3914 6350/1980/3901 6351/1981/3902
f 6364/1994/3915 6351/1981/3902 6352/1982/3903
f 6365/1995/3916 6352/1982/3903 6353/1983/3905
f 6366/1996/3917 6353/1983/3905 6354/1984/3918
f 6356/1986/3908 6367/2009/3919 6355/1985/3906
f 6357/1987/3909 6368/1997/3920 6356/1986/3908
f 6358/1988/3910 6369/1998/3921 6357/1987/3909
f 6359/1990/3911 6370/1999/3922 6358/1988/3910
f 6360/2002/3923 6371/2000/3924 6359/1990/3911
f 6373/2003/3925 6360/2002/3923 6361/1991/3912
f 6374/2004/3926 6361/1991/3912 6362/1992/3913
f 6375/2005/3927 6362/1992/3913 6363/1993/3914
f 6376/2006/3928 6363/1993/3914 6364/1994/3915
f 6377/2007/4062 6364/1994/3915 6365/1995/3916
f 6378/2018/3930 6365/1995/3916 6366/1996/3917
f 6368/1997/3920 6379/2021/3931 6367/2009/3919
f 6369/1998/3921 6380/2008/3932 6368/1997/3920
f 6370/1999/3922 6381/2010/3933 6369/1998/3921
f 6371/2000/3924 6382/2011/3934 6370/1999/3922
f 6372/2001/3935 6383/2012/3936 6371/2000/3924
f 6385/2014/3937 6372/2001/3935 6373/2003/3925
f 6386/2015/3938 6373/2003/3925 6374/2004/3926
f 6387/2016/3939 6374/2004/3926 6375/2005/3927
f 6388/2017/3940 6375/2005/3927 6376/2006/3928
f 6389/2019/3941 6376/2006/3928 6377/2007/4062
f 6390/2030/3942 6377/2007/4062 6378/2018/3930
f 6380/2008/3932 6391/2033/3943 6379/2021/3931
f 6381/2010/3933 6392/2020/4063 6380/2008/3932
f 6382/2011/3934 6393/2022/3945 6381/2010/3933
f 6383/2012/3936 6394/2023/3946 6382/2011/3934
f 6384/2013/3947 6395/2024/3948 6383/2012/3936
f 6397/2026/3949 6384/2013/3947 6385/2014/3937
f 6398/2027/3950 6385/2014/3937 6386/2015/3938
f 6399/2028/3951 6386/2015/3938 6387/2016/3939
f 6400/2029/3952 6387/2016/3939 6388/2017/3940
f 6401/2031/3953 6388/2017/3940 6389/2019/3941
f 6402/2042/3954 6389/2019/3941 6390/2030/3942
f 6392/2020/4063 6403/2045/3955 6391/2033/3943
f 6393/2022/3945 6404/2032/3956 6392/2020/4063
f 6394/2023/3946 6405/2034/3957 6393/2022/3945
f 6395/2024/3948 6406/2035/4064 6394/2023/3946
f 6396/2025/3959 6407/2036/3960 6395/2024/3948
f 6409/2038/3961 6396/2025/3959 6397/2026/3949
f 6410/2039/3962 6397/2026/3949 6398/2027/3950
f 6411/2040/4065 6398/2027/3950 6399/2028/3951
f 6412/2041/3964 6399/2028/3951 6400/2029/3952
f 6413/2043/3965 6400/2029/3952 6401/2031/3953
f 6414/2054/3966 6401/2031/3953 6402/2042/3954
f 6404/2032/3956 6415/2056/1368 6403/2045/3955
f 6405/2034/3957 6416/2044/3967 6404/2032/3956
f 6406/2035/4064 6417/2046/3968 6405/2034/3957
f 6407/2036/3960 6418/2047/3969 6406/2035/4064
f 6408/2037/3970 6419/2048/1359 6407/2036/3960
f 6421/2050/1361 6408/2037/3970 6409/2038/3961
f 6422/2051/1362 6409/2038/3961 6410/2039/3962
f 6423/2052/3971 6410/2039/3962 6411/2040/4065
f 6424/2053/3972 6411/2040/4065 6412/2041/3964
f 6425/2055/3973 6412/2041/3964 6413/2043/3965
f 6426/2058/1379 6413/2043/3965 6414/2054/3966
f 5852/1542/3408 6415/2056/1368 6416/2044/3967
f 5853/1544/3410 6416/2044/3967 6417/2046/3968
f 5854/1545/3412 6417/2046/3968 6418/2047/3969
f 5855/1546/3414 6418/2047/3969 6419/2048/1359
f 5856/1547/3416 6419/2048/1359 6420/2049/1360
f 5857/1548/3418 6420/2049/1360 6421/2050/1361
f 6422/2051/1362 5857/1548/3418 6421/2050/1361
f 6423/2052/3971 5858/1549/3419 6422/2051/1362
f 6424/2053/3972 5859/1550/3420 6423/2052/3971
f 6425/2055/3973 5860/1551/3422 6424/2053/3972
f 6426/2058/1379 5861/1553/3424 6425/2055/3973
f 920/322/3 932/325/7 931/323/4
f 921/324/6 933/327/9 932/325/7
f 922/326/8 934/329/11 933/327/9
f 923/328/10 935/331/13 934/329/11
f 924/330/12 936/348/30 935/331/13
f 937/332/14 936/348/30 924/330/12
f 938/334/16 937/332/14 925/333/15
f 939/336/18 938/334/16 926/335/17
f 940/338/20 939/336/18 927/337/19
f 941/340/22 940/338/20 928/339/21
f 942/342/24 941/340/22 929/341/23
f 932/325/7 944/345/27 943/344/26
f 933/327/9 945/346/28 944/345/27
f 934/329/11 946/347/29 945/346/28
f 935/331/13 947/349/31 946/347/29
f 936/348/30 948/360/42 947/349/31
f 949/350/32 948/360/42 936/348/30
f 950/351/33 949/350/32 937/332/14
f 951/352/34 950/351/33 938/334/16
f 952/353/35 951/352/34 939/336/18
f 953/354/36 952/353/35 940/338/20
f 954/355/37 953/354/36 941/340/22
f 944/345/27 956/357/39 955/356/38
f 945/346/28 957/358/40 956/357/39
f 946/347/29 958/359/41 957/358/40
f 947/349/31 959/361/43 958/359/41
f 948/360/42 960/372/54 959/361/43
f 961/362/44 960/372/54 948/360/42
f 962/363/45 961/362/44 949/350/32
f 963/364/46 962/363/45 950/351/33
f 964/365/47 963/364/46 951/352/34
f 965/366/48 964/365/47 952/353/35
f 966/367/49 965/366/48 953/354/36
f 956/357/39 968/369/51 967/368/50
f 957/358/40 969/370/52 968/369/51
f 958/359/41 970/371/53 969/370/52
f 959/361/43 971/373/55 970/371/53
f 960/372/54 972/384/66 971/373/55
f 973/374/56 972/384/66 960/372/54
f 974/375/57 973/374/56 961/362/44
f 975/376/58 974/375/57 962/363/45
f 976/377/59 975/376/58 963/364/46
f 977/378/60 976/377/59 964/365/47
f 978/379/61 977/378/60 965/366/48
f 968/369/51 980/381/63 979/380/62
f 969/370/52 981/382/64 980/381/63
f 970/371/53 982/383/65 981/382/64
f 971/373/55 983/385/67 982/383/65
f 972/384/66 984/396/78 983/385/67
f 985/386/68 984/396/78 972/384/66
f 986/387/69 985/386/68 973/374/56
f 987/388/70 986/387/69 974/375/57
f 988/389/71 987/388/70 975/376/58
f 989/390/72 988/389/71 976/377/59
f 990/391/73 989/390/72 977/378/60
f 992/392/74 991/403/85 979/380/62
f 993/393/75 992/392/74 980/381/63
f 994/394/76 993/393/75 981/382/64
f 995/395/77 994/394/76 982/383/65
f 984/396/78 996/408/90 995/395/77
f 997/397/79 996/408/90 984/396/78
f 998/398/80 997/397/79 985/386/68
f 987/388/70 999/399/81 998/398/80
f 988/389/71 1000/400/82 999/399/81
f 989/390/72 1001/401/83 1000/400/82
f 990/391/73 1002/413/95 1001/401/83
f 1004/402/84 1003/416/98 991/403/85
f 1005/404/86 1004/402/84 992/392/74
f 1006/405/87 1005/404/86 993/393/75
f 1007/406/88 1006/405/87 994/394/76
f 1008/407/89 1007/406/88 995/395/77
f 1009/409/91 1008/407/89 996/408/90
f 998/398/80 1010/410/92 1009/409/91
f 999/399/81 1011/411/93 1010/410/92
f 1000/400/82 1012/412/94 1011/411/93
f 1001/401/83 1013/414/96 1012/412/94
f 1002/413/95 1014/425/107 1013/414/96
f 1016/415/97 1015/428/110 1003/416/98
f 1017/417/99 1016/415/97 1004/402/84
f 1018/418/100 1017/417/99 1005/404/86
f 1019/419/101 1018/418/100 1006/405/87
f 1020/420/102 1019/419/101 1007/406/88
f 1021/421/103 1020/420/102 1008/407/89
f 1010/410/92 1022/422/104 1021/421/103
f 1011/411/93 1023/423/105 1022/422/104
f 1012/412/94 1024/424/106 1023/423/105
f 1013/414/96 1025/426/108 1024/424/106
f 1014/425/107 1026/437/119 1025/426/108
f 1028/427/109 1027/440/122 1015/428/110
f 1029/429/111 1028/427/109 1016/415/97
f 1030/430/112 1029/429/111 1017/417/99
f 1031/431/113 1030/430/112 1018/418/100
f 1032/432/114 1031/431/113 1019/419/101
f 1033/433/115 1032/432/114 1020/420/102
f 1022/422/104 1034/434/116 1033/433/115
f 1023/423/105 1035/435/117 1034/434/116
f 1024/424/106 1036/436/118 1035/435/117
f 1025/426/108 1037/438/120 1036/436/118
f 1026/437/119 1038/449/131 1037/438/120
f 1040/439/121 1039/452/134 1027/440/122
f 1041/441/123 1040/439/121 1028/427/109
f 1042/442/124 1041/441/123 1029/429/111
f 1043/443/125 1042/442/124 1030/430/112
f 1044/444/126 1043/443/125 1031/431/113
f 1045/445/127 1044/444/126 1032/432/114
f 1034/434/116 1046/446/128 1045/445/127
f 1035/435/117 1047/447/129 1046/446/128
f 1036/436/118 1048/448/130 1047/447/129
f 1037/438/120 1049/450/132 1048/448/130
f 1038/449/131 1050/463/145 1049/450/132
f 1040/439/121 1052/453/135 1051/451/133
f 1041/441/123 1053/454/136 1052/453/135
f 1042/442/124 1054/455/137 1053/454/136
f 1043/443/125 1055/456/138 1054/455/137
f 1044/444/126 1056/468/150 1055/456/138
f 1057/457/139 1056/468/150 1044/444/126
f 1058/458/140 1057/457/139 1045/445/127
f 1059/459/141 1058/458/140 1046/446/128
f 1060/460/142 1059/459/141 1047/447/129
f 1061/461/143 1060/460/142 1048/448/130
f 1062/462/144 1061/461/143 1049/450/132
f 1052/453/135 1064/465/147 1063/464/146
f 1053/454/136 1065/466/148 1064/465/147
f 1054/455/137 1066/467/149 1065/466/148
f 1055/456/138 1067/469/151 1066/467/149
f 1056/468/150 1068/480/162 1067/469/151
f 1069/470/152 1068/480/162 1056/468/150
f 1070/471/153 1069/470/152 1057/457/139
f 1071/472/154 1070/471/153 1058/458/140
f 1072/473/155 1071/472/154 1059/459/141
f 1073/474/156 1072/473/155 1060/460/142
f 1074/475/157 1073/474/156 1061/461/143
f 1064/465/147 1076/477/159 1075/476/158
f 1065/466/148 1077/478/160 1076/477/159
f 1066/467/149 1078/479/161 1077/478/160
f 1067/469/151 1079/481/163 1078/479/161
f 1068/480/162 1080/492/174 1079/481/163
f 1081/482/164 1080/492/174 1068/480/162
f 1082/483/165 1081/482/164 1069/470/152
f 1083/484/166 1082/483/165 1070/471/153
f 1084/485/167 1083/484/166 1071/472/154
f 1085/486/168 1084/485/167 1072/473/155
f 1086/487/169 1085/486/168 1073/474/156
f 1076/477/159 1088/489/171 1087/488/170
f 1077/478/160 1089/490/172 1088/489/171
f 1078/479/161 1090/491/173 1089/490/172
f 1079/481/163 1091/493/175 1090/491/173
f 1080/492/174 1092/504/186 1091/493/175
f 1093/494/176 1092/504/186 1080/492/174
f 1094/495/177 1093/494/176 1081/482/164
f 1095/496/178 1094/495/177 1082/483/165
f 1096/497/179 1095/496/178 1083/484/166
f 1097/498/180 1096/497/179 1084/485/167
f 1098/499/181 1097/498/180 1085/486/168
f 1088/489/171 1100/501/183 1099/500/182
f 1089/490/172 1101/502/184 1100/501/183
f 1090/491/173 1102/503/185 1101/502/184
f 1091/493/175 1103/505/187 1102/503/185
f 1092/504/186 1104/516/198 1103/505/187
f 1105/506/188 1104/516/198 1092/504/186
f 1106/507/189 1105/506/188 1093/494/176
f 1107/508/190 1106/507/189 1094/495/177
f 1108/509/191 1107/508/190 1095/496/178
f 1109/510/192 1108/509/191 1096/497/179
f 1110/511/193 1109/510/192 1097/498/180
f 1100/501/183 1112/513/195 1111/512/194
f 1101/502/184 1113/514/196 1112/513/195
f 1102/503/185 1114/515/197 1113/514/196
f 1103/505/187 1115/517/199 1114/515/197
f 1104/516/198 1116/528/210 1115/517/199
f 1117/518/200 1116/528/210 1104/516/198
f 1118/519/201 1117/518/200 1105/506/188
f 1119/520/202 1118/519/201 1106/507/189
f 1120/521/203 1119/520/202 1107/508/190
f 1121/522/204 1120/521/203 1108/509/191
f 1122/523/205 1121/522/204 1109/510/192
f 1112/513/195 1124/525/207 1123/524/206
f 1113/514/196 1125/526/208 1124/525/207
f 1114/515/197 1126/527/209 1125/526/208
f 1115/517/199 1127/529/211 1126/527/209
f 1116/528/210 1128/540/222 1127/529/211
f 1129/530/212 1128/540/222 1116/528/210
f 1130/531/213 1129/530/212 1117/518/200
f 1131/532/214 1130/531/213 1118/519/201
f 1132/533/215 1131/532/214 1119/520/202
f 1133/534/216 1132/533/215 1120/521/203
f 1134/535/217 1133/534/216 1121/522/204
f 1124/525/207 1136/537/219 1135/536/218
f 1125/526/208 1137/538/220 1136/537/219
f 1126/527/209 1138/539/221 1137/538/220
f 1127/529/211 1139/541/223 1138/539/221
f 1128/540/222 1140/552/234 1139/541/223
f 1141/542/224 1140/552/234 1128/540/222
f 1142/543/225 1141/542/224 1129/530/212
f 1143/544/226 1142/543/225 1130/531/213
f 1144/545/227 1143/544/226 1131/532/214
f 1145/546/228 1144/545/227 1132/533/215
f 1146/547/229 1145/546/228 1133/534/216
f 1136/537/219 1148/549/231 1147/548/230
f 1137/538/220 1149/550/232 1148/549/231
f 1138/539/221 1150/551/233 1149/550/232
f 1139/541/223 1151/553/235 1150/551/233
f 1140/552/234 1152/565/247 1151/553/235
f 1153/554/236 1152/565/247 1140/552/234
f 1154/555/237 1153/554/236 1141/542/224
f 1155/556/238 1154/555/237 1142/543/225
f 1156/557/239 1155/556/238 1143/544/226
f 1157/558/240 1156/557/239 1144/545/227
f 1158/559/241 1157/558/240 1145/546/228
f 1160/560/242 1159/572/254 1147/548/230
f 1161/561/243 1160/560/242 1148/549/231
f 1162/562/244 1161/561/243 1149/550/232
f 1163/563/245 1162/562/244 1150/551/233
f 1164/564/246 1163/563/245 1151/553/235
f 1165/566/248 1164/564/246 1152/565/247
f 1154/555/237 1166/567/249 1165/566/248
f 1155/556/238 1167/568/250 1166/567/249
f 1156/557/239 1168/569/251 1167/568/250
f 1157/558/240 1169/570/252 1168/569/251
f 1158/559/241 1170/581/263 1169/570/252
f 1172/571/253 1171/584/266 1159/572/254
f 1173/573/255 1172/571/253 1160/560/242
f 1174/574/256 1173/573/255 1161/561/243
f 1175/575/257 1174/574/256 1162/562/244
f 1176/576/258 1175/575/257 1163/563/245
f 1177/577/259 1176/576/258 1164/564/246
f 1166/567/249 1178/578/260 1177/577/259
f 1167/568/250 1179/579/261 1178/578/260
f 1168/569/251 1180/580/262 1179/579/261
f 1169/570/252 1181/582/264 1180/580/262
f 1170/581/263 1182/593/275 1181/582/264
f 1184/583/265 1183/596/278 1171/584/266
f 1185/585/267 1184/583/265 1172/571/253
f 1186/586/268 1185/585/267 1173/573/255
f 1187/587/269 1186/586/268 1174/574/256
f 1188/588/270 1187/587/269 1175/575/257
f 1189/589/271 1188/588/270 1176/576/258
f 1178/578/260 1190/590/272 1189/589/271
f 1179/579/261 1191/591/273 1190/590/272
f 1180/580/262 1192/592/274 1191/591/273
f 1181/582/264 1193/594/276 1192/592/274
f 1182/593/275 1194/605/287 1193/594/276
f 1196/595/277 1195/608/290 1183/596/278
f 1197/597/279 1196/595/277 1184/583/265
f 1198/598/280 1197/597/279 1185/585/267
f 1199/599/281 1198/598/280 1186/586/268
f 1200/600/282 1199/599/281 1187/587/269
f 1189/589/271 1201/601/283 1200/600/282
f 1190/590/272 1202/602/284 1201/601/283
f 1191/591/273 1203/603/285 1202/602/284
f 1192/592/274 1204/604/286 1203/603/285
f 1193/594/276 1205/606/288 1204/604/286
f 1194/605/287 1206/619/301 1205/606/288
f 1196/595/277 1208/609/291 1207/607/289
f 1197/597/279 1209/610/292 1208/609/291
f 1198/598/280 1210/611/293 1209/610/292
f 1199/599/281 1211/612/294 1210/611/293
f 1200/600/282 1212/613/295 1211/612/294
f 1201/601/283 1213/626/308 1212/613/295
f 1214/614/296 1213/626/308 1201/601/283
f 1215/615/297 1214/614/296 1202/602/284
f 1216/616/298 1215/615/297 1203/603/285
f 1217/617/299 1216/616/298 1204/604/286
f 1218/618/300 1217/617/299 1205/606/288
f 1208/609/291 1220/621/303 1219/620/302
f 1209/610/292 1221/622/304 1220/621/303
f 1210/611/293 1222/623/305 1221/622/304
f 1211/612/294 1223/624/306 1222/623/305
f 1212/613/295 1224/636/318 1223/624/306
f 1225/625/307 1224/636/318 1212/613/295
f 1226/627/309 1225/625/307 1213/626/308
f 1227/628/310 1226/627/309 1214/614/296
f 1228/629/311 1227/628/310 1215/615/297
f 1229/630/312 1228/629/311 1216/616/298
f 1230/631/313 1229/630/312 1217/617/299
f 1220/621/303 1232/633/315 1231/632/314
f 1221/622/304 1233/634/316 1232/633/315
f 1222/623/305 1234/635/317 1233/634/316
f 1223/624/306 1235/637/319 1234/635/317
f 1224/636/318 1236/649/331 1235/637/319
f 1237/638/320 1236/649/331 1224/636/318
f 1238/639/321 1237/638/320 1225/625/307
f 1239/640/322 1238/639/321 1226/627/309
f 1240/641/323 1239/640/322 1227/628/310
f 1241/642/324 1240/641/323 1228/629/311
f 1242/643/325 1241/642/324 1229/630/312
f 1244/644/326 1243/656/338 1231/632/314
f 1245/645/327 1244/644/326 1232/633/315
f 1246/646/328 1245/645/327 1233/634/316
f 1247/647/329 1246/646/328 1234/635/317
f 1248/648/330 1247/647/329 1235/637/319
f 1249/650/332 1248/648/330 1236/649/331
f 1238/639/321 1250/651/333 1249/650/332
f 1239/640/322 1251/652/334 1250/651/333
f 1240/641/323 1252/653/335 1251/652/334
f 1241/642/324 1253/654/336 1252/653/335
f 1242/643/325 1254/665/347 1253/654/336
f 1256/655/337 1255/668/350 1243/656/338
f 1257/657/339 1256/655/337 1244/644/326
f 1258/658/340 1257/657/339 1245/645/327
f 1259/659/341 1258/658/340 1246/646/328
f 1260/660/342 1259/659/341 1247/647/329
f 1261/661/343 1260/660/342 1248/648/330
f 1250/651/333 1262/662/344 1261/661/343
f 1251/652/334 1263/663/345 1262/662/344
f 1252/653/335 1264/664/346 1263/663/345
f 1253/654/336 1265/666/348 1264/664/346
f 1254/665/347 1266/677/359 1265/666/348
f 1268/667/349 1267/680/362 1255/668/350
f 1269/669/351 1268/667/349 1256/655/337
f 1270/670/352 1269/669/351 1257/657/339
f 1271/671/353 1270/670/352 1258/658/340
f 1272/672/354 1271/671/353 1259/659/341
f 1273/673/355 1272/672/354 1260/660/342
f 1262/662/344 1274/674/356 1273/673/355
f 1263/663/345 1275/675/357 1274/674/356
f 1264/664/346 1276/676/358 1275/675/357
f 1265/666/348 1277/678/360 1276/676/358
f 1266/677/359 1278/689/371 1277/678/360
f 1280/679/361 1279/692/374 1267/680/362
f 1281/681/363 1280/679/361 1268/667/349
f 1282/682/364 1281/681/363 1269/669/351
f 1283/683/365 1282/682/364 1270/670/352
f 1284/684/366 1283/683/365 1271/671/353
f 1273/673/355 1285/685/367 1284/684/366
f 1274/674/356 1286/686/368 1285/685/367
f 1275/675/357 1287/687/369 1286/686/368
f 1276/676/358 1288/688/370 1287/687/369
f 1277/678/360 1289/690/372 1288/688/370
f 1278/689/371 1290/701/383 1289/690/372
f 1292/691/373 1291/704/386 1279/692/374
f 1293/693/375 1292/691/373 1280/679/361
f 1294/694/376 1293/693/375 1281/681/363
f 1295/695/377 1294/694/376 1282/682/364
f 1296/696/378 1295/695/377 1283/683/365
f 1297/697/379 1296/696/378 1284/684/366
f 1286/686/368 1298/698/380 1297/697/379
f 1287/687/369 1299/699/381 1298/698/380
f 1288/688/370 1300/700/382 1299/699/381
f 1289/690/372 1301/702/384 1300/700/382
f 1290/701/383 1302/713/395 1301/702/384
f 1304/703/385 1303/716/398 1291/704/386
f 1305/705/387 1304/703/385 1292/691/373
f 1306/706/388 1305/705/387 1293/693/375
f 1307/707/389 1306/706/388 1294/694/376
f 1308/708/390 1307/707/389 1295/695/377
f 1297/697/379 1309/709/391 1308/708/390
f 1298/698/380 1310/710/392 1309/709/391
f 1299/699/381 1311/711/393 1310/710/392
f 1300/700/382 1312/712/394 1311/711/393
f 1301/702/384 1313/714/396 1312/712/394
f 1302/713/395 1314/725/407 1313/714/396
f 1316/715/397 1315/728/410 1303/716/398
f 1317/717/399 1316/715/397 1304/703/385
f 1318/718/400 1317/717/399 1305/705/387
f 1319/719/401 1318/718/400 1306/706/388
f 1320/720/402 1319/719/401 1307/707/389
f 1321/721/403 1320/720/402 1308/708/390
f 1310/710/392 1322/722/404 1321/721/403
f 1311/711/393 1323/723/405 1322/722/404
f 1312/712/394 1324/724/406 1323/723/405
f 1313/714/396 1325/726/408 1324/724/406
f 1314/725/407 1326/737/419 1325/726/408
f 1328/727/409 1327/740/422 1315/728/410
f 1329/729/411 1328/727/409 1316/715/397
f 1330/730/412 1329/729/411 1317/717/399
f 1331/731/413 1330/730/412 1318/718/400
f 1332/732/414 1331/731/413 1319/719/401
f 1321/721/403 1333/733/415 1332/732/414
f 1322/722/404 1334/734/416 1333/733/415
f 1323/723/405 1335/735/417 1334/734/416
f 1324/724/406 1336/736/418 1335/735/417
f 1325/726/408 1337/738/420 1336/736/418
f 1326/737/419 1338/749/431 1337/738/420
f 1340/739/421 1339/752/434 1327/740/422
f 1341/741/423 1340/739/421 1328/727/409
f 1342/742/424 1341/741/423 1329/729/411
f 1343/743/425 1342/742/424 1330/730/412
f 1344/744/426 1343/743/425 1331/731/413
f 1345/745/427 1344/744/426 1332/732/414
f 1334/734/416 1346/746/428 1345/745/427
f 1335/735/417 1347/747/429 1346/746/428
f 1336/736/418 1348/748/430 1347/747/429
f 1337/738/420 1349/750/432 1348/748/430
f 1338/749/431 1350/761/443 1349/750/432
f 1352/751/433 1351/764/446 1339/752/434
f 1353/753/435 1352/751/433 1340/739/421
f 1354/754/436 1353/753/435 1341/741/423
f 1355/755/437 1354/754/436 1342/742/424
f 1356/756/438 1355/755/437 1343/743/425
f 1357/757/439 1356/756/438 1344/744/426
f 1346/746/428 1358/758/440 1357/757/439
f 1347/747/429 1359/759/441 1358/758/440
f 1348/748/430 1360/760/442 1359/759/441
f 1349/750/432 1361/762/444 1360/760/442
f 1350/761/443 1362/775/457 1361/762/444
f 1352/751/433 1364/765/447 1363/763/445
f 1353/753/435 1365/766/448 1364/765/447
f 1354/754/436 1366/767/449 1365/766/448
f 1355/755/437 1367/768/450 1366/767/449
f 1356/756/438 1368/780/462 1367/768/450
f 1369/769/451 1368/780/462 1356/756/438
f 1370/770/452 1369/769/451 1357/757/439
f 1371/771/453 1370/770/452 1358/758/440
f 1372/772/454 1371/771/453 1359/759/441
f 1373/773/455 1372/772/454 1360/760/442
f 1374/774/456 1373/773/455 1361/762/444
f 1364/765/447 1376/777/459 1375/776/458
f 1365/766/448 1377/778/460 1376/777/459
f 1366/767/449 1378/779/461 1377/778/460
f 1367/768/450 1379/781/463 1378/779/461
f 1368/780/462 1380/792/474 1379/781/463
f 1381/782/464 1380/792/474 1368/780/462
f 1382/783/465 1381/782/464 1369/769/451
f 1383/784/466 1382/783/465 1370/770/452
f 1384/785/467 1383/784/466 1371/771/453
f 1385/786/468 1384/785/467 1372/772/454
f 1386/787/469 1385/786/468 1373/773/455
f 1376/777/459 1388/789/471 1387/788/470
f 1377/778/460 1389/790/472 1388/789/471
f 1378/779/461 1390/791/473 1389/790/472
f 1379/781/463 1391/793/475 1390/791/473
f 1380/792/474 1392/805/487 1391/793/475
f 1393/794/476 1392/805/487 1380/792/474
f 1394/795/477 1393/794/476 1381/782/464
f 1395/796/478 1394/795/477 1382/783/465
f 1396/797/479 1395/796/478 1383/784/466
f 1397/798/480 1396/797/479 1384/785/467
f 1398/799/481 1397/798/480 1385/786/468
f 1400/800/482 1399/812/494 1387/788/470
f 1401/801/483 1400/800/482 1388/789/471
f 1402/802/484 1401/801/483 1389/790/472
f 1403/803/485 1402/802/484 1390/791/473
f 1404/804/486 1403/803/485 1391/793/475
f 1405/806/488 1404/804/486 1392/805/487
f 1394/795/477 1406/807/489 1405/806/488
f 1395/796/478 1407/808/490 1406/807/489
f 1396/797/479 1408/809/491 1407/808/490
f 1397/798/480 1409/810/492 1408/809/491
f 1398/799/481 1410/821/503 1409/810/492
f 1412/811/493 1411/824/506 1399/812/494
f 1413/813/495 1412/811/493 1400/800/482
f 1414/814/496 1413/813/495 1401/801/483
f 1415/815/497 1414/814/496 1402/802/484
f 1416/816/498 1415/815/497 1403/803/485
f 1405/806/488 1417/817/499 1416/816/498
f 1406/807/489 1418/818/500 1417/817/499
f 1407/808/490 1419/819/501 1418/818/500
f 1408/809/491 1420/820/502 1419/819/501
f 1409/810/492 1421/822/504 1420/820/502
f 1410/821/503 1422/833/515 1421/822/504
f 1424/823/505 1423/836/518 1411/824/506
f 1425/825/507 1424/823/505 1412/811/493
f 1426/826/508 1425/825/507 1413/813/495
f 1427/827/509 1426/826/508 1414/814/496
f 1428/828/510 1427/827/509 1415/815/497
f 1429/829/511 1428/828/510 1416/816/498
f 1418/818/500 1430/830/512 1429/829/511
f 1419/819/501 1431/831/513 1430/830/512
f 1420/820/502 1432/832/514 1431/831/513
f 1421/822/504 1433/834/516 1432/832/514
f 1422/833/515 1434/845/527 1433/834/516
f 1436/835/517 1435/848/530 1423/836/518
f 1437/837/519 1436/835/517 1424/823/505
f 1438/838/520 1437/837/519 1425/825/507
f 1439/839/521 1438/838/520 1426/826/508
f 1440/840/522 1439/839/521 1427/827/509
f 1441/841/523 1440/840/522 1428/828/510
f 1430/830/512 1442/842/524 1441/841/523
f 1431/831/513 1443/843/525 1442/842/524
f 1432/832/514 1444/844/526 1443/843/525
f 1433/834/516 1445/846/528 1444/844/526
f 1434/845/527 1446/857/539 1445/846/528
f 1448/847/529 1447/860/542 1435/848/530
f 1449/849/531 1448/847/529 1436/835/517
f 1450/850/532 1449/849/531 1437/837/519
f 1451/851/533 1450/850/532 1438/838/520
f 1452/852/534 1451/851/533 1439/839/521
f 1453/853/535 1452/852/534 1440/840/522
f 1442/842/524 1454/854/536 1453/853/535
f 1443/843/525 1455/855/537 1454/854/536
f 1444/844/526 1456/856/538 1455/855/537
f 1445/846/528 1457/858/540 1456/856/538
f 1446/857/539 1458/869/551 1457/858/540
f 1460/859/541 1459/872/554 1447/860/542
f 1461/861/543 1460/859/541 1448/847/529
f 1462/862/544 1461/861/543 1449/849/531
f 1463/863/545 1462/862/544 1450/850/532
f 1464/864/546 1463/863/545 1451/851/533
f 1465/865/547 1464/864/546 1452/852/534
f 1454/854/536 1466/866/548 1465/865/547
f 1455/855/537 1467/867/549 1466/866/548
f 1456/856/538 1468/868/550 1467/867/549
f 1457/858/540 1469/870/552 1468/868/550
f 1458/869/551 1470/881/563 1469/870/552
f 1472/871/553 1471/884/566 1459/872/554
f 1473/873/555 1472/871/553 1460/859/541
f 1474/874/556 1473/873/555 1461/861/543
f 1475/875/557 1474/874/556 1462/862/544
f 1476/876/558 1475/875/557 1463/863/545
f 1477/877/559 1476/876/558 1464/864/546
f 1466/866/548 1478/878/560 1477/877/559
f 1467/867/549 1479/879/561 1478/878/560
f 1468/868/550 1480/880/562 1479/879/561
f 1469/870/552 1481/882/564 1480/880/562
f 1470/881/563 1482/895/577 1481/882/564
f 1472/871/553 1484/885/567 1483/883/565
f 1473/873/555 1485/886/568 1484/885/567
f 1474/874/556 1486/887/569 1485/886/568
f 1475/875/557 1487/888/570 1486/887/569
f 1476/876/558 1488/900/582 1487/888/570
f 1489/889/571 1488/900/582 1476/876/558
f 1490/890/572 1489/889/571 1477/877/559
f 1491/891/573 1490/890/572 1478/878/560
f 1492/892/574 1491/891/573 1479/879/561
f 1493/893/575 1492/892/574 1480/880/562
f 1494/894/576 1493/893/575 1481/882/564
f 1484/885/567 1496/897/579 1495/896/578
f 1485/886/568 1497/898/580 1496/897/579
f 1486/887/569 1498/899/581 1497/898/580
f 1487/888/570 1499/901/583 1498/899/581
f 1488/900/582 1500/913/595 1499/901/583
f 1501/902/584 1500/913/595 1488/900/582
f 1502/903/585 1501/902/584 1489/889/571
f 1503/904/586 1502/903/585 1490/890/572
f 1504/905/587 1503/904/586 1491/891/573
f 1505/906/588 1504/905/587 1492/892/574
f 1506/907/589 1505/906/588 1493/893/575
f 1508/908/590 1507/920/602 1495/896/578
f 1509/909/591 1508/908/590 1496/897/579
f 1510/910/592 1509/909/591 1497/898/580
f 1511/911/593 1510/910/592 1498/899/581
f 1512/912/594 1511/911/593 1499/901/583
f 1513/914/596 1512/912/594 1500/913/595
f 1502/903/585 1514/915/597 1513/914/596
f 1503/904/586 1515/916/598 1514/915/597
f 1504/905/587 1516/917/599 1515/916/598
f 1505/906/588 1517/918/600 1516/917/599
f 1506/907/589 1518/929/611 1517/918/600
f 1520/919/601 1519/932/614 1507/920/602
f 1521/921/603 1520/919/601 1508/908/590
f 1522/922/604 1521/921/603 1509/909/591
f 1523/923/605 1522/922/604 1510/910/592
f 1524/924/606 1523/923/605 1511/911/593
f 1525/925/607 1524/924/606 1512/912/594
f 1514/915/597 1526/926/608 1525/925/607
f 1515/916/598 1527/927/609 1526/926/608
f 1516/917/599 1528/928/610 1527/927/609
f 1517/918/600 1529/930/612 1528/928/610
f 1518/929/611 1530/941/623 1529/930/612
f 1532/931/613 1531/128/626 1519/932/614
f 1533/933/615 1532/931/613 1520/919/601
f 1534/934/616 1533/933/615 1521/921/603
f 1535/935/617 1534/934/616 1522/922/604
f 1536/936/618 1535/935/617 1523/923/605
f 1537/937/619 1536/936/618 1524/924/606
f 1526/926/608 1538/938/620 1537/937/619
f 1527/927/609 1539/939/621 1538/938/620
f 1528/928/610 1540/940/622 1539/939/621
f 1529/930/612 1541/942/624 1540/940/622
f 1530/941/623 1542/952/635 1541/942/624
f 1544/943/625 1543/955/638 1531/128/626
f 1545/944/627 1544/943/625 1532/931/613
f 1546/945/628 1545/944/627 1533/933/615
f 1547/946/629 1546/945/628 1534/934/616
f 1548/947/630 1547/946/629 1535/935/617
f 1549/948/631 1548/947/630 1536/936/618
f 1538/938/620 1550/949/632 1549/948/631
f 1539/939/621 1551/950/633 1550/949/632
f 1540/940/622 1552/951/634 1551/950/633
f 1541/942/624 1553/953/636 1552/951/634
f 1542/952/635 1554/964/647 1553/953/636
f 1556/954/637 1555/967/650 1543/955/638
f 1557/956/639 1556/954/637 1544/943/625
f 1558/957/640 1557/956/639 1545/944/627
f 1559/958/641 1558/957/640 1546/945/628
f 1560/959/642 1559/958/641 1547/946/629
f 1561/960/643 1560/959/642 1548/947/630
f 1550/949/632 1562/961/644 1561/960/643
f 1551/950/633 1563/962/645 1562/961/644
f 1552/951/634 1564/963/646 1563/962/645
f 1553/953/636 1565/965/648 1564/963/646
f 1554/964/647 1566/976/659 1565/965/648
f 1568/966/649 1567/979/662 1555/967/650
f 1569/968/651 1568/966/649 1556/954/637
f 1570/969/652 1569/968/651 1557/956/639
f 1571/970/653 1570/969/652 1558/957/640
f 1572/971/654 1571/970/653 1559/958/641
f 1573/972/655 1572/971/654 1560/959/642
f 1562/961/644 1574/973/656 1573/972/655
f 1563/962/645 1575/974/657 1574/973/656
f 1564/963/646 1576/975/658 1575/974/657
f 1565/965/648 1577/977/660 1576/975/658
f 1566/976/659 1578/988/671 1577/977/660
f 1580/978/661 1579/991/674 1567/979/662
f 1581/980/663 1580/978/661 1568/966/649
f 1582/981/664 1581/980/663 1569/968/651
f 1583/982/665 1582/981/664 1570/969/652
f 1584/983/666 1583/982/665 1571/970/653
f 1585/984/667 1584/983/666 1572/971/654
f 1574/973/656 1586/985/668 1585/984/667
f 1575/974/657 1587/986/669 1586/985/668
f 1576/975/658 1588/987/670 1587/986/669
f 1577/977/660 1589/989/672 1588/987/670
f 1578/988/671 1590/1000/683 1589/989/672
f 1592/990/673 1591/1003/686 1579/991/674
f 1593/992/675 1592/990/673 1580/978/661
f 1594/993/676 1593/992/675 1581/980/663
f 1595/994/677 1594/993/676 1582/981/664
f 1596/995/678 1595/994/677 1583/982/665
f 1597/996/679 1596/995/678 1584/983/666
f 1586/985/668 1598/997/680 1597/996/679
f 1587/986/669 1599/998/681 1598/997/680
f 1588/987/670 1600/999/682 1599/998/681
f 1589/989/672 1601/1001/684 1600/999/682
f 1590/1000/683 1602/1012/695 1601/1001/684
f 1604/1002/685 1603/1015/698 1591/1003/686
f 1605/1004/687 1604/1002/685 1592/990/673
f 1606/1005/688 1605/1004/687 1593/992/675
f 1607/1006/689 1606/1005/688 1594/993/676
f 1608/1007/690 1607/1006/689 1595/994/677
f 1609/1008/691 1608/1007/690 1596/995/678
f 1598/997/680 1610/1009/692 1609/1008/691
f 1599/998/681 1611/1010/693 1610/1009/692
f 1600/999/682 1612/1011/694 1611/1010/693
f 1601/1001/684 1613/1013/696 1612/1011/694
f 1602/1012/695 1614/1024/707 1613/1013/696
f 1616/1014/697 1615/1027/710 1603/1015/698
f 1617/1016/699 1616/1014/697 1604/1002/685
f 1618/1017/700 1617/1016/699 1605/1004/687
f 1619/1018/701 1618/1017/700 1606/1005/688
f 1620/1019/702 1619/1018/701 1607/1006/689
f 1621/1020/703 1620/1019/702 1608/1007/690
f 1610/1009/692 1622/1021/704 1621/1020/703
f 1611/1010/693 1623/1022/705 1622/1021/704
f 1612/1011/694 1624/1023/706 1623/1022/705
f 1613/1013/696 1625/1025/708 1624/1023/706
f 1614/1024/707 1626/1036/719 1625/1025/708
f 1628/1026/709 1627/1039/722 1615/1027/710
f 1629/1028/711 1628/1026/709 1616/1014/697
f 1630/1029/712 1629/1028/711 1617/1016/699
f 1631/1030/713 1630/1029/712 1618/1017/700
f 1632/1031/714 1631/1030/713 1619/1018/701
f 1633/1032/715 1632/1031/714 1620/1019/702
f 1622/1021/704 1634/1033/716 1633/1032/715
f 1623/1022/705 1635/1034/717 1634/1033/716
f 1624/1023/706 1636/1035/718 1635/1034/717
f 1625/1025/708 1637/1037/720 1636/1035/718
f 1626/1036/719 1638/1048/731 1637/1037/720
f 1640/1038/721 1639/1051/734 1627/1039/722
f 1641/1040/723 1640/1038/721 1628/1026/709
f 1642/1041/724 1641/1040/723 1629/1028/711
f 1643/1042/725 1642/1041/724 1630/1029/712
f 1644/1043/726 1643/1042/725 1631/1030/713
f 1645/1044/727 1644/1043/726 1632/1031/714
f 1634/1033/716 1646/1045/728 1645/1044/727
f 1635/1034/717 1647/1046/729 1646/1045/728
f 1636/1035/718 1648/1047/730 1647/1046/729
f 1637/1037/720 1649/1049/732 1648/1047/730
f 1638/1048/731 1650/1060/743 1649/1049/732
f 1652/1050/733 1651/1063/746 1639/1051/734
f 1653/1052/735 1652/1050/733 1640/1038/721
f 1654/1053/736 1653/1052/735 1641/1040/723
f 1655/1054/737 1654/1053/736 1642/1041/724
f 1656/1055/738 1655/1054/737 1643/1042/725
f 1657/1056/739 1656/1055/738 1644/1043/726
f 1646/1045/728 1658/1057/740 1657/1056/739
f 1647/1046/729 1659/1058/741 1658/1057/740
f 1648/1047/730 1660/1059/742 1659/1058/741
f 1649/1049/732 1661/1061/744 1660/1059/742
f 1650/1060/743 1662/1072/755 1661/1061/744
f 1664/1062/745 1663/1075/758 1651/1063/746
f 1665/1064/747 1664/1062/745 1652/1050/733
f 1666/1065/748 1665/1064/747 1653/1052/735
f 1667/1066/749 1666/1065/748 1654/1053/736
f 1668/1067/750 1667/1066/749 1655/1054/737
f 1669/1068/751 1668/1067/750 1656/1055/738
f 1658/1057/740 1670/1069/752 1669/1068/751
f 1659/1058/741 1671/1070/753 1670/1069/752
f 1660/1059/742 1672/1071/754 1671/1070/753
f 1661/1061/744 1673/1073/756 1672/1071/754
f 1662/1072/755 1674/1084/767 1673/1073/756
f 1676/1074/757 1675/1087/770 1663/1075/758
f 1677/1076/759 1676/1074/757 1664/1062/745
f 1678/1077/760 1677/1076/759 1665/1064/747
f 1679/1078/761 1678/1077/760 1666/1065/748
f 1680/1079/762 1679/1078/761 1667/1066/749
f 1681/1080/763 1680/1079/762 1668/1067/750
f 1670/1069/752 1682/1081/764 1681/1080/763
f 1671/1070/753 1683/1082/765 1682/1081/764
f 1672/1071/754 1684/1083/766 1683/1082/765
f 1673/1073/756 1685/1085/768 1684/1083/766
f 1674/1084/767 1686/1096/779 1685/1085/768
f 1688/1086/769 1687/1099/782 1675/1087/770
f 1689/1088/771 1688/1086/769 1676/1074/757
f 1690/1089/772 1689/1088/771 1677/1076/759
f 1691/1090/773 1690/1089/772 1678/1077/760
f 1692/1091/774 1691/1090/773 1679/1078/761
f 1681/1080/763 1693/1092/775 1692/1091/774
f 1682/1081/764 1694/1093/776 1693/1092/775
f 1683/1082/765 1695/1094/777 1694/1093/776
f 1684/1083/766 1696/1095/778 1695/1094/777
f 1685/1085/768 1697/1097/780 1696/1095/778
f 1686/1096/779 1698/1108/791 1697/1097/780
f 1700/1098/781 1699/1111/794 1687/1099/782
f 1701/1100/783 1700/1098/781 1688/1086/769
f 1702/1101/784 1701/1100/783 1689/1088/771
f 1703/1102/785 1702/1101/784 1690/1089/772
f 1704/1103/786 1703/1102/785 1691/1090/773
f 1705/1104/787 1704/1103/786 1692/1091/774
f 1694/1093/776 1706/1105/788 1705/1104/787
f 1695/1094/777 1707/1106/789 1706/1105/788
f 1696/1095/778 1708/1107/790 1707/1106/789
f 1697/1097/780 1709/1109/792 1708/1107/790
f 1698/1108/791 1710/1120/803 1709/1109/792
f 1712/1110/793 1711/1123/806 1699/1111/794
f 1713/1112/795 1712/1110/793 1700/1098/781
f 1714/1113/796 1713/1112/795 1701/1100/783
f 1715/1114/797 1714/1113/796 1702/1101/784
f 1716/1115/798 1715/1114/797 1703/1102/785
f 1717/1116/799 1716/1115/798 1704/1103/786
f 1706/1105/788 1718/1117/800 1717/1116/799
f 1707/1106/789 1719/1118/801 1718/1117/800
f 1708/1107/790 1720/1119/802 1719/1118/801
f 1709/1109/792 1721/1121/804 1720/1119/802
f 1710/1120/803 1722/1132/815 1721/1121/804
f 1724/1122/805 1723/1135/818 1711/1123/806
f 1725/1124/807 1724/1122/805 1712/1110/793
f 1726/1125/808 1725/1124/807 1713/1112/795
f 1727/1126/809 1726/1125/808 1714/1113/796
f 1728/1127/810 1727/1126/809 1715/1114/797
f 1729/1128/811 1728/1127/810 1716/1115/798
f 1718/1117/800 1730/1129/812 1729/1128/811
f 1719/1118/801 1731/1130/813 1730/1129/812
f 1720/1119/802 1732/1131/814 1731/1130/813
f 1721/1121/804 1733/1133/816 1732/1131/814
f 1722/1132/815 1734/1144/827 1733/1133/816
f 1736/1134/817 1735/1147/830 1723/1135/818
f 1737/1136/819 1736/1134/817 1724/1122/805
f 1738/1137/820 1737/1136/819 1725/1124/807
f 1739/1138/821 1738/1137/820 1726/1125/808
f 1740/1139/822 1739/1138/821 1727/1126/809
f 1741/1140/823 1740/1139/822 1728/1127/810
f 1730/1129/812 1742/1141/824 1741/1140/823
f 1731/1130/813 1743/1142/825 1742/1141/824
f 1732/1131/814 1744/1143/826 1743/1142/825
f 1733/1133/816 1745/1145/828 1744/1143/826
f 1734/1144/827 1746/1156/839 1745/1145/828
f 1748/1146/829 1747/1159/842 1735/1147/830
f 1749/1148/831 1748/1146/829 1736/1134/817
f 1750/1149/832 1749/1148/831 1737/1136/819
f 1751/1150/833 1750/1149/832 1738/1137/820
f 1752/1151/834 1751/1150/833 1739/1138/821
f 1753/1152/835 1752/1151/834 1740/1139/822
f 1742/1141/824 1754/1153/836 1753/1152/835
f 1743/1142/825 1755/1154/837 1754/1153/836
f 1744/1143/826 1756/1155/838 1755/1154/837
f 1745/1145/828 1757/1157/840 1756/1155/838
f 1746/1156/839 1758/1170/853 1757/1157/840
f 1748/1146/829 1760/1160/843 1759/1158/841
f 1749/1148/831 1761/1161/844 1760/1160/843
f 1750/1149/832 1762/1162/845 1761/1161/844
f 1751/1150/833 1763/1163/846 1762/1162/845
f 1752/1151/834 1764/1175/858 1763/1163/846
f 1765/1164/847 1764/1175/858 1752/1151/834
f 1766/1165/848 1765/1164/847 1753/1152/835
f 1767/1166/849 1766/1165/848 1754/1153/836
f 1768/1167/850 1767/1166/849 1755/1154/837
f 1769/1168/851 1768/1167/850 1756/1155/838
f 1770/1169/852 1769/1168/851 1757/1157/840
f 1760/1160/843 1772/1172/855 1771/1171/854
f 1761/1161/844 1773/1173/856 1772/1172/855
f 1762/1162/845 1774/1174/857 1773/1173/856
f 1763/1163/846 1775/1176/859 1774/1174/857
f 1764/1175/858 1776/1187/870 1775/1176/859
f 1777/1177/860 1776/1187/870 1764/1175/858
f 1778/1178/861 1777/1177/860 1765/1164/847
f 1779/1179/862 1778/1178/861 1766/1165/848
f 1780/1180/863 1779/1179/862 1767/1166/849
f 1781/1181/864 1780/1180/863 1768/1167/850
f 1782/1182/865 1781/1181/864 1769/1168/851
f 1772/1172/855 1784/1184/867 1783/1183/866
f 1773/1173/856 1785/1185/868 1784/1184/867
f 1774/1174/857 1786/1186/869 1785/1185/868
f 1775/1176/859 1787/1188/871 1786/1186/869
f 1776/1187/870 1788/1200/883 1787/1188/871
f 1789/1189/872 1788/1200/883 1776/1187/870
f 1790/1190/873 1789/1189/872 1777/1177/860
f 1791/1191/874 1790/1190/873 1778/1178/861
f 1792/1192/875 1791/1191/874 1779/1179/862
f 1793/1193/876 1792/1192/875 1780/1180/863
f 1794/1194/877 1793/1193/876 1781/1181/864
f 1796/1195/878 1795/1207/890 1783/1183/866
f 1797/1196/879 1796/1195/878 1784/1184/867
f 1798/1197/880 1797/1196/879 1785/1185/868
f 1799/1198/881 1798/1197/880 1786/1186/869
f 1800/1199/882 1799/1198/881 1787/1188/871
f 1789/1189/872 1801/1201/884 1800/1199/882
f 1790/1190/873 1802/1202/885 1801/1201/884
f 1791/1191/874 1803/1203/886 1802/1202/885
f 1792/1192/875 1804/1204/887 1803/1203/886
f 1793/1193/876 1805/1205/888 1804/1204/887
f 1794/1194/877 1806/1216/899 1805/1205/888
f 1808/1206/889 1807/1219/902 1795/1207/890
f 1809/1208/891 1808/1206/889 1796/1195/878
f 1810/1209/892 1809/1208/891 1797/1196/879
f 1811/1210/893 1810/1209/892 1798/1197/880
f 1812/1211/894 1811/1210/893 1799/1198/881
f 1813/1212/895 1812/1211/894 1800/1199/882
f 1802/1202/885 1814/1213/896 1813/1212/895
f 1803/1203/886 1815/1214/897 1814/1213/896
f 1804/1204/887 1816/1215/898 1815/1214/897
f 1805/1205/888 1817/1217/900 1816/1215/898
f 1806/1216/899 1818/1228/911 1817/1217/900
f 1820/1218/901 1819/1231/914 1807/1219/902
f 1821/1220/903 1820/1218/901 1808/1206/889
f 1822/1221/904 1821/1220/903 1809/1208/891
f 1823/1222/905 1822/1221/904 1810/1209/892
f 1824/1223/906 1823/1222/905 1811/1210/893
f 1825/1224/907 1824/1223/906 1812/1211/894
f 1814/1213/896 1826/1225/908 1825/1224/907
f 1815/1214/897 1827/1226/909 1826/1225/908
f 1816/1215/898 1828/1227/910 1827/1226/909
f 1817/1217/900 1829/1229/912 1828/1227/910
f 1818/1228/911 1830/1240/923 1829/1229/912
f 1832/1230/913 1831/1243/926 1819/1231/914
f 1833/1232/915 1832/1230/913 1820/1218/901
f 1834/1233/916 1833/1232/915 1821/1220/903
f 1835/1234/917 1834/1233/916 1822/1221/904
f 1836/1235/918 1835/1234/917 1823/1222/905
f 1837/1236/919 1836/1235/918 1824/1223/906
f 1826/1225/908 1838/1237/920 1837/1236/919
f 1827/1226/909 1839/1238/921 1838/1237/920
f 1828/1227/910 1840/1239/922 1839/1238/921
f 1829/1229/912 1841/1241/924 1840/1239/922
f 1830/1240/923 1842/1254/937 1841/1241/924
f 1832/1230/913 1844/1244/927 1843/1242/925
f 1833/1232/915 1845/1245/928 1844/1244/927
f 1834/1233/916 1846/1246/929 1845/1245/928
f 1835/1234/917 1847/1247/930 1846/1246/929
f 1836/1235/918 1848/1259/942 1847/1247/930
f 1849/1248/931 1848/1259/942 1836/1235/918
f 1850/1249/932 1849/1248/931 1837/1236/919
f 1851/1250/933 1850/1249/932 1838/1237/920
f 1852/1251/934 1851/1250/933 1839/1238/921
f 1853/1252/935 1852/1251/934 1840/1239/922
f 1854/1253/936 1853/1252/935 1841/1241/924
f 1844/1244/927 1856/1256/939 1855/1255/938
f 1845/1245/928 1857/1257/940 1856/1256/939
f 1846/1246/929 1858/1258/941 1857/1257/940
f 1847/1247/930 1859/1260/943 1858/1258/941
f 1848/1259/942 1860/1271/954 1859/1260/943
f 1861/1261/944 1860/1271/954 1848/1259/942
f 1862/1262/945 1861/1261/944 1849/1248/931
f 1863/1263/946 1862/1262/945 1850/1249/932
f 1864/1264/947 1863/1263/946 1851/1250/933
f 1865/1265/948 1864/1264/947 1852/1251/934
f 1866/1266/949 1865/1265/948 1853/1252/935
f 1856/1256/939 1868/1268/951 1867/1267/950
f 1857/1257/940 1869/1269/952 1868/1268/951
f 1858/1258/941 1870/1270/953 1869/1269/952
f 1859/1260/943 1871/1272/955 1870/1270/953
f 1860/1271/954 1872/1283/966 1871/1272/955
f 1873/1273/956 1872/1283/966 1860/1271/954
f 1874/1274/957 1873/1273/956 1861/1261/944
f 1875/1275/958 1874/1274/957 1862/1262/945
f 1876/1276/959 1875/1275/958 1863/1263/946
f 1877/1277/960 1876/1276/959 1864/1264/947
f 1878/1278/961 1877/1277/960 1865/1265/948
f 1868/1268/951 1880/1280/963 1879/1279/962
f 1869/1269/952 1881/1281/964 1880/1280/963
f 1870/1270/953 1882/1282/965 1881/1281/964
f 1871/1272/955 1883/1284/967 1882/1282/965
f 1872/1283/966 1884/1295/978 1883/1284/967
f 1885/1285/968 1884/1295/978 1872/1283/966
f 1886/1286/969 1885/1285/968 1873/1273/956
f 1887/1287/970 1886/1286/969 1874/1274/957
f 1888/1288/971 1887/1287/970 1875/1275/958
f 1889/1289/972 1888/1288/971 1876/1276/959
f 1890/1290/973 1889/1289/972 1877/1277/960
f 1880/1280/963 1892/1292/975 1891/1291/974
f 1881/1281/964 1893/1293/976 1892/1292/975
f 1882/1282/965 1894/1294/977 1893/1293/976
f 1883/1284/967 1895/1296/979 1894/1294/977
f 1884/1295/978 1896/1297/980 1895/1296/979
f 1885/1285/968 1897/1309/992 1896/1297/980
f 1898/1298/981 1897/1309/992 1885/1285/968
f 1899/1299/982 1898/1298/981 1886/1286/969
f 1900/1300/983 1899/1299/982 1887/1287/970
f 1901/1301/984 1900/1300/983 1888/1288/971
f 1902/1302/985 1901/1301/984 1889/1289/972
f 1892/1292/975 1904/1304/987 1903/1303/986
f 1893/1293/976 1905/1305/988 1904/1304/987
f 1894/1294/977 1906/1306/989 1905/1305/988
f 1895/1296/979 1907/1307/990 1906/1306/989
f 1896/1297/980 1908/1319/1002 1907/1307/990
f 1909/1308/991 1908/1319/1002 1896/1297/980
f 1910/1310/993 1909/1308/991 1897/1309/992
f 1911/1311/994 1910/1310/993 1898/1298/981
f 1912/1312/995 1911/1311/994 1899/1299/982
f 1913/1313/996 1912/1312/995 1900/1300/983
f 1914/1314/997 1913/1313/996 1901/1301/984
f 1904/1304/987 1916/1316/999 1915/1315/998
f 1905/1305/988 1917/1317/1000 1916/1316/999
f 1906/1306/989 1918/1318/1001 1917/1317/1000
f 1907/1307/990 1919/1320/1003 1918/1318/1001
f 1908/1319/1002 1920/1331/1014 1919/1320/1003
f 1921/1321/1004 1920/1331/1014 1908/1319/1002
f 1922/1322/1005 1921/1321/1004 1909/1308/991
f 1923/1323/1006 1922/1322/1005 1910/1310/993
f 1924/1324/1007 1923/1323/1006 1911/1311/994
f 1925/1325/1008 1924/1324/1007 1912/1312/995
f 1926/1326/1009 1925/1325/1008 1913/1313/996
f 1916/1316/999 1928/1328/1011 1927/1327/1010
f 1917/1317/1000 1929/1329/1012 1928/1328/1011
f 1918/1318/1001 1930/1330/1013 1929/1329/1012
f 1919/1320/1003 1931/1332/1015 1930/1330/1013
f 1920/1331/1014 1932/1333/1016 1931/1332/1015
f 1921/1321/1004 1933/1345/1028 1932/1333/1016
f 1934/1334/1017 1933/1345/1028 1921/1321/1004
f 1935/1335/1018 1934/1334/1017 1922/1322/1005
f 1936/1336/1019 1935/1335/1018 1923/1323/1006
f 1937/1337/1020 1936/1336/1019 1924/1324/1007
f 1938/1338/1021 1937/1337/1020 1925/1325/1008
f 1928/1328/1011 1940/1340/1023 1939/1339/1022
f 1929/1329/1012 1941/1341/1024 1940/1340/1023
f 1930/1330/1013 1942/1342/1025 1941/1341/1024
f 1931/1332/1015 1943/1343/1026 1942/1342/1025
f 1932/1333/1016 1944/1355/1038 1943/1343/1026
f 1945/1344/1027 1944/1355/1038 1932/1333/1016
f 1946/1346/1029 1945/1344/1027 1933/1345/1028
f 1947/1347/1030 1946/1346/1029 1934/1334/1017
f 1948/1348/1031 1947/1347/1030 1935/1335/1018
f 1949/1349/1032 1948/1348/1031 1936/1336/1019
f 1950/1350/1033 1949/1349/1032 1937/1337/1020
f 1940/1340/1023 1952/1352/1035 1951/1351/1034
f 1941/1341/1024 1953/1353/1036 1952/1352/1035
f 1942/1342/1025 1954/1354/1037 1953/1353/1036
f 1943/1343/1026 1955/1356/1039 1954/1354/1037
f 1944/1355/1038 1956/1367/1050 1955/1356/1039
f 1957/1357/1040 1956/1367/1050 1944/1355/1038
f 1958/1358/1041 1957/1357/1040 1945/1344/1027
f 1959/1359/1042 1958/1358/1041 1946/1346/1029
f 1960/1360/1043 1959/1359/1042 1947/1347/1030
f 1961/1361/1044 1960/1360/1043 1948/1348/1031
f 1962/1362/1045 1961/1361/1044 1949/1349/1032
f 1952/1352/1035 1964/1364/1047 1963/1363/1046
f 1953/1353/1036 1965/1365/1048 1964/1364/1047
f 1954/1354/1037 1966/1366/1049 1965/1365/1048
f 1955/1356/1039 1967/1368/1051 1966/1366/1049
f 1956/1367/1050 1968/1379/1062 1967/1368/1051
f 1969/1369/1052 1968/1379/1062 1956/1367/1050
f 1970/1370/1053 1969/1369/1052 1957/1357/1040
f 1971/1371/1054 1970/1370/1053 1958/1358/1041
f 1972/1372/1055 1971/1371/1054 1959/1359/1042
f 1973/1373/1056 1972/1372/1055 1960/1360/1043
f 1974/1374/1057 1973/1373/1056 1961/1361/1044
f 1964/1364/1047 1976/1376/1059 1975/1375/1058
f 1965/1365/1048 1977/1377/1060 1976/1376/1059
f 1966/1366/1049 1978/1378/1061 1977/1377/1060
f 1967/1368/1051 1979/1380/1063 1978/1378/1061
f 1968/1379/1062 1980/1391/1074 1979/1380/1063
f 1981/1381/1064 1980/1391/1074 1968/1379/1062
f 1982/1382/1065 1981/1381/1064 1969/1369/1052
f 1983/1383/1066 1982/1382/1065 1970/1370/1053
f 1984/1384/1067 1983/1383/1066 1971/1371/1054
f 1985/1385/1068 1984/1384/1067 1972/1372/1055
f 1986/1386/1069 1985/1385/1068 1973/1373/1056
f 1976/1376/1059 1988/1388/1071 1987/1387/1070
f 1977/1377/1060 1989/1389/1072 1988/1388/1071
f 1978/1378/1061 1990/1390/1073 1989/1389/1072
f 1979/1380/1063 1991/1392/1075 1990/1390/1073
f 1980/1391/1074 1992/1403/1086 1991/1392/1075
f 1993/1393/1076 1992/1403/1086 1980/1391/1074
f 1994/1394/1077 1993/1393/1076 1981/1381/1064
f 1995/1395/1078 1994/1394/1077 1982/1382/1065
f 1996/1396/1079 1995/1395/1078 1983/1383/1066
f 1997/1397/1080 1996/1396/1079 1984/1384/1067
f 1998/1398/1081 1997/1397/1080 1985/1385/1068
f 1988/1388/1071 2000/1400/1083 1999/1399/1082
f 1989/1389/1072 2001/1401/1084 2000/1400/1083
f 1990/1390/1073 2002/1402/1085 2001/1401/1084
f 1991/1392/1075 2003/1404/1087 2002/1402/1085
f 1992/1403/1086 2004/1415/1098 2003/1404/1087
f 2005/1405/1088 2004/1415/1098 1992/1403/1086
f 2006/1406/1089 2005/1405/1088 1993/1393/1076
f 2007/1407/1090 2006/1406/1089 1994/1394/1077
f 2008/1408/1091 2007/1407/1090 1995/1395/1078
f 2009/1409/1092 2008/1408/1091 1996/1396/1079
f 2010/1410/1093 2009/1409/1092 1997/1397/1080
f 2000/1400/1083 2012/1412/1095 2011/1411/1094
f 2001/1401/1084 2013/1413/1096 2012/1412/1095
f 2002/1402/1085 2014/1414/1097 2013/1413/1096
f 2003/1404/1087 2015/1416/1099 2014/1414/1097
f 2004/1415/1098 2016/1427/1110 2015/1416/1099
f 2017/1417/1100 2016/1427/1110 2004/1415/1098
f 2018/1418/1101 2017/1417/1100 2005/1405/1088
f 2019/1419/1102 2018/1418/1101 2006/1406/1089
f 2020/1420/1103 2019/1419/1102 2007/1407/1090
f 2021/1421/1104 2020/1420/1103 2008/1408/1091
f 2022/1422/1105 2021/1421/1104 2009/1409/1092
f 2012/1412/1095 2024/1424/1107 2023/1423/1106
f 2013/1413/1096 2025/1425/1108 2024/1424/1107
f 2014/1414/1097 2026/1426/1109 2025/1425/1108
f 2015/1416/1099 2027/1428/1111 2026/1426/1109
f 2016/1427/1110 2028/1439/1122 2027/1428/1111
f 2029/1429/1112 2028/1439/1122 2016/1427/1110
f 2030/1430/1113 2029/1429/1112 2017/1417/1100
f 2031/1431/1114 2030/1430/1113 2018/1418/1101
f 2032/1432/1115 2031/1431/1114 2019/1419/1102
f 2033/1433/1116 2032/1432/1115 2020/1420/1103
f 2034/1434/1117 2033/1433/1116 2021/1421/1104
f 2024/1424/1107 2036/1436/1119 2035/1435/1118
f 2025/1425/1108 2037/1437/1120 2036/1436/1119
f 2026/1426/1109 2038/1438/1121 2037/1437/1120
f 2027/1428/1111 2039/1440/1123 2038/1438/1121
f 2028/1439/1122 2040/1451/1134 2039/1440/1123
f 2041/1441/1124 2040/1451/1134 2028/1439/1122
f 2042/1442/1125 2041/1441/1124 2029/1429/1112
f 2043/1443/1126 2042/1442/1125 2030/1430/1113
f 2044/1444/1127 2043/1443/1126 2031/1431/1114
f 2045/1445/1128 2044/1444/1127 2032/1432/1115
f 2046/1446/1129 2045/1445/1128 2033/1433/1116
f 2036/1436/1119 2048/1448/1131 2047/1447/1130
f 2037/1437/1120 2049/1449/1132 2048/1448/1131
f 2038/1438/1121 2050/1450/1133 2049/1449/1132
f 2039/1440/1123 2051/1452/1135 2050/1450/1133
f 2040/1451/1134 2052/1463/1146 2051/1452/1135
f 2053/1453/1136 2052/1463/1146 2040/1451/1134
f 2054/1454/1137 2053/1453/1136 2041/1441/1124
f 2055/1455/1138 2054/1454/1137 2042/1442/1125
f 2056/1456/1139 2055/1455/1138 2043/1443/1126
f 2057/1457/1140 2056/1456/1139 2044/1444/1127
f 2058/1458/1141 2057/1457/1140 2045/1445/1128
f 2048/1448/1131 2060/1460/1143 2059/1459/1142
f 2049/1449/1132 2061/1461/1144 2060/1460/1143
f 2050/1450/1133 2062/1462/1145 2061/1461/1144
f 2051/1452/1135 2063/1464/1147 2062/1462/1145
f 2052/1463/1146 2064/1474/1157 2063/1464/1147
f 2065/1465/1148 2064/1474/1157 2052/1463/1146
f 2066/1466/1149 2065/1465/1148 2053/1453/1136
f 2067/1467/1150 2066/1466/1149 2054/1454/1137
f 2068/1468/1151 2067/1467/1150 2055/1455/1138
f 2069/1469/1152 2068/1468/1151 2056/1456/1139
f 2070/1470/1153 2069/1469/1152 2057/1457/1140
f 2072/1471/1154 2071/1482/1165 2059/1459/1142
f 2073/1472/1155 2072/1471/1154 2060/1460/1143
f 2062/1462/1145 2074/1473/1156 2073/1472/1155
f 2063/1464/1147 2075/1475/1158 2074/1473/1156
f 2064/1474/1157 2076/1487/1170 2075/1475/1158
f 2077/1476/1159 2076/1487/1170 2064/1474/1157
f 2078/1477/1160 2077/1476/1159 2065/1465/1148
f 2079/1478/1161 2078/1477/1160 2066/1466/1149
f 2068/1468/1151 2080/1479/1162 2079/1478/1161
f 2069/1469/1152 2081/1480/1163 2080/1479/1162
f 2070/1470/1153 2082/1492/1175 2081/1480/1163
f 2084/1481/1164 2083/1495/1177 2071/1482/1165
f 2085/1483/1166 2084/1481/1164 2072/1471/1154
f 2086/1484/1167 2085/1483/1166 2073/1472/1155
f 2087/1485/1168 2086/1484/1167 2074/1473/1156
f 2088/1486/1169 2087/1485/1168 2075/1475/1158
f 2089/1488/1171 2088/1486/1169 2076/1487/1170
f 2078/1477/1160 2090/1489/1172 2089/1488/1171
f 2079/1478/1161 2091/1490/1173 2090/1489/1172
f 2080/1479/1162 2092/1491/1174 2091/1490/1173
f 2081/1480/1163 2093/1493/1176 2092/1491/1174
f 2082/1492/1175 2094/1506/1187 2093/1493/1176
f 2084/1481/1164 2096/1496/1178 2095/1494/1177
f 2085/1483/1166 2097/1497/1179 2096/1496/1178
f 2086/1484/1167 2098/1498/1180 2097/1497/1179
f 2087/1485/1168 2099/1499/1181 2098/1498/1180
f 2088/1486/1169 2100/1500/1182 2099/1499/1181
f 2089/1488/1171 2101/1511/1192 2100/1500/1182
f 2102/1501/1183 2101/1511/1192 2089/1488/1171
f 2103/1502/1184 2102/1501/1183 2090/1489/1172
f 2104/1503/1185 2103/1502/1184 2091/1490/1173
f 2105/1504/1186 2104/1503/1185 2092/1491/1174
f 2106/1505/1187 2105/1504/1186 2093/1493/1176
f 2108/1507/1188 2107/1518/1199 2095/1494/1177
f 2097/1497/1179 2109/1520/1201 2108/1507/1188
f 2110/1508/1189 2109/1520/1201 2097/1497/1179
f 2111/1509/1190 2110/1508/1189 2098/1498/1180
f 2112/1510/1191 2111/1509/1190 2099/1499/1181
f 2101/1511/1192 2113/1524/1205 2112/1510/1191
f 2114/1512/1193 2113/1524/1205 2101/1511/1192
f 2115/1513/1194 2114/1512/1193 2102/1501/1183
f 2116/1514/1195 2115/1513/1194 2103/1502/1184
f 2117/1515/1196 2116/1514/1195 2104/1503/1185
f 2118/1516/1197 2117/1515/1196 2105/1504/1186
f 2108/1507/1188 2120/1530/1211 2119/1517/1198
f 2121/1519/1200 2120/1530/1211 2108/1507/1188
f 2122/1521/1202 2121/1519/1200 2109/1520/1201
f 2111/1509/1190 2123/1534/1215 2122/1521/1202
f 2124/1522/1203 2123/1534/1215 2111/1509/1190
f 2125/1523/1204 2124/1522/1203 2112/1510/1191
f 2126/1525/1206 2125/1523/1204 2113/1524/1205
f 2127/1526/1207 2126/1525/1206 2114/1512/1193
f 2116/1514/1195 2128/1527/1208 2127/1526/1207
f 2117/1515/1196 2129/1539/1220 2128/1527/1208
f 2130/1528/1209 2129/1539/1220 2117/1515/1196
f 2132/1529/1210 2131/1543/1223 2119/1517/1198
f 2133/1531/1212 2132/1529/1210 2120/1530/1211
f 2134/1532/1213 2133/1531/1212 2121/1519/1200
f 2135/1533/1214 2134/1532/1213 2122/1521/1202
f 2136/1535/1216 2135/1533/1214 2123/1534/1215
f 2137/1536/1217 2136/1535/1216 2124/1522/1203
f 2126/1525/1206 2138/1537/1218 2137/1536/1217
f 2127/1526/1207 2139/1538/1219 2138/1537/1218
f 2128/1527/1208 2140/1540/1221 2139/1538/1219
f 2129/1539/1220 2141/1541/1222 2140/1540/1221
f 2130/1528/1209 2142/1552/1224 2141/1541/1222
f 920/1542/3 919/49/5 2131/1543/1223
f 921/1544/6 920/1542/3 2132/1529/1210
f 922/1545/8 921/1544/6 2133/1531/1212
f 923/1546/10 922/1545/8 2134/1532/1213
f 924/1547/12 923/1546/10 2135/1533/1214
f 925/1548/15 924/1547/12 2136/1535/1216
f 2138/1537/1218 926/1549/17 925/1548/15
f 2139/1538/1219 927/1550/19 926/1549/17
f 2140/1540/1221 928/1551/21 927/1550/19
f 2141/1541/1222 929/1553/23 928/1551/21
f 2142/1552/1224 930/2057/25 929/1553/23
f 2144/322/1225 2156/1555/1229 2155/1554/1226
f 2145/324/1228 2157/1556/1231 2156/1555/1229
f 2146/326/1230 2158/1557/1233 2157/1556/1231
f 2147/328/1232 2159/1558/1235 2158/1557/1233
f 2148/330/1234 2160/1559/1237 2159/1558/1235
f 2149/333/1236 2161/1571/1254 2160/1559/1237
f 2162/1560/1238 2161/1571/1254 2149/333/1236
f 2163/1561/1240 2162/1560/1238 2150/335/1239
f 2164/1562/1242 2163/1561/1240 2151/337/1241
f 2165/1563/1244 2164/1562/1242 2152/339/1243
f 2166/1564/1246 2165/1563/1244 2153/341/1245
f 2156/1555/1229 2168/1566/1249 2167/1565/1248
f 2157/1556/1231 2169/1567/1250 2168/1566/1249
f 2158/1557/1233 2170/1568/1251 2169/1567/1250
f 2159/1558/1235 2171/1569/1252 2170/1568/1251
f 2160/1559/1237 2172/1581/1264 2171/1569/1252
f 2173/1570/1253 2172/1581/1264 2160/1559/1237
f 2174/1572/1255 2173/1570/1253 2161/1571/1254
f 2175/1573/1256 2174/1572/1255 2162/1560/1238
f 2176/1574/1257 2175/1573/1256 2163/1561/1240
f 2177/1575/1258 2176/1574/1257 2164/1562/1242
f 2178/1576/1259 2177/1575/1258 2165/1563/1244
f 2168/1566/1249 2180/1578/1261 2179/1577/1260
f 2169/1567/1250 2181/1579/1262 2180/1578/1261
f 2170/1568/1251 2182/1580/1263 2181/1579/1262
f 2171/1569/1252 2183/1582/1265 2182/1580/1263
f 2172/1581/1264 2184/1593/1276 2183/1582/1265
f 2185/1583/1266 2184/1593/1276 2172/1581/1264
f 2186/1584/1267 2185/1583/1266 2173/1570/1253
f 2187/1585/1268 2186/1584/1267 2174/1572/1255
f 2188/1586/1269 2187/1585/1268 2175/1573/1256
f 2189/1587/1270 2188/1586/1269 2176/1574/1257
f 2190/1588/1271 2189/1587/1270 2177/1575/1258
f 2180/1578/1261 2192/1590/1273 2191/1589/1272
f 2181/1579/1262 2193/1591/1274 2192/1590/1273
f 2182/1580/1263 2194/1592/1275 2193/1591/1274
f 2183/1582/1265 2195/1594/1277 2194/1592/1275
f 2184/1593/1276 2196/1595/1278 2195/1594/1277
f 2185/1583/1266 2197/1607/1290 2196/1595/1278
f 2198/1596/1279 2197/1607/1290 2185/1583/1266
f 2199/1597/1280 2198/1596/1279 2186/1584/1267
f 2200/1598/1281 2199/1597/1280 2187/1585/1268
f 2201/1599/1282 2200/1598/1281 2188/1586/1269
f 2202/1600/1283 2201/1599/1282 2189/1587/1270
f 2204/1601/1284 2203/1613/1296 2191/1589/1272
f 2205/1602/1285 2204/1601/1284 2192/1590/1273
f 2206/1603/1286 2205/1602/1285 2193/1591/1274
f 2207/1604/1287 2206/1603/1286 2194/1592/1275
f 2208/1605/1288 2207/1604/1287 2195/1594/1277
f 2209/1606/1289 2208/1605/1288 2196/1595/1278
f 2198/1596/1279 2210/1608/1291 2209/1606/1289
f 2199/1597/1280 2211/1609/1292 2210/1608/1291
f 2200/1598/1281 2212/1610/1293 2211/1609/1292
f 2201/1599/1282 2213/1611/1294 2212/1610/1293
f 2202/1600/1283 2214/1622/1305 2213/1611/1294
f 2216/1612/1295 2215/1625/1308 2203/1613/1296
f 2217/1614/1297 2216/1612/1295 2204/1601/1284
f 2218/1615/1298 2217/1614/1297 2205/1602/1285
f 2219/1616/1299 2218/1615/1298 2206/1603/1286
f 2220/1617/1300 2219/1616/1299 2207/1604/1287
f 2221/1618/1301 2220/1617/1300 2208/1605/1288
f 2210/1608/1291 2222/1619/1302 2221/1618/1301
f 2211/1609/1292 2223/1620/1303 2222/1619/1302
f 2212/1610/1293 2224/1621/1304 2223/1620/1303
f 2213/1611/1294 2225/1623/1306 2224/1621/1304
f 2214/1622/1305 2226/1634/1317 2225/1623/1306
f 2228/1624/1307 2227/1636/1320 2215/1625/1308
f 2229/1626/1309 2228/1624/1307 2216/1612/1295
f 2230/1627/1310 2229/1626/1309 2217/1614/1297
f 2231/1628/1311 2230/1627/1310 2218/1615/1298
f 2232/1629/1312 2231/1628/1311 2219/1616/1299
f 2233/1630/1313 2232/1629/1312 2220/1617/1300
f 2222/1619/1302 2234/1631/1314 2233/1630/1313
f 2223/1620/1303 2235/1632/1315 2234/1631/1314
f 2224/1621/1304 2236/1633/1316 2235/1632/1315
f 2225/1623/1306 2237/1635/1318 2236/1633/1316
f 2226/1634/1317 2238/1637/1329 2237/1635/1318
f 2240/525/1319 2239/524/1332 2227/1636/1320
f 2241/526/1321 2240/525/1319 2228/1624/1307
f 2242/527/1322 2241/526/1321 2229/1626/1309
f 2243/529/1323 2242/527/1322 2230/1627/1310
f 2244/540/1324 2243/529/1323 2231/1628/1311
f 2245/530/1325 2244/540/1324 2232/1629/1312
f 2234/1631/1314 2246/531/1326 2245/530/1325
f 2235/1632/1315 2247/532/1327 2246/531/1326
f 2236/1633/1316 2248/533/1328 2247/532/1327
f 2237/1635/1318 2249/534/1330 2248/533/1328
f 2238/1637/1329 2250/535/1341 2249/534/1330
f 2252/1638/1331 2251/1649/1344 2239/524/1332
f 2253/1639/1333 2252/1638/1331 2240/525/1319
f 2254/1640/1334 2253/1639/1333 2241/526/1321
f 2255/1641/1335 2254/1640/1334 2242/527/1322
f 2256/1642/1336 2255/1641/1335 2243/529/1323
f 2257/1643/1337 2256/1642/1336 2244/540/1324
f 2246/531/1326 2258/1644/1338 2257/1643/1337
f 2247/532/1327 2259/1645/1339 2258/1644/1338
f 2248/533/1328 2260/1646/1340 2259/1645/1339
f 2249/534/1330 2261/1647/1342 2260/1646/1340
f 2250/535/1341 2262/1658/1353 2261/1647/1342
f 2264/1648/1343 2263/1661/1356 2251/1649/1344
f 2265/1650/1345 2264/1648/1343 2252/1638/1331
f 2266/1651/1346 2265/1650/1345 2253/1639/1333
f 2267/1652/1347 2266/1651/1346 2254/1640/1334
f 2268/1653/1348 2267/1652/1347 2255/1641/1335
f 2269/1654/1349 2268/1653/1348 2256/1642/1336
f 2258/1644/1338 2270/1655/1350 2269/1654/1349
f 2259/1645/1339 2271/1656/1351 2270/1655/1350
f 2260/1646/1340 2272/1657/1352 2271/1656/1351
f 2261/1647/1342 2273/1659/1354 2272/1657/1352
f 2262/1658/1353 2274/1670/1365 2273/1659/1354
f 2276/1660/1355 2275/1673/1368 2263/1661/1356
f 2277/1662/1357 2276/1660/1355 2264/1648/1343
f 2278/1663/1358 2277/1662/1357 2265/1650/1345
f 2279/1664/1359 2278/1663/1358 2266/1651/1346
f 2280/1665/1360 2279/1664/1359 2267/1652/1347
f 2281/1666/1361 2280/1665/1360 2268/1653/1348
f 2270/1655/1350 2282/1667/1362 2281/1666/1361
f 2271/1656/1351 2283/1668/1363 2282/1667/1362
f 2272/1657/1352 2284/1669/1364 2283/1668/1363
f 2273/1659/1354 2285/1671/1366 2284/1669/1364
f 2274/1670/1365 2286/1684/1379 2285/1671/1366
f 2276/1660/1355 2288/1674/1369 2287/1672/1367
f 2277/1662/1357 2289/1675/1370 2288/1674/1369
f 2278/1663/1358 2290/1676/1371 2289/1675/1370
f 2279/1664/1359 2291/1677/1372 2290/1676/1371
f 2280/1665/1360 2292/1689/1384 2291/1677/1372
f 2293/1678/1373 2292/1689/1384 2280/1665/1360
f 2294/1679/1374 2293/1678/1373 2281/1666/1361
f 2295/1680/1375 2294/1679/1374 2282/1667/1362
f 2296/1681/1376 2295/1680/1375 2283/1668/1363
f 2297/1682/1377 2296/1681/1376 2284/1669/1364
f 2298/1683/1378 2297/1682/1377 2285/1671/1366
f 2288/1674/1369 2300/1686/1381 2299/1685/1380
f 2289/1675/1370 2301/1687/1382 2300/1686/1381
f 2290/1676/1371 2302/1688/1383 2301/1687/1382
f 2291/1677/1372 2303/1690/1385 2302/1688/1383
f 2292/1689/1384 2304/1701/1396 2303/1690/1385
f 2305/1691/1386 2304/1701/1396 2292/1689/1384
f 2306/1692/1387 2305/1691/1386 2293/1678/1373
f 2307/1693/1388 2306/1692/1387 2294/1679/1374
f 2308/1694/1389 2307/1693/1388 2295/1680/1375
f 2309/1695/1390 2308/1694/1389 2296/1681/1376
f 2310/1696/1391 2309/1695/1390 2297/1682/1377
f 2300/1686/1381 2312/1698/1393 2311/1697/1392
f 2301/1687/1382 2313/1699/1394 2312/1698/1393
f 2302/1688/1383 2314/1700/1395 2313/1699/1394
f 2303/1690/1385 2315/1702/1397 2314/1700/1395
f 2304/1701/1396 2316/1713/1408 2315/1702/1397
f 2317/1703/1398 2316/1713/1408 2304/1701/1396
f 2318/1704/1399 2317/1703/1398 2305/1691/1386
f 2319/1705/1400 2318/1704/1399 2306/1692/1387
f 2320/1706/1401 2319/1705/1400 2307/1693/1388
f 2321/1707/1402 2320/1706/1401 2308/1694/1389
f 2322/1708/1403 2321/1707/1402 2309/1695/1390
f 2312/1698/1393 2324/1710/1405 2323/1709/1404
f 2313/1699/1394 2325/1711/1406 2324/1710/1405
f 2314/1700/1395 2326/1712/1407 2325/1711/1406
f 2315/1702/1397 2327/1714/1409 2326/1712/1407
f 2316/1713/1408 2328/1721/1420 2327/1714/1409
f 2329/1715/1410 2328/1721/1420 2316/1713/1408
f 2330/1716/1411 2329/1715/1410 2317/1703/1398
f 2331/1717/1412 2330/1716/1411 2318/1704/1399
f 2332/1718/1413 2331/1717/1412 2319/1705/1400
f 2333/1719/1414 2332/1718/1413 2320/1706/1401
f 2334/1720/1415 2333/1719/1414 2321/1707/1402
f 2324/1710/1405 2336/727/1417 2335/740/1416
f 2325/1711/1406 2337/729/1418 2336/727/1417
f 2326/1712/1407 2338/730/1419 2337/729/1418
f 2327/1714/1409 2339/731/1421 2338/730/1419
f 2328/1721/1420 2340/732/1432 2339/731/1421
f 2341/733/1422 2340/732/1432 2328/1721/1420
f 2342/734/1423 2341/733/1422 2329/1715/1410
f 2343/735/1424 2342/734/1423 2330/1716/1411
f 2344/736/1425 2343/735/1424 2331/1717/1412
f 2345/738/1426 2344/736/1425 2332/1718/1413
f 2346/749/1427 2345/738/1426 2333/1719/1414
f 2336/727/1417 2348/1723/1429 2347/1722/1428
f 2337/729/1418 2349/1724/1430 2348/1723/1429
f 2338/730/1419 2350/1725/1431 2349/1724/1430
f 2339/731/1421 2351/1726/1433 2350/1725/1431
f 2340/732/1432 2352/1737/1444 2351/1726/1433
f 2353/1727/1434 2352/1737/1444 2340/732/1432
f 2354/1728/1435 2353/1727/1434 2341/733/1422
f 2355/1729/1436 2354/1728/1435 2342/734/1423
f 2356/1730/1437 2355/1729/1436 2343/735/1424
f 2357/1731/1438 2356/1730/1437 2344/736/1425
f 2358/1732/1439 2357/1731/1438 2345/738/1426
f 2348/1723/1429 2360/1734/1441 2359/1733/1440
f 2349/1724/1430 2361/1735/1442 2360/1734/1441
f 2350/1725/1431 2362/1736/1443 2361/1735/1442
f 2351/1726/1433 2363/1738/1445 2362/1736/1443
f 2352/1737/1444 2364/1750/1457 2363/1738/1445
f 2365/1739/1446 2364/1750/1457 2352/1737/1444
f 2366/1740/1447 2365/1739/1446 2353/1727/1434
f 2367/1741/1448 2366/1740/1447 2354/1728/1435
f 2368/1742/1449 2367/1741/1448 2355/1729/1436
f 2369/1743/1450 2368/1742/1449 2356/1730/1437
f 2370/1744/1451 2369/1743/1450 2357/1731/1438
f 2372/1745/1452 2371/1757/1464 2359/1733/1440
f 2373/1746/1453 2372/1745/1452 2360/1734/1441
f 2374/1747/1454 2373/1746/1453 2361/1735/1442
f 2375/1748/1455 2374/1747/1454 2362/1736/1443
f 2376/1749/1456 2375/1748/1455 2363/1738/1445
f 2377/1751/1458 2376/1749/1456 2364/1750/1457
f 2378/1752/1459 2377/1751/1458 2365/1739/1446
f 2367/1741/1448 2379/1753/1460 2378/1752/1459
f 2368/1742/1449 2380/1754/1461 2379/1753/1460
f 2369/1743/1450 2381/1755/1462 2380/1754/1461
f 2370/1744/1451 2382/1766/1473 2381/1755/1462
f 2384/1756/1463 2383/1769/1476 2371/1757/1464
f 2385/1758/1465 2384/1756/1463 2372/1745/1452
f 2386/1759/1466 2385/1758/1465 2373/1746/1453
f 2387/1760/1467 2386/1759/1466 2374/1747/1454
f 2388/1761/1468 2387/1760/1467 2375/1748/1455
f 2389/1762/1469 2388/1761/1468 2376/1749/1456
f 2378/1752/1459 2390/1763/1470 2389/1762/1469
f 2379/1753/1460 2391/1764/1471 2390/1763/1470
f 2380/1754/1461 2392/1765/1472 2391/1764/1471
f 2381/1755/1462 2393/1767/1474 2392/1765/1472
f 2382/1766/1473 2394/1778/1485 2393/1767/1474
f 2396/1768/1475 2395/1781/1488 2383/1769/1476
f 2397/1770/1477 2396/1768/1475 2384/1756/1463
f 2398/1771/1478 2397/1770/1477 2385/1758/1465
f 2399/1772/1479 2398/1771/1478 2386/1759/1466
f 2400/1773/1480 2399/1772/1479 2387/1760/1467
f 2401/1774/1481 2400/1773/1480 2388/1761/1468
f 2390/1763/1470 2402/1775/1482 2401/1774/1481
f 2391/1764/1471 2403/1776/1483 2402/1775/1482
f 2392/1765/1472 2404/1777/1484 2403/1776/1483
f 2393/1767/1474 2405/1779/1486 2404/1777/1484
f 2394/1778/1485 2406/1790/1497 2405/1779/1486
f 2408/1780/1487 2407/1793/1500 2395/1781/1488
f 2409/1782/1489 2408/1780/1487 2396/1768/1475
f 2410/1783/1490 2409/1782/1489 2397/1770/1477
f 2411/1784/1491 2410/1783/1490 2398/1771/1478
f 2412/1785/1492 2411/1784/1491 2399/1772/1479
f 2413/1786/1493 2412/1785/1492 2400/1773/1480
f 2402/1775/1482 2414/1787/1494 2413/1786/1493
f 2403/1776/1483 2415/1788/1495 2414/1787/1494
f 2404/1777/1484 2416/1789/1496 2415/1788/1495
f 2405/1779/1486 2417/1791/1498 2416/1789/1496
f 2406/1790/1497 2418/1802/1509 2417/1791/1498
f 2420/1792/1499 2419/1804/1512 2407/1793/1500
f 2421/1794/1501 2420/1792/1499 2408/1780/1487
f 2422/1795/1502 2421/1794/1501 2409/1782/1489
f 2423/1796/1503 2422/1795/1502 2410/1783/1490
f 2424/1797/1504 2423/1796/1503 2411/1784/1491
f 2425/1798/1505 2424/1797/1504 2412/1785/1492
f 2414/1787/1494 2426/1799/1506 2425/1798/1505
f 2415/1788/1495 2427/1800/1507 2426/1799/1506
f 2416/1789/1496 2428/1801/1508 2427/1800/1507
f 2417/1791/1498 2429/1803/1510 2428/1801/1508
f 2418/1802/1509 2430/1805/1523 2429/1803/1510
f 2420/1792/1499 2432/931/1513 2431/128/1511
f 2421/1794/1501 2433/933/1514 2432/931/1513
f 2422/1795/1502 2434/934/1515 2433/933/1514
f 2423/1796/1503 2435/935/1516 2434/934/1515
f 2424/1797/1504 2436/936/1517 2435/935/1516
f 2425/1798/1505 2437/937/1530 2436/936/1517
f 2438/938/1518 2437/937/1530 2425/1798/1505
f 2439/939/1519 2438/938/1518 2426/1799/1506
f 2440/940/1520 2439/939/1519 2427/1800/1507
f 2441/942/1521 2440/940/1520 2428/1801/1508
f 2442/952/1522 2441/942/1521 2429/1803/1510
f 2432/931/1513 2444/1807/1525 2443/1806/1524
f 2433/933/1514 2445/1808/1526 2444/1807/1525
f 2434/934/1515 2446/1809/1527 2445/1808/1526
f 2435/935/1516 2447/1810/1528 2446/1809/1527
f 2436/936/1517 2448/1821/1540 2447/1810/1528
f 2449/1811/1529 2448/1821/1540 2436/936/1517
f 2450/1812/1531 2449/1811/1529 2437/937/1530
f 2451/1813/1532 2450/1812/1531 2438/938/1518
f 2452/1814/1533 2451/1813/1532 2439/939/1519
f 2453/1815/1534 2452/1814/1533 2440/940/1520
f 2454/1816/1535 2453/1815/1534 2441/942/1521
f 2444/1807/1525 2456/1818/1537 2455/1817/1536
f 2445/1808/1526 2457/1819/1538 2456/1818/1537
f 2446/1809/1527 2458/1820/1539 2457/1819/1538
f 2447/1810/1528 2459/1822/1541 2458/1820/1539
f 2448/1821/1540 2460/1833/1552 2459/1822/1541
f 2461/1823/1542 2460/1833/1552 2448/1821/1540
f 2462/1824/1543 2461/1823/1542 2449/1811/1529
f 2463/1825/1544 2462/1824/1543 2450/1812/1531
f 2464/1826/1545 2463/1825/1544 2451/1813/1532
f 2465/1827/1546 2464/1826/1545 2452/1814/1533
f 2466/1828/1547 2465/1827/1546 2453/1815/1534
f 2456/1818/1537 2468/1830/1549 2467/1829/1548
f 2457/1819/1538 2469/1831/1550 2468/1830/1549
f 2458/1820/1539 2470/1832/1551 2469/1831/1550
f 2459/1822/1541 2471/1834/1553 2470/1832/1551
f 2460/1833/1552 2472/1846/1565 2471/1834/1553
f 2473/1835/1554 2472/1846/1565 2460/1833/1552
f 2474/1836/1555 2473/1835/1554 2461/1823/1542
f 2475/1837/1556 2474/1836/1555 2462/1824/1543
f 2476/1838/1557 2475/1837/1556 2463/1825/1544
f 2477/1839/1558 2476/1838/1557 2464/1826/1545
f 2478/1840/1559 2477/1839/1558 2465/1827/1546
f 2480/1841/1560 2479/1853/1572 2467/1829/1548
f 2481/1842/1561 2480/1841/1560 2468/1830/1549
f 2482/1843/1562 2481/1842/1561 2469/1831/1550
f 2483/1844/1563 2482/1843/1562 2470/1832/1551
f 2484/1845/1564 2483/1844/1563 2471/1834/1553
f 2485/1847/1566 2484/1845/1564 2472/1846/1565
f 2474/1836/1555 2486/1848/1567 2485/1847/1566
f 2475/1837/1556 2487/1849/1568 2486/1848/1567
f 2476/1838/1557 2488/1850/1569 2487/1849/1568
f 2477/1839/1558 2489/1851/1570 2488/1850/1569
f 2478/1840/1559 2490/1862/1581 2489/1851/1570
f 2492/1852/1571 2491/1865/1584 2479/1853/1572
f 2493/1854/1573 2492/1852/1571 2480/1841/1560
f 2494/1855/1574 2493/1854/1573 2481/1842/1561
f 2495/1856/1575 2494/1855/1574 2482/1843/1562
f 2496/1857/1576 2495/1856/1575 2483/1844/1563
f 2497/1858/1577 2496/1857/1576 2484/1845/1564
f 2486/1848/1567 2498/1859/1578 2497/1858/1577
f 2487/1849/1568 2499/1860/1579 2498/1859/1578
f 2488/1850/1569 2500/1861/1580 2499/1860/1579
f 2489/1851/1570 2501/1863/1582 2500/1861/1580
f 2490/1862/1581 2502/1874/1593 2501/1863/1582
f 2504/1864/1583 2503/1877/1596 2491/1865/1584
f 2505/1866/1585 2504/1864/1583 2492/1852/1571
f 2506/1867/1586 2505/1866/1585 2493/1854/1573
f 2507/1868/1587 2506/1867/1586 2494/1855/1574
f 2508/1869/1588 2507/1868/1587 2495/1856/1575
f 2509/1870/1589 2508/1869/1588 2496/1857/1576
f 2498/1859/1578 2510/1871/1590 2509/1870/1589
f 2499/1860/1579 2511/1872/1591 2510/1871/1590
f 2500/1861/1580 2512/1873/1592 2511/1872/1591
f 2501/1863/1582 2513/1875/1594 2512/1873/1592
f 2502/1874/1593 2514/1886/1605 2513/1875/1594
f 2516/1876/1595 2515/1888/1608 2503/1877/1596
f 2517/1878/1597 2516/1876/1595 2504/1864/1583
f 2518/1879/1598 2517/1878/1597 2505/1866/1585
f 2519/1880/1599 2518/1879/1598 2506/1867/1586
f 2520/1881/1600 2519/1880/1599 2507/1868/1587
f 2521/1882/1601 2520/1881/1600 2508/1869/1588
f 2510/1871/1590 2522/1883/1602 2521/1882/1601
f 2511/1872/1591 2523/1884/1603 2522/1883/1602
f 2512/1873/1592 2524/1885/1604 2523/1884/1603
f 2513/1875/1594 2525/1887/1606 2524/1885/1604
f 2514/1886/1605 2526/1889/1617 2525/1887/1606
f 2528/1134/1607 2527/1147/1620 2515/1888/1608
f 2529/1136/1609 2528/1134/1607 2516/1876/1595
f 2530/1137/1610 2529/1136/1609 2517/1878/1597
f 2531/1138/1611 2530/1137/1610 2518/1879/1598
f 2532/1139/1612 2531/1138/1611 2519/1880/1599
f 2533/1140/1613 2532/1139/1612 2520/1881/1600
f 2522/1883/1602 2534/1141/1614 2533/1140/1613
f 2523/1884/1603 2535/1142/1615 2534/1141/1614
f 2524/1885/1604 2536/1143/1616 2535/1142/1615
f 2525/1887/1606 2537/1145/1618 2536/1143/1616
f 2526/1889/1617 2538/1156/1629 2537/1145/1618
f 2540/1890/1619 2539/1901/1632 2527/1147/1620
f 2541/1891/1621 2540/1890/1619 2528/1134/1607
f 2542/1892/1622 2541/1891/1621 2529/1136/1609
f 2543/1893/1623 2542/1892/1622 2530/1137/1610
f 2544/1894/1624 2543/1893/1623 2531/1138/1611
f 2545/1895/1625 2544/1894/1624 2532/1139/1612
f 2534/1141/1614 2546/1896/1626 2545/1895/1625
f 2535/1142/1615 2547/1897/1627 2546/1896/1626
f 2536/1143/1616 2548/1898/1628 2547/1897/1627
f 2537/1145/1618 2549/1899/1630 2548/1898/1628
f 2538/1156/1629 2550/1910/1641 2549/1899/1630
f 2552/1900/1631 2551/1913/1644 2539/1901/1632
f 2553/1902/1633 2552/1900/1631 2540/1890/1619
f 2554/1903/1634 2553/1902/1633 2541/1891/1621
f 2555/1904/1635 2554/1903/1634 2542/1892/1622
f 2556/1905/1636 2555/1904/1635 2543/1893/1623
f 2557/1906/1637 2556/1905/1636 2544/1894/1624
f 2546/1896/1626 2558/1907/1638 2557/1906/1637
f 2547/1897/1627 2559/1908/1639 2558/1907/1638
f 2548/1898/1628 2560/1909/1640 2559/1908/1639
f 2549/1899/1630 2561/1911/1642 2560/1909/1640
f 2550/1910/1641 2562/1922/1653 2561/1911/1642
f 2564/1912/1643 2563/1925/1656 2551/1913/1644
f 2565/1914/1645 2564/1912/1643 2552/1900/1631
f 2566/1915/1646 2565/1914/1645 2553/1902/1633
f 2567/1916/1647 2566/1915/1646 2554/1903/1634
f 2568/1917/1648 2567/1916/1647 2555/1904/1635
f 2557/1906/1637 2569/1918/1649 2568/1917/1648
f 2558/1907/1638 2570/1919/1650 2569/1918/1649
f 2559/1908/1639 2571/1920/1651 2570/1919/1650
f 2560/1909/1640 2572/1921/1652 2571/1920/1651
f 2561/1911/1642 2573/1923/1654 2572/1921/1652
f 2562/1922/1653 2574/1936/1667 2573/1923/1654
f 2564/1912/1643 2576/1926/1657 2575/1924/1655
f 2565/1914/1645 2577/1927/1658 2576/1926/1657
f 2566/1915/1646 2578/1928/1659 2577/1927/1658
f 2567/1916/1647 2579/1929/1660 2578/1928/1659
f 2568/1917/1648 2580/1941/1672 2579/1929/1660
f 2581/1930/1661 2580/1941/1672 2568/1917/1648
f 2582/1931/1662 2581/1930/1661 2569/1918/1649
f 2583/1932/1663 2582/1931/1662 2570/1919/1650
f 2584/1933/1664 2583/1932/1663 2571/1920/1651
f 2585/1934/1665 2584/1933/1664 2572/1921/1652
f 2586/1935/1666 2585/1934/1665 2573/1923/1654
f 2576/1926/1657 2588/1938/1669 2587/1937/1668
f 2577/1927/1658 2589/1939/1670 2588/1938/1669
f 2578/1928/1659 2590/1940/1671 2589/1939/1670
f 2579/1929/1660 2591/1942/1673 2590/1940/1671
f 2580/1941/1672 2592/1953/1684 2591/1942/1673
f 2593/1943/1674 2592/1953/1684 2580/1941/1672
f 2594/1944/1675 2593/1943/1674 2581/1930/1661
f 2595/1945/1676 2594/1944/1675 2582/1931/1662
f 2596/1946/1677 2595/1945/1676 2583/1932/1663
f 2597/1947/1678 2596/1946/1677 2584/1933/1664
f 2598/1948/1679 2597/1947/1678 2585/1934/1665
f 2588/1938/1669 2600/1950/1681 2599/1949/1680
f 2589/1939/1670 2601/1951/1682 2600/1950/1681
f 2590/1940/1671 2602/1952/1683 2601/1951/1682
f 2591/1942/1673 2603/1954/1685 2602/1952/1683
f 2592/1953/1684 2604/1965/1696 2603/1954/1685
f 2605/1955/1686 2604/1965/1696 2592/1953/1684
f 2606/1956/1687 2605/1955/1686 2593/1943/1674
f 2607/1957/1688 2606/1956/1687 2594/1944/1675
f 2608/1958/1689 2607/1957/1688 2595/1945/1676
f 2609/1959/1690 2608/1958/1689 2596/1946/1677
f 2610/1960/1691 2609/1959/1690 2597/1947/1678
f 2600/1950/1681 2612/1962/1693 2611/1961/1692
f 2601/1951/1682 2613/1963/1694 2612/1962/1693
f 2602/1952/1683 2614/1964/1695 2613/1963/1694
f 2603/1954/1685 2615/1966/1697 2614/1964/1695
f 2604/1965/1696 2616/1973/1708 2615/1966/1697
f 2617/1967/1698 2616/1973/1708 2604/1965/1696
f 2618/1968/1699 2617/1967/1698 2605/1955/1686
f 2619/1969/1700 2618/1968/1699 2606/1956/1687
f 2620/1970/1701 2619/1969/1700 2607/1957/1688
f 2621/1971/1702 2620/1970/1701 2608/1958/1689
f 2622/1972/1703 2621/1971/1702 2609/1959/1690
f 2612/1962/1693 2624/1340/1705 2623/1339/1704
f 2613/1963/1694 2625/1341/1706 2624/1340/1705
f 2614/1964/1695 2626/1342/1707 2625/1341/1706
f 2615/1966/1697 2627/1343/1709 2626/1342/1707
f 2616/1973/1708 2628/1355/1710 2627/1343/1709
f 2617/1967/1698 2629/1344/1722 2628/1355/1710
f 2630/1346/1711 2629/1344/1722 2617/1967/1698
f 2631/1347/1712 2630/1346/1711 2618/1968/1699
f 2632/1348/1713 2631/1347/1712 2619/1969/1700
f 2633/1349/1714 2632/1348/1713 2620/1970/1701
f 2634/1350/1715 2633/1349/1714 2621/1971/1702
f 2624/1340/1705 2636/1975/1717 2635/1974/1716
f 2625/1341/1706 2637/1976/1718 2636/1975/1717
f 2626/1342/1707 2638/1977/1719 2637/1976/1718
f 2627/1343/1709 2639/1978/1720 2638/1977/1719
f 2628/1355/1710 2640/1989/1732 2639/1978/1720
f 2641/1979/1721 2640/1989/1732 2628/1355/1710
f 2642/1980/1723 2641/1979/1721 2629/1344/1722
f 2643/1981/1724 2642/1980/1723 2630/1346/1711
f 2644/1982/1725 2643/1981/1724 2631/1347/1712
f 2645/1983/1726 2644/1982/1725 2632/1348/1713
f 2646/1984/1727 2645/1983/1726 2633/1349/1714
f 2636/1975/1717 2648/1986/1729 2647/1985/1728
f 2637/1976/1718 2649/1987/1730 2648/1986/1729
f 2638/1977/1719 2650/1988/1731 2649/1987/1730
f 2639/1978/1720 2651/1990/1733 2650/1988/1731
f 2640/1989/1732 2652/2002/1745 2651/1990/1733
f 2653/1991/1734 2652/2002/1745 2640/1989/1732
f 2654/1992/1735 2653/1991/1734 2641/1979/1721
f 2655/1993/1736 2654/1992/1735 2642/1980/1723
f 2656/1994/1737 2655/1993/1736 2643/1981/1724
f 2657/1995/1738 2656/1994/1737 2644/1982/1725
f 2658/1996/1739 2657/1995/1738 2645/1983/1726
f 2660/1997/1740 2659/2009/1752 2647/1985/1728
f 2661/1998/1741 2660/1997/1740 2648/1986/1729
f 2662/1999/1742 2661/1998/1741 2649/1987/1730
f 2663/2000/1743 2662/1999/1742 2650/1988/1731
f 2664/2001/1744 2663/2000/1743 2651/1990/1733
f 2665/2003/1746 2664/2001/1744 2652/2002/1745
f 2654/1992/1735 2666/2004/1747 2665/2003/1746
f 2655/1993/1736 2667/2005/1748 2666/2004/1747
f 2656/1994/1737 2668/2006/1749 2667/2005/1748
f 2657/1995/1738 2669/2007/1750 2668/2006/1749
f 2658/1996/1739 2670/2018/1761 2669/2007/1750
f 2672/2008/1751 2671/2021/1764 2659/2009/1752
f 2673/2010/1753 2672/2008/1751 2660/1997/1740
f 2674/2011/1754 2673/2010/1753 2661/1998/1741
f 2675/2012/1755 2674/2011/1754 2662/1999/1742
f 2676/2013/1756 2675/2012/1755 2663/2000/1743
f 2677/2014/1757 2676/2013/1756 2664/2001/1744
f 2666/2004/1747 2678/2015/1758 2677/2014/1757
f 2667/2005/1748 2679/2016/1759 2678/2015/1758
f 2668/2006/1749 2680/2017/1760 2679/2016/1759
f 2669/2007/1750 2681/2019/1762 2680/2017/1760
f 2670/2018/1761 2682/2030/1773 2681/2019/1762
f 2684/2020/1763 2683/2033/1776 2671/2021/1764
f 2685/2022/1765 2684/2020/1763 2672/2008/1751
f 2686/2023/1766 2685/2022/1765 2673/2010/1753
f 2687/2024/1767 2686/2023/1766 2674/2011/1754
f 2688/2025/1768 2687/2024/1767 2675/2012/1755
f 2689/2026/1769 2688/2025/1768 2676/2013/1756
f 2678/2015/1758 2690/2027/1770 2689/2026/1769
f 2679/2016/1759 2691/2028/1771 2690/2027/1770
f 2680/2017/1760 2692/2029/1772 2691/2028/1771
f 2681/2019/1762 2693/2031/1774 2692/2029/1772
f 2682/2030/1773 2694/2042/1785 2693/2031/1774
f 2696/2032/1775 2695/2045/422 2683/2033/1776
f 2697/2034/1777 2696/2032/1775 2684/2020/1763
f 2698/2035/1778 2697/2034/1777 2685/2022/1765
f 2699/2036/1779 2698/2035/1778 2686/2023/1766
f 2700/2037/1780 2699/2036/1779 2687/2024/1767
f 2701/2038/1781 2700/2037/1780 2688/2025/1768
f 2690/2027/1770 2702/2039/1782 2701/2038/1781
f 2691/2028/1771 2703/2040/1783 2702/2039/1782
f 2692/2029/1772 2704/2041/1784 2703/2040/1783
f 2693/2031/1774 2705/2043/1786 2704/2041/1784
f 2694/2042/1785 2706/2054/431 2705/2043/1786
f 2708/2044/1787 2707/2056/1797 2695/2045/422
f 2709/2046/1788 2708/2044/1787 2696/2032/1775
f 2710/2047/1789 2709/2046/1788 2697/2034/1777
f 2711/2048/1790 2710/2047/1789 2698/2035/1778
f 2712/2049/1791 2711/2048/1790 2699/2036/1779
f 2713/2050/1792 2712/2049/1791 2700/2037/1780
f 2702/2039/1782 2714/2051/1793 2713/2050/1792
f 2703/2040/1783 2715/2052/1794 2714/2051/1793
f 2704/2041/1784 2716/2053/1795 2715/2052/1794
f 2705/2043/1786 2717/2055/1796 2716/2053/1795
f 2706/2054/431 2718/2058/1798 2717/2055/1796
f 2708/2044/1787 2144/1542/1225 2143/49/1227
f 2709/2046/1788 2145/1544/1228 2144/1542/1225
f 2710/2047/1789 2146/1545/1230 2145/1544/1228
f 2711/2048/1790 2147/1546/1232 2146/1545/1230
f 2712/2049/1791 2148/1547/1234 2147/1546/1232
f 2713/2050/1792 2149/1548/1236 2148/1547/1234
f 2150/1549/1239 2149/1548/1236 2713/2050/1792
f 2151/1550/1241 2150/1549/1239 2714/2051/1793
f 2152/1551/1243 2151/1550/1241 2715/2052/1794
f 2153/1553/1245 2152/1551/1243 2716/2053/1795
f 2154/2057/1247 2153/1553/1245 2717/2055/1796
f 2732/1555/1799 2731/1554/1822 2719/38/1800
f 2733/1556/1802 2732/1555/1799 2720/322/1801
f 2734/1557/1804 2733/1556/1802 2721/324/1803
f 2735/1558/1806 2734/1557/1804 2722/326/1805
f 2736/1559/1808 2735/1558/1806 2723/328/1807
f 2737/1571/1810 2736/1559/1808 2724/330/1809
f 2726/335/1812 2738/1560/1814 2737/1571/1810
f 2727/337/1813 2739/1561/1816 2738/1560/1814
f 2728/339/1815 2740/1562/1818 2739/1561/1816
f 2729/341/1817 2741/1563/1820 2740/1562/1818
f 2730/343/1819 2742/1564/1831 2741/1563/1820
f 2744/1566/1821 2743/1565/398 2731/1554/1822
f 2745/1567/1823 2744/1566/1821 2732/1555/1799
f 2746/1568/1824 2745/1567/1823 2733/1556/1802
f 2747/1569/1825 2746/1568/1824 2734/1557/1804
f 2748/1581/1826 2747/1569/1825 2735/1558/1806
f 2749/1570/1827 2748/1581/1826 2736/1559/1808
f 2738/1560/1814 2750/1572/1828 2749/1570/1827
f 2739/1561/1816 2751/1573/1829 2750/1572/1828
f 2740/1562/1818 2752/1574/1830 2751/1573/1829
f 2741/1563/1820 2753/1575/1832 2752/1574/1830
f 2742/1564/1831 2754/1576/407 2753/1575/1832
f 2756/1578/1833 2755/1577/1844 2743/1565/398
f 2757/1579/1834 2756/1578/1833 2744/1566/1821
f 2758/1580/1835 2757/1579/1834 2745/1567/1823
f 2759/1582/1836 2758/1580/1835 2746/1568/1824
f 2760/1593/1837 2759/1582/1836 2747/1569/1825
f 2749/1570/1827 2761/1583/1838 2760/1593/1837
f 2750/1572/1828 2762/1584/1839 2761/1583/1838
f 2751/1573/1829 2763/1585/1840 2762/1584/1839
f 2752/1574/1830 2764/1586/1841 2763/1585/1840
f 2753/1575/1832 2765/1587/1842 2764/1586/1841
f 2754/1576/407 2766/1588/1853 2765/1587/1842
f 2768/1590/1843 2767/1589/1856 2755/1577/1844
f 2769/1591/1845 2768/1590/1843 2756/1578/1833
f 2770/1592/1846 2769/1591/1845 2757/1579/1834
f 2771/1594/1847 2770/1592/1846 2758/1580/1835
f 2772/1595/1848 2771/1594/1847 2759/1582/1836
f 2773/1607/1849 2772/1595/1848 2760/1593/1837
f 2762/1584/1839 2774/1596/1850 2773/1607/1849
f 2763/1585/1840 2775/1597/1851 2774/1596/1850
f 2764/1586/1841 2776/1598/1852 2775/1597/1851
f 2765/1587/1842 2777/1599/1854 2776/1598/1852
f 2766/1588/1853 2778/1600/1865 2777/1599/1854
f 2780/1601/1855 2779/1613/1868 2767/1589/1856
f 2781/1602/1857 2780/1601/1855 2768/1590/1843
f 2782/1603/1858 2781/1602/1857 2769/1591/1845
f 2783/1604/1859 2782/1603/1858 2770/1592/1846
f 2784/1605/1860 2783/1604/1859 2771/1594/1847
f 2785/1606/1861 2784/1605/1860 2772/1595/1848
f 2774/1596/1850 2786/1608/1862 2785/1606/1861
f 2775/1597/1851 2787/1609/1863 2786/1608/1862
f 2776/1598/1852 2788/1610/1864 2787/1609/1863
f 2777/1599/1854 2789/1611/1866 2788/1610/1864
f 2778/1600/1865 2790/1622/1877 2789/1611/1866
f 2792/1612/1867 2791/1625/1880 2779/1613/1868
f 2793/1614/1869 2792/1612/1867 2780/1601/1855
f 2794/1615/1870 2793/1614/1869 2781/1602/1857
f 2795/1616/1871 2794/1615/1870 2782/1603/1858
f 2796/1617/1872 2795/1616/1871 2783/1604/1859
f 2785/1606/1861 2797/1618/1873 2796/1617/1872
f 2786/1608/1862 2798/1619/1874 2797/1618/1873
f 2787/1609/1863 2799/1620/1875 2798/1619/1874
f 2788/1610/1864 2800/1621/1876 2799/1620/1875
f 2789/1611/1866 2801/1623/1878 2800/1621/1876
f 2790/1622/1877 2802/1634/1891 2801/1623/1878
f 2792/1612/1867 2804/1624/1881 2803/1636/1879
f 2793/1614/1869 2805/1626/1882 2804/1624/1881
f 2794/1615/1870 2806/1627/1883 2805/1626/1882
f 2795/1616/1871 2807/1628/1884 2806/1627/1883
f 2796/1617/1872 2808/1629/1896 2807/1628/1884
f 2809/1630/1885 2808/1629/1896 2796/1617/1872
f 2810/1631/1886 2809/1630/1885 2797/1618/1873
f 2811/1632/1887 2810/1631/1886 2798/1619/1874
f 2812/1633/1888 2811/1632/1887 2799/1620/1875
f 2813/1635/1889 2812/1633/1888 2800/1621/1876
f 2814/1637/1890 2813/1635/1889 2801/1623/1878
f 2804/1624/1881 2816/525/1893 2815/524/1892
f 2805/1626/1882 2817/526/1894 2816/525/1893
f 2806/1627/1883 2818/527/1895 2817/526/1894
f 2807/1628/1884 2819/529/1897 2818/527/1895
f 2808/1629/1896 2820/540/1908 2819/529/1897
f 2821/530/1898 2820/540/1908 2808/1629/1896
f 2822/531/1899 2821/530/1898 2809/1630/1885
f 2823/532/1900 2822/531/1899 2810/1631/1886
f 2824/533/1901 2823/532/1900 2811/1632/1887
f 2825/534/1902 2824/533/1901 2812/1633/1888
f 2826/535/1903 2825/534/1902 2813/1635/1889
f 2816/525/1893 2828/1638/1905 2827/1649/1904
f 2817/526/1894 2829/1639/1906 2828/1638/1905
f 2818/527/1895 2830/1640/1907 2829/1639/1906
f 2819/529/1897 2831/1641/1909 2830/1640/1907
f 2820/540/1908 2832/1642/1910 2831/1641/1909
f 2821/530/1898 2833/1643/1921 2832/1642/1910
f 2834/1644/1911 2833/1643/1921 2821/530/1898
f 2835/1645/1912 2834/1644/1911 2822/531/1899
f 2836/1646/1913 2835/1645/1912 2823/532/1900
f 2837/1647/1914 2836/1646/1913 2824/533/1901
f 2838/1658/1915 2837/1647/1914 2825/534/1902
f 2828/1638/1905 2840/1648/1916 2839/1661/1655
f 2829/1639/1906 2841/1650/1917 2840/1648/1916
f 2830/1640/1907 2842/1651/1918 2841/1650/1917
f 2831/1641/1909 2843/1652/1919 2842/1651/1918
f 2832/1642/1910 2844/1653/1929 2843/1652/1919
f 2845/1654/1920 2844/1653/1929 2832/1642/1910
f 2846/1655/1922 2845/1654/1920 2833/1643/1921
f 2847/1656/1923 2846/1655/1922 2834/1644/1911
f 2848/1657/1924 2847/1656/1923 2835/1645/1912
f 2849/1659/1925 2848/1657/1924 2836/1646/1913
f 2850/1670/1666 2849/1659/1925 2837/1647/1914
f 2840/1648/1916 2852/1660/1926 2851/1673/1656
f 2841/1650/1917 2853/1662/1927 2852/1660/1926
f 2842/1651/1918 2854/1663/1928 2853/1662/1927
f 2843/1652/1919 2855/1664/1930 2854/1663/1928
f 2844/1653/1929 2856/1665/1941 2855/1664/1930
f 2857/1666/1931 2856/1665/1941 2844/1653/1929
f 2858/1667/1932 2857/1666/1931 2845/1654/1920
f 2859/1668/1933 2858/1667/1932 2846/1655/1922
f 2860/1669/1934 2859/1668/1933 2847/1656/1923
f 2861/1671/1935 2860/1669/1934 2848/1657/1924
f 2862/1684/1667 2861/1671/1935 2849/1659/1925
f 2864/1674/1936 2863/1672/1948 2851/1673/1656
f 2865/1675/1937 2864/1674/1936 2852/1660/1926
f 2866/1676/1938 2865/1675/1937 2853/1662/1927
f 2867/1677/1939 2866/1676/1938 2854/1663/1928
f 2868/1689/1940 2867/1677/1939 2855/1664/1930
f 2869/1678/1942 2868/1689/1940 2856/1665/1941
f 2858/1667/1932 2870/1679/1943 2869/1678/1942
f 2859/1668/1933 2871/1680/1944 2870/1679/1943
f 2860/1669/1934 2872/1681/1945 2871/1680/1944
f 2861/1671/1935 2873/1682/1946 2872/1681/1945
f 2862/1684/1667 2874/1683/1957 2873/1682/1946
f 2876/1686/1947 2875/1685/1960 2863/1672/1948
f 2877/1687/1949 2876/1686/1947 2864/1674/1936
f 2878/1688/1950 2877/1687/1949 2865/1675/1937
f 2879/1690/1951 2878/1688/1950 2866/1676/1938
f 2880/1701/1952 2879/1690/1951 2867/1677/1939
f 2881/1691/1953 2880/1701/1952 2868/1689/1940
f 2870/1679/1943 2882/1692/1954 2881/1691/1953
f 2871/1680/1944 2883/1693/1955 2882/1692/1954
f 2872/1681/1945 2884/1694/1956 2883/1693/1955
f 2873/1682/1946 2885/1695/1958 2884/1694/1956
f 2874/1683/1957 2886/1696/1969 2885/1695/1958
f 2888/1698/1959 2887/1697/1972 2875/1685/1960
f 2889/1699/1961 2888/1698/1959 2876/1686/1947
f 2890/1700/1962 2889/1699/1961 2877/1687/1949
f 2891/1702/1963 2890/1700/1962 2878/1688/1950
f 2892/1713/1964 2891/1702/1963 2879/1690/1951
f 2893/1703/1965 2892/1713/1964 2880/1701/1952
f 2882/1692/1954 2894/1704/1966 2893/1703/1965
f 2883/1693/1955 2895/1705/1967 2894/1704/1966
f 2884/1694/1956 2896/1706/1968 2895/1705/1967
f 2885/1695/1958 2897/1707/1970 2896/1706/1968
f 2886/1696/1969 2898/1708/1981 2897/1707/1970
f 2900/1710/1971 2899/1709/1984 2887/1697/1972
f 2901/1711/1973 2900/1710/1971 2888/1698/1959
f 2902/1712/1974 2901/1711/1973 2889/1699/1961
f 2903/1714/1975 2902/1712/1974 2890/1700/1962
f 2904/1721/1976 2903/1714/1975 2891/1702/1963
f 2905/1715/1977 2904/1721/1976 2892/1713/1964
f 2894/1704/1966 2906/1716/1978 2905/1715/1977
f 2895/1705/1967 2907/1717/1979 2906/1716/1978
f 2896/1706/1968 2908/1718/1980 2907/1717/1979
f 2897/1707/1970 2909/1719/1982 2908/1718/1980
f 2898/1708/1981 2910/1720/1993 2909/1719/1982
f 2912/727/1983 2911/740/1996 2899/1709/1984
f 2913/729/1985 2912/727/1983 2900/1710/1971
f 2914/730/1986 2913/729/1985 2901/1711/1973
f 2915/731/1987 2914/730/1986 2902/1712/1974
f 2916/732/1988 2915/731/1987 2903/1714/1975
f 2917/733/1989 2916/732/1988 2904/1721/1976
f 2906/1716/1978 2918/734/1990 2917/733/1989
f 2907/1717/1979 2919/735/1991 2918/734/1990
f 2908/1718/1980 2920/736/1992 2919/735/1991
f 2909/1719/1982 2921/738/1994 2920/736/1992
f 2910/1720/1993 2922/749/2007 2921/738/1994
f 2912/727/1983 2924/1723/1997 2923/1722/1995
f 2913/729/1985 2925/1724/1998 2924/1723/1997
f 2914/730/1986 2926/1725/1999 2925/1724/1998
f 2915/731/1987 2927/1726/2000 2926/1725/1999
f 2916/732/1988 2928/1737/2012 2927/1726/2000
f 2929/1727/2001 2928/1737/2012 2916/732/1988
f 2930/1728/2002 2929/1727/2001 2917/733/1989
f 2931/1729/2003 2930/1728/2002 2918/734/1990
f 2932/1730/2004 2931/1729/2003 2919/735/1991
f 2933/1731/2005 2932/1730/2004 2920/736/1992
f 2934/1732/2006 2933/1731/2005 2921/738/1994
f 2924/1723/1997 2936/1734/2009 2935/1733/2008
f 2925/1724/1998 2937/1735/2010 2936/1734/2009
f 2926/1725/1999 2938/1736/2011 2937/1735/2010
f 2927/1726/2000 2939/1738/2013 2938/1736/2011
f 2928/1737/2012 2940/1750/2024 2939/1738/2013
f 2941/1739/2014 2940/1750/2024 2928/1737/2012
f 2942/1740/2015 2941/1739/2014 2929/1727/2001
f 2943/1741/2016 2942/1740/2015 2930/1728/2002
f 2944/1742/2017 2943/1741/2016 2931/1729/2003
f 2945/1743/2018 2944/1742/2017 2932/1730/2004
f 2946/1744/2019 2945/1743/2018 2933/1731/2005
f 2936/1734/2009 2948/1745/2021 2947/1757/2020
f 2937/1735/2010 2949/1746/2022 2948/1745/2021
f 2938/1736/2011 2950/1747/2023 2949/1746/2022
f 2939/1738/2013 2951/1748/2025 2950/1747/2023
f 2940/1750/2024 2952/1749/2036 2951/1748/2025
f 2953/1751/2026 2952/1749/2036 2940/1750/2024
f 2954/1752/2027 2953/1751/2026 2941/1739/2014
f 2955/1753/2028 2954/1752/2027 2942/1740/2015
f 2956/1754/2029 2955/1753/2028 2943/1741/2016
f 2957/1755/2030 2956/1754/2029 2944/1742/2017
f 2958/1766/2031 2957/1755/2030 2945/1743/2018
f 2948/1745/2021 2960/1756/2033 2959/1769/2032
f 2949/1746/2022 2961/1758/2034 2960/1756/2033
f 2950/1747/2023 2962/1759/2035 2961/1758/2034
f 2951/1748/2025 2963/1760/2037 2962/1759/2035
f 2952/1749/2036 2964/1761/2048 2963/1760/2037
f 2965/1762/2038 2964/1761/2048 2952/1749/2036
f 2966/1763/2039 2965/1762/2038 2953/1751/2026
f 2967/1764/2040 2966/1763/2039 2954/1752/2027
f 2968/1765/2041 2967/1764/2040 2955/1753/2028
f 2969/1767/2042 2968/1765/2041 2956/1754/2029
f 2970/1778/2043 2969/1767/2042 2957/1755/2030
f 2960/1756/2033 2972/1768/2045 2971/1781/2044
f 2961/1758/2034 2973/1770/2046 2972/1768/2045
f 2962/1759/2035 2974/1771/2047 2973/1770/2046
f 2963/1760/2037 2975/1772/2049 2974/1771/2047
f 2964/1761/2048 2976/1773/2060 2975/1772/2049
f 2977/1774/2050 2976/1773/2060 2964/1761/2048
f 2978/1775/2051 2977/1774/2050 2965/1762/2038
f 2979/1776/2052 2978/1775/2051 2966/1763/2039
f 2980/1777/2053 2979/1776/2052 2967/1764/2040
f 2981/1779/2054 2980/1777/2053 2968/1765/2041
f 2982/1790/2055 2981/1779/2054 2969/1767/2042
f 2972/1768/2045 2984/1780/2057 2983/1793/2056
f 2973/1770/2046 2985/1782/2058 2984/1780/2057
f 2974/1771/2047 2986/1783/2059 2985/1782/2058
f 2975/1772/2049 2987/1784/2061 2986/1783/2059
f 2976/1773/2060 2988/1785/2072 2987/1784/2061
f 2989/1786/2062 2988/1785/2072 2976/1773/2060
f 2990/1787/2063 2989/1786/2062 2977/1774/2050
f 2991/1788/2064 2990/1787/2063 2978/1775/2051
f 2992/1789/2065 2991/1788/2064 2979/1776/2052
f 2993/1791/2066 2992/1789/2065 2980/1777/2053
f 2994/1802/2067 2993/1791/2066 2981/1779/2054
f 2984/1780/2057 2996/1792/2069 2995/1804/2068
f 2985/1782/2058 2997/1794/2070 2996/1792/2069
f 2986/1783/2059 2998/1795/2071 2997/1794/2070
f 2987/1784/2061 2999/1796/2073 2998/1795/2071
f 2988/1785/2072 3000/1797/2085 2999/1796/2073
f 3001/1798/2074 3000/1797/2085 2988/1785/2072
f 3002/1799/2075 3001/1798/2074 2989/1786/2062
f 3003/1800/2076 3002/1799/2075 2990/1787/2063
f 3004/1801/2077 3003/1800/2076 2991/1788/2064
f 3005/1803/2078 3004/1801/2077 2992/1789/2065
f 3006/1805/2079 3005/1803/2078 2993/1791/2066
f 3008/931/2080 3007/128/2092 2995/1804/2068
f 3009/933/2081 3008/931/2080 2996/1792/2069
f 3010/934/2082 3009/933/2081 2997/1794/2070
f 3011/935/2083 3010/934/2082 2998/1795/2071
f 3012/936/2084 3011/935/2083 2999/1796/2073
f 3013/937/2086 3012/936/2084 3000/1797/2085
f 3002/1799/2075 3014/938/2087 3013/937/2086
f 3003/1800/2076 3015/939/2088 3014/938/2087
f 3004/1801/2077 3016/940/2089 3015/939/2088
f 3005/1803/2078 3017/942/2090 3016/940/2089
f 3006/1805/2079 3018/952/2101 3017/942/2090
f 3020/1807/2091 3019/1806/2104 3007/128/2092
f 3021/1808/2093 3020/1807/2091 3008/931/2080
f 3022/1809/2094 3021/1808/2093 3009/933/2081
f 3023/1810/2095 3022/1809/2094 3010/934/2082
f 3024/1821/2096 3023/1810/2095 3011/935/2083
f 3025/1811/2097 3024/1821/2096 3012/936/2084
f 3014/938/2087 3026/1812/2098 3025/1811/2097
f 3015/939/2088 3027/1813/2099 3026/1812/2098
f 3016/940/2089 3028/1814/2100 3027/1813/2099
f 3017/942/2090 3029/1815/2102 3028/1814/2100
f 3018/952/2101 3030/1816/2113 3029/1815/2102
f 3032/1818/2103 3031/1817/2116 3019/1806/2104
f 3033/1819/2105 3032/1818/2103 3020/1807/2091
f 3034/1820/2106 3033/1819/2105 3021/1808/2093
f 3035/1822/2107 3034/1820/2106 3022/1809/2094
f 3036/1833/2108 3035/1822/2107 3023/1810/2095
f 3037/1823/2109 3036/1833/2108 3024/1821/2096
f 3026/1812/2098 3038/1824/2110 3037/1823/2109
f 3027/1813/2099 3039/1825/2111 3038/1824/2110
f 3028/1814/2100 3040/1826/2112 3039/1825/2111
f 3029/1815/2102 3041/1827/2114 3040/1826/2112
f 3030/1816/2113 3042/1828/2125 3041/1827/2114
f 3044/1830/2115 3043/1829/2128 3031/1817/2116
f 3045/1831/2117 3044/1830/2115 3032/1818/2103
f 3046/1832/2118 3045/1831/2117 3033/1819/2105
f 3047/1834/2119 3046/1832/2118 3034/1820/2106
f 3048/1846/2120 3047/1834/2119 3035/1822/2107
f 3049/1835/2121 3048/1846/2120 3036/1833/2108
f 3038/1824/2110 3050/1836/2122 3049/1835/2121
f 3039/1825/2111 3051/1837/2123 3050/1836/2122
f 3040/1826/2112 3052/1838/2124 3051/1837/2123
f 3041/1827/2114 3053/1839/2126 3052/1838/2124
f 3042/1828/2125 3054/1840/2137 3053/1839/2126
f 3056/1841/2127 3055/1853/2140 3043/1829/2128
f 3057/1842/2129 3056/1841/2127 3044/1830/2115
f 3058/1843/2130 3057/1842/2129 3045/1831/2117
f 3059/1844/2131 3058/1843/2130 3046/1832/2118
f 3060/1845/2132 3059/1844/2131 3047/1834/2119
f 3061/1847/2133 3060/1845/2132 3048/1846/2120
f 3050/1836/2122 3062/1848/2134 3061/1847/2133
f 3051/1837/2123 3063/1849/2135 3062/1848/2134
f 3052/1838/2124 3064/1850/2136 3063/1849/2135
f 3053/1839/2126 3065/1851/2138 3064/1850/2136
f 3054/1840/2137 3066/1862/2149 3065/1851/2138
f 3068/1852/2139 3067/1865/2152 3055/1853/2140
f 3069/1854/2141 3068/1852/2139 3056/1841/2127
f 3070/1855/2142 3069/1854/2141 3057/1842/2129
f 3071/1856/2143 3070/1855/2142 3058/1843/2130
f 3072/1857/2144 3071/1856/2143 3059/1844/2131
f 3073/1858/2145 3072/1857/2144 3060/1845/2132
f 3062/1848/2134 3074/1859/2146 3073/1858/2145
f 3063/1849/2135 3075/1860/2147 3074/1859/2146
f 3064/1850/2136 3076/1861/2148 3075/1860/2147
f 3065/1851/2138 3077/1863/2150 3076/1861/2148
f 3066/1862/2149 3078/1874/2161 3077/1863/2150
f 3080/1864/2151 3079/1877/2164 3067/1865/2152
f 3081/1866/2153 3080/1864/2151 3068/1852/2139
f 3082/1867/2154 3081/1866/2153 3069/1854/2141
f 3083/1868/2155 3082/1867/2154 3070/1855/2142
f 3084/1869/2156 3083/1868/2155 3071/1856/2143
f 3085/1870/2157 3084/1869/2156 3072/1857/2144
f 3074/1859/2146 3086/1871/2158 3085/1870/2157
f 3075/1860/2147 3087/1872/2159 3086/1871/2158
f 3076/1861/2148 3088/1873/2160 3087/1872/2159
f 3077/1863/2150 3089/1875/2162 3088/1873/2160
f 3078/1874/2161 3090/1886/2175 3089/1875/2162
f 3080/1864/2151 3092/1876/2165 3091/1888/2163
f 3081/1866/2153 3093/1878/2166 3092/1876/2165
f 3082/1867/2154 3094/1879/2167 3093/1878/2166
f 3083/1868/2155 3095/1880/2168 3094/1879/2167
f 3084/1869/2156 3096/1881/2180 3095/1880/2168
f 3097/1882/2169 3096/1881/2180 3084/1869/2156
f 3098/1883/2170 3097/1882/2169 3085/1870/2157
f 3099/1884/2171 3098/1883/2170 3086/1871/2158
f 3100/1885/2172 3099/1884/2171 3087/1872/2159
f 3101/1887/2173 3100/1885/2172 3088/1873/2160
f 3102/1889/2174 3101/1887/2173 3089/1875/2162
f 3092/1876/2165 3104/1134/2177 3103/1147/2176
f 3093/1878/2166 3105/1136/2178 3104/1134/2177
f 3094/1879/2167 3106/1137/2179 3105/1136/2178
f 3095/1880/2168 3107/1138/2181 3106/1137/2179
f 3096/1881/2180 3108/1139/2192 3107/1138/2181
f 3109/1140/2182 3108/1139/2192 3096/1881/2180
f 3110/1141/2183 3109/1140/2182 3097/1882/2169
f 3111/1142/2184 3110/1141/2183 3098/1883/2170
f 3112/1143/2185 3111/1142/2184 3099/1884/2171
f 3113/1145/2186 3112/1143/2185 3100/1885/2172
f 3114/1156/2187 3113/1145/2186 3101/1887/2173
f 3104/1134/2177 3116/1890/2189 3115/1901/2188
f 3105/1136/2178 3117/1891/2190 3116/1890/2189
f 3106/1137/2179 3118/1892/2191 3117/1891/2190
f 3107/1138/2181 3119/1893/2193 3118/1892/2191
f 3108/1139/2192 3120/1894/2204 3119/1893/2193
f 3121/1895/2194 3120/1894/2204 3108/1139/2192
f 3122/1896/2195 3121/1895/2194 3109/1140/2182
f 3123/1897/2196 3122/1896/2195 3110/1141/2183
f 3124/1898/2197 3123/1897/2196 3111/1142/2184
f 3125/1899/2198 3124/1898/2197 3112/1143/2185
f 3126/1910/2199 3125/1899/2198 3113/1145/2186
f 3116/1890/2189 3128/1900/2201 3127/1913/2200
f 3117/1891/2190 3129/1902/2202 3128/1900/2201
f 3118/1892/2191 3130/1903/2203 3129/1902/2202
f 3119/1893/2193 3131/1904/2205 3130/1903/2203
f 3120/1894/2204 3132/1905/2215 3131/1904/2205
f 3133/1906/2206 3132/1905/2215 3120/1894/2204
f 3134/1907/2207 3133/1906/2206 3121/1895/2194
f 3135/1908/2208 3134/1907/2207 3122/1896/2195
f 3136/1909/2209 3135/1908/2208 3123/1897/2196
f 3137/1911/2210 3136/1909/2209 3124/1898/2197
f 3138/1922/2211 3137/1911/2210 3125/1899/2198
f 3128/1900/2201 3140/1912/2212 3139/1925/1368
f 3129/1902/2202 3141/1914/2213 3140/1912/2212
f 3130/1903/2203 3142/1915/2214 3141/1914/2213
f 3131/1904/2205 3143/1916/2216 3142/1915/2214
f 3132/1905/2215 3144/1917/2226 3143/1916/2216
f 3145/1918/2217 3144/1917/2226 3132/1905/2215
f 3146/1919/2218 3145/1918/2217 3133/1906/2206
f 3147/1920/2219 3146/1919/2218 3134/1907/2207
f 3148/1921/2220 3147/1920/2219 3135/1908/2208
f 3149/1923/2221 3148/1921/2220 3136/1909/2209
f 3150/1936/1379 3149/1923/2221 3137/1911/2210
f 3152/1926/878 3151/1924/890 3139/1925/1368
f 3153/1927/2222 3152/1926/878 3140/1912/2212
f 3154/1928/2223 3153/1927/2222 3141/1914/2213
f 3155/1929/2224 3154/1928/2223 3142/1915/2214
f 3156/1941/2225 3155/1929/2224 3143/1916/2216
f 3157/1930/2227 3156/1941/2225 3144/1917/2226
f 3146/1919/2218 3158/1931/2228 3157/1930/2227
f 3147/1920/2219 3159/1932/2229 3158/1931/2228
f 3148/1921/2220 3160/1933/2230 3159/1932/2229
f 3149/1923/2221 3161/1934/888 3160/1933/2230
f 3150/1936/1379 3162/1935/899 3161/1934/888
f 3164/1938/2231 3163/1937/2242 3151/1924/890
f 3165/1939/2232 3164/1938/2231 3152/1926/878
f 3166/1940/2233 3165/1939/2232 3153/1927/2222
f 3167/1942/2234 3166/1940/2233 3154/1928/2223
f 3168/1953/2235 3167/1942/2234 3155/1929/2224
f 3169/1943/2236 3168/1953/2235 3156/1941/2225
f 3158/1931/2228 3170/1944/2237 3169/1943/2236
f 3159/1932/2229 3171/1945/2238 3170/1944/2237
f 3160/1933/2230 3172/1946/2239 3171/1945/2238
f 3161/1934/888 3173/1947/2240 3172/1946/2239
f 3162/1935/899 3174/1948/2251 3173/1947/2240
f 3176/1950/2241 3175/1949/2254 3163/1937/2242
f 3177/1951/2243 3176/1950/2241 3164/1938/2231
f 3178/1952/2244 3177/1951/2243 3165/1939/2232
f 3179/1954/2245 3178/1952/2244 3166/1940/2233
f 3180/1965/2246 3179/1954/2245 3167/1942/2234
f 3181/1955/2247 3180/1965/2246 3168/1953/2235
f 3170/1944/2237 3182/1956/2248 3181/1955/2247
f 3171/1945/2238 3183/1957/2249 3182/1956/2248
f 3172/1946/2239 3184/1958/2250 3183/1957/2249
f 3173/1947/2240 3185/1959/2252 3184/1958/2250
f 3174/1948/2251 3186/1960/2263 3185/1959/2252
f 3188/1962/2253 3187/1961/2266 3175/1949/2254
f 3189/1963/2255 3188/1962/2253 3176/1950/2241
f 3190/1964/2256 3189/1963/2255 3177/1951/2243
f 3191/1966/2257 3190/1964/2256 3178/1952/2244
f 3192/1973/2258 3191/1966/2257 3179/1954/2245
f 3193/1967/2259 3192/1973/2258 3180/1965/2246
f 3182/1956/2248 3194/1968/2260 3193/1967/2259
f 3183/1957/2249 3195/1969/2261 3194/1968/2260
f 3184/1958/2250 3196/1970/2262 3195/1969/2261
f 3185/1959/2252 3197/1971/2264 3196/1970/2262
f 3186/1960/2263 3198/1972/2275 3197/1971/2264
f 3200/1340/2265 3199/1339/2278 3187/1961/2266
f 3201/1341/2267 3200/1340/2265 3188/1962/2253
f 3202/1342/2268 3201/1341/2267 3189/1963/2255
f 3203/1343/2269 3202/1342/2268 3190/1964/2256
f 3204/1355/2270 3203/1343/2269 3191/1966/2257
f 3205/1344/2271 3204/1355/2270 3192/1973/2258
f 3194/1968/2260 3206/1346/2272 3205/1344/2271
f 3195/1969/2261 3207/1347/2273 3206/1346/2272
f 3196/1970/2262 3208/1348/2274 3207/1347/2273
f 3197/1971/2264 3209/1349/2276 3208/1348/2274
f 3198/1972/2275 3210/1350/2289 3209/1349/2276
f 3200/1340/2265 3212/1975/2279 3211/1974/2277
f 3201/1341/2267 3213/1976/2280 3212/1975/2279
f 3202/1342/2268 3214/1977/2281 3213/1976/2280
f 3203/1343/2269 3215/1978/2282 3214/1977/2281
f 3204/1355/2270 3216/1989/2294 3215/1978/2282
f 3217/1979/2283 3216/1989/2294 3204/1355/2270
f 3218/1980/2284 3217/1979/2283 3205/1344/2271
f 3219/1981/2285 3218/1980/2284 3206/1346/2272
f 3220/1982/2286 3219/1981/2285 3207/1347/2273
f 3221/1983/2287 3220/1982/2286 3208/1348/2274
f 3222/1984/2288 3221/1983/2287 3209/1349/2276
f 3212/1975/2279 3224/1986/2291 3223/1985/2290
f 3213/1976/2280 3225/1987/2292 3224/1986/2291
f 3214/1977/2281 3226/1988/2293 3225/1987/2292
f 3215/1978/2282 3227/1990/2295 3226/1988/2293
f 3216/1989/2294 3228/2002/2306 3227/1990/2295
f 3229/1991/2296 3228/2002/2306 3216/1989/2294
f 3230/1992/2297 3229/1991/2296 3217/1979/2283
f 3231/1993/2298 3230/1992/2297 3218/1980/2284
f 3232/1994/2299 3231/1993/2298 3219/1981/2285
f 3233/1995/2300 3232/1994/2299 3220/1982/2286
f 3234/1996/2301 3233/1995/2300 3221/1983/2287
f 3224/1986/2291 3236/1997/2303 3235/2009/2302
f 3225/1987/2292 3237/1998/2304 3236/1997/2303
f 3226/1988/2293 3238/1999/2305 3237/1998/2304
f 3227/1990/2295 3239/2000/2307 3238/1999/2305
f 3228/2002/2306 3240/2001/2318 3239/2000/2307
f 3241/2003/2308 3240/2001/2318 3228/2002/2306
f 3242/2004/2309 3241/2003/2308 3229/1991/2296
f 3243/2005/2310 3242/2004/2309 3230/1992/2297
f 3244/2006/2311 3243/2005/2310 3231/1993/2298
f 3245/2007/2312 3244/2006/2311 3232/1994/2299
f 3246/2018/2313 3245/2007/2312 3233/1995/2300
f 3236/1997/2303 3248/2008/2315 3247/2021/2314
f 3237/1998/2304 3249/2010/2316 3248/2008/2315
f 3238/1999/2305 3250/2011/2317 3249/2010/2316
f 3239/2000/2307 3251/2012/2319 3250/2011/2317
f 3240/2001/2318 3252/2013/2330 3251/2012/2319
f 3253/2014/2320 3252/2013/2330 3240/2001/2318
f 3254/2015/2321 3253/2014/2320 3241/2003/2308
f 3255/2016/2322 3254/2015/2321 3242/2004/2309
f 3256/2017/2323 3255/2016/2322 3243/2005/2310
f 3257/2019/2324 3256/2017/2323 3244/2006/2311
f 3258/2030/2325 3257/2019/2324 3245/2007/2312
f 3248/2008/2315 3260/2020/2327 3259/2033/2326
f 3249/2010/2316 3261/2022/2328 3260/2020/2327
f 3250/2011/2317 3262/2023/2329 3261/2022/2328
f 3251/2012/2319 3263/2024/2331 3262/2023/2329
f 3252/2013/2330 3264/2025/2342 3263/2024/2331
f 3265/2026/2332 3264/2025/2342 3252/2013/2330
f 3266/2027/2333 3265/2026/2332 3253/2014/2320
f 3267/2028/2334 3266/2027/2333 3254/2015/2321
f 3268/2029/2335 3267/2028/2334 3255/2016/2322
f 3269/2031/2336 3268/2029/2335 3256/2017/2323
f 3270/2042/2337 3269/2031/2336 3257/2019/2324
f 3260/2020/2327 3272/2032/2339 3271/2045/2338
f 3261/2022/2328 3273/2034/2340 3272/2032/2339
f 3262/2023/2329 3274/2035/2341 3273/2034/2340
f 3263/2024/2331 3275/2036/2343 3274/2035/2341
f 3264/2025/2342 3276/2037/2354 3275/2036/2343
f 3277/2038/2344 3276/2037/2354 3264/2025/2342
f 3278/2039/2345 3277/2038/2344 3265/2026/2332
f 3279/2040/2346 3278/2039/2345 3266/2027/2333
f 3280/2041/2347 3279/2040/2346 3267/2028/2334
f 3281/2043/2348 3280/2041/2347 3268/2029/2335
f 3282/2054/2349 3281/2043/2348 3269/2031/2336
f 3272/2032/2339 3284/2044/2351 3283/2056/2350
f 3273/2034/2340 3285/2046/2352 3284/2044/2351
f 3274/2035/2341 3286/2047/2353 3285/2046/2352
f 3275/2036/2343 3287/2048/2355 3286/2047/2353
f 3276/2037/2354 3288/2049/2362 3287/2048/2355
f 3289/2050/2356 3288/2049/2362 3276/2037/2354
f 3290/2051/2357 3289/2050/2356 3277/2038/2344
f 3291/2052/2358 3290/2051/2357 3278/2039/2345
f 3292/2053/2359 3291/2052/2358 3279/2040/2346
f 3293/2055/2360 3292/2053/2359 3280/2041/2347
f 3294/2058/2361 3293/2055/2360 3281/2043/2348
f 2720/1542/1801 2719/49/1800 3283/2056/2350
f 2721/1544/1803 2720/1542/1801 3284/2044/2351
f 2722/1545/1805 2721/1544/1803 3285/2046/2352
f 2723/1546/1807 2722/1545/1805 3286/2047/2353
f 2724/1547/1809 2723/1546/1807 3287/2048/2355
f 2725/1548/1811 2724/1547/1809 3288/2049/2362
f 3290/2051/2357 2726/1549/1812 2725/1548/1811
f 3291/2052/2358 2727/1550/1813 2726/1549/1812
f 3292/2053/2359 2728/1551/1815 2727/1550/1813
f 3293/2055/2360 2729/1553/1817 2728/1551/1815
f 3294/2058/2361 2730/2057/1819 2729/1553/1817
f 3308/1612/2363 3307/1625/2364 3295/38/2364
f 3309/1614/2366 3308/1612/2363 3296/322/2365
f 3310/1615/2368 3309/1614/2366 3297/324/2367
f 3311/1616/2370 3310/1615/2368 3298/326/2369
f 3312/1617/2372 3311/1616/2370 3299/328/2371
f 3313/1618/2374 3312/1617/2372 3300/330/2373
f 3302/335/2376 3314/1619/2378 3313/1618/2374
f 3303/337/2377 3315/1620/2380 3314/1619/2378
f 3304/339/2379 3316/1621/2382 3315/1620/2380
f 3305/341/2381 3317/1623/2384 3316/1621/2382
f 3306/343/2383 3318/1634/2383 3317/1623/2384
f 3320/1674/2385 3319/1672/2395 3307/1625/2364
f 3321/1675/2386 3320/1674/2385 3308/1612/2363
f 3322/1676/2387 3321/1675/2386 3309/1614/2366
f 3323/1677/2388 3322/1676/2387 3310/1615/2368
f 3324/1689/2389 3323/1677/2388 3311/1616/2370
f 3325/1678/2390 3324/1689/2389 3312/1617/2372
f 3314/1619/2378 3326/1679/2391 3325/1678/2390
f 3315/1620/2380 3327/1680/2392 3326/1679/2391
f 3316/1621/2382 3328/1681/2393 3327/1680/2392
f 3317/1623/2384 3329/1682/2394 3328/1681/2393
f 3318/1634/2383 3330/1683/2405 3329/1682/2394
f 3320/1674/2385 3332/1734/2396 3331/1733/2395
f 3321/1675/2386 3333/1735/2397 3332/1734/2396
f 3322/1676/2387 3334/1736/2398 3333/1735/2397
f 3323/1677/2388 3335/1738/2399 3334/1736/2398
f 3324/1689/2389 3336/1750/2410 3335/1738/2399
f 3337/1739/2400 3336/1750/2410 3324/1689/2389
f 3338/1740/2401 3337/1739/2400 3325/1678/2390
f 3339/1741/2402 3338/1740/2401 3326/1679/2391
f 3340/1742/2403 3339/1741/2402 3327/1680/2392
f 3341/1743/2404 3340/1742/2403 3328/1681/2393
f 3342/1744/2405 3341/1743/2404 3329/1682/2394
f 3332/1734/2396 3344/931/2407 3343/128/2406
f 3333/1735/2397 3345/933/2408 3344/931/2407
f 3334/1736/2398 3346/934/2409 3345/933/2408
f 3335/1738/2399 3347/935/2411 3346/934/2409
f 3336/1750/2410 3348/936/2423 3347/935/2411
f 3349/937/2412 3348/936/2423 3336/1750/2410
f 3350/938/2413 3349/937/2412 3337/1739/2400
f 3351/939/2414 3350/938/2413 3338/1740/2401
f 3352/940/2415 3351/939/2414 3339/1741/2402
f 3353/942/2416 3352/940/2415 3340/1742/2403
f 3354/952/2417 3353/942/2416 3341/1743/2404
f 3356/1864/2418 3355/1877/2430 3343/128/2406
f 3357/1866/2419 3356/1864/2418 3344/931/2407
f 3358/1867/2420 3357/1866/2419 3345/933/2408
f 3359/1868/2421 3358/1867/2420 3346/934/2409
f 3360/1869/2422 3359/1868/2421 3347/935/2411
f 3361/1870/2424 3360/1869/2422 3348/936/2423
f 3350/938/2413 3362/1871/2425 3361/1870/2424
f 3351/939/2414 3363/1872/2426 3362/1871/2425
f 3352/940/2415 3364/1873/2427 3363/1872/2426
f 3353/942/2416 3365/1875/2428 3364/1873/2427
f 3354/952/2417 3366/1886/2439 3365/1875/2428
f 3368/1926/2429 3367/1924/2442 3355/1877/2430
f 3369/1927/2431 3368/1926/2429 3356/1864/2418
f 3370/1928/2432 3369/1927/2431 3357/1866/2419
f 3371/1929/2433 3370/1928/2432 3358/1867/2420
f 3372/1941/2434 3371/1929/2433 3359/1868/2421
f 3373/1930/2435 3372/1941/2434 3360/1869/2422
f 3362/1871/2425 3374/1931/2436 3373/1930/2435
f 3363/1872/2426 3375/1932/2437 3374/1931/2436
f 3364/1873/2427 3376/1933/2438 3375/1932/2437
f 3365/1875/2428 3377/1934/2440 3376/1933/2438
f 3366/1886/2439 3378/1935/2453 3377/1934/2440
f 3368/1926/2429 3380/1986/2443 3379/1985/2441
f 3369/1927/2431 3381/1987/2444 3380/1986/2443
f 3370/1928/2432 3382/1988/2445 3381/1987/2444
f 3371/1929/2433 3383/1990/2446 3382/1988/2445
f 3372/1941/2434 3384/2002/2454 3383/1990/2446
f 3385/1991/2447 3384/2002/2454 3372/1941/2434
f 3386/1992/2448 3385/1991/2447 3373/1930/2435
f 3387/1993/2449 3386/1992/2448 3374/1931/2436
f 3388/1994/2450 3387/1993/2449 3375/1932/2437
f 3389/1995/2451 3388/1994/2450 3376/1933/2438
f 3390/1996/2452 3389/1995/2451 3377/1934/2440
f 3296/1542/2365 3295/49/2364 3379/1985/2441
f 3297/1544/2367 3296/1542/2365 3380/1986/2443
f 3298/1545/2369 3297/1544/2367 3381/1987/2444
f 3299/1546/2371 3298/1545/2369 3382/1988/2445
f 3300/1547/2373 3299/1546/2371 3383/1990/2446
f 3301/1548/2375 3300/1547/2373 3384/2002/2454
f 3386/1992/2448 3302/1549/2376 3301/1548/2375
f 3387/1993/2449 3303/1550/2377 3302/1549/2376
f 3388/1994/2450 3304/1551/2379 3303/1550/2377
f 3389/1995/2451 3305/1553/2381 3304/1551/2379
f 3390/1996/2452 3306/2057/2383 3305/1553/2381
f 3404/727/2455 3403/740/2478 3391/38/2456
f 3405/729/2458 3404/727/2455 3392/322/2457
f 3406/730/2460 3405/729/2458 3393/324/2459
f 3407/731/2462 3406/730/2460 3394/326/2461
f 3408/732/2464 3407/731/2462 3395/328/2463
f 3409/733/2466 3408/732/2464 3396/330/2465
f 3398/335/2468 3410/734/2470 3409/733/2466
f 3399/337/2469 3411/735/2472 3410/734/2470
f 3400/339/2471 3412/736/2474 3411/735/2472
f 3401/341/2473 3413/738/2476 3412/736/2474
f 3402/343/2475 3414/749/2489 3413/738/2476
f 3404/727/2455 3416/1134/2479 3415/1147/2477
f 3405/729/2458 3417/1136/2480 3416/1134/2479
f 3406/730/2460 3418/1137/2481 3417/1136/2480
f 3407/731/2462 3419/1138/2482 3418/1137/2481
f 3408/732/2464 3420/1139/2490 3419/1138/2482
f 3421/1140/2483 3420/1139/2490 3408/732/2464
f 3422/1141/2484 3421/1140/2483 3409/733/2466
f 3423/1142/2485 3422/1141/2484 3410/734/2470
f 3424/1143/2486 3423/1142/2485 3411/735/2472
f 3425/1145/2487 3424/1143/2486 3412/736/2474
f 3426/1156/2488 3425/1145/2487 3413/738/2476
f 3392/1542/2457 3391/49/2456 3415/1147/2477
f 3393/1544/2459 3392/1542/2457 3416/1134/2479
f 3394/1545/2461 3393/1544/2459 3417/1136/2480
f 3395/1546/2463 3394/1545/2461 3418/1137/2481
f 3396/1547/2465 3395/1546/2463 3419/1138/2482
f 3397/1548/2467 3396/1547/2465 3420/1139/2490
f 3422/1141/2484 3398/1549/2468 3397/1548/2467
f 3423/1142/2485 3399/1550/2469 3398/1549/2468
f 3424/1143/2486 3400/1551/2471 3399/1550/2469
f 3425/1145/2487 3401/1553/2473 3400/1551/2471
f 3426/1156/2488 3402/2057/2475 3401/1553/2473
f 3440/525/2491 3439/524/2502 3427/38/1198
f 3441/526/2492 3440/525/2491 3428/322/1211
f 3442/527/2493 3441/526/2492 3429/324/1200
f 3443/529/2494 3442/527/2493 3430/326/1202
f 3432/330/1203 3444/540/2504 3443/529/2494
f 3445/530/2495 3444/540/2504 3432/330/1203
f 3446/531/2496 3445/530/2495 3433/333/1204
f 3447/532/2498 3446/531/2496 3434/335/2497
f 3448/533/2499 3447/532/2498 3435/337/1207
f 3449/534/2500 3448/533/2499 3436/339/1208
f 3450/535/2501 3449/534/2500 3437/341/1220
f 3452/727/1178 3451/740/1177 3439/524/2502
f 3441/526/2492 3453/729/1179 3452/727/1178
f 3454/730/1180 3453/729/1179 3441/526/2492
f 3455/731/2503 3454/730/1180 3442/527/2493
f 3456/732/1182 3455/731/2503 3443/529/2494
f 3457/733/1192 3456/732/1182 3444/540/2504
f 3458/734/2505 3457/733/1192 3445/530/2495
f 3459/735/1184 3458/734/2505 3446/531/2496
f 3460/736/1185 3459/735/1184 3447/532/2498
f 3461/738/1186 3460/736/1185 3448/533/2499
f 3462/749/1187 3461/738/1186 3449/534/2500
f 3464/931/1188 3463/128/1199 3451/740/1177
f 3453/729/1179 3465/933/1201 3464/931/1188
f 3466/934/1189 3465/933/1201 3453/729/1179
f 3467/935/2506 3466/934/1189 3454/730/1180
f 3468/936/1191 3467/935/2506 3455/731/2503
f 3469/937/1205 3468/936/1191 3456/732/1182
f 3470/938/2507 3469/937/1205 3457/733/1192
f 3459/735/1184 3471/939/1194 3470/938/2507
f 3472/940/1195 3471/939/1194 3459/735/1184
f 3461/738/1186 3473/942/1196 3472/940/1195
f 3474/952/1197 3473/942/1196 3461/738/1186
f 3476/1134/1211 3475/1147/1198 3463/128/1199
f 3477/1136/1200 3476/1134/1211 3464/931/1188
f 3478/1137/1202 3477/1136/1200 3465/933/1201
f 3479/1138/1215 3478/1137/1202 3466/934/1189
f 3480/1139/1203 3479/1138/1215 3467/935/2506
f 3481/1140/1204 3480/1139/1203 3468/936/1191
f 3482/1141/1206 3481/1140/1204 3469/937/1205
f 3483/1142/1207 3482/1141/1206 3470/938/2507
f 3472/940/1195 3484/1143/1208 3483/1142/1207
f 3485/1145/1220 3484/1143/1208 3472/940/1195
f 3486/1156/1209 3485/1145/1220 3473/942/1196
f 3488/1340/2508 3487/1339/1198 3475/1147/1198
f 3489/1341/2509 3488/1340/2508 3476/1134/1211
f 3490/1342/2510 3489/1341/2509 3477/1136/1200
f 3491/1343/2511 3490/1342/2510 3478/1137/1202
f 3492/1355/2512 3491/1343/2511 3479/1138/1215
f 3493/1344/2513 3492/1355/2512 3480/1139/1203
f 3482/1141/1206 3494/1346/2514 3493/1344/2513
f 3483/1142/1207 3495/1347/2515 3494/1346/2514
f 3484/1143/1208 3496/1348/2516 3495/1347/2515
f 3485/1145/1220 3497/1349/2517 3496/1348/2516
f 3486/1156/1209 3498/1350/1209 3497/1349/2517
f 3488/1340/2508 3428/1542/1211 3427/49/1198
f 3489/1341/2509 3429/1544/1200 3428/1542/1211
f 3490/1342/2510 3430/1545/1202 3429/1544/1200
f 3491/1343/2511 3431/1546/1215 3430/1545/1202
f 3492/1355/2512 3432/1547/1203 3431/1546/1215
f 3433/1548/1204 3432/1547/1203 3492/1355/2512
f 3434/1549/2497 3433/1548/1204 3493/1344/2513
f 3435/1550/1207 3434/1549/2497 3494/1346/2514
f 3436/1551/1208 3435/1550/1207 3495/1347/2515
f 3437/1553/1220 3436/1551/1208 3496/1348/2516
f 3438/2057/1209 3437/1553/1220 3497/1349/2517
f 3500/322/2518 3512/2060/2522 3511/2059/2519
f 3501/324/2521 3513/2061/2524 3512/2060/2522
f 3502/326/2523 3514/2062/2526 3513/2061/2524
f 3503/328/2525 3515/2063/2528 3514/2062/2526
f 3504/330/2527 3516/2075/2546 3515/2063/2528
f 3517/2064/2529 3516/2075/2546 3504/330/2527
f 3518/2065/2531 3517/2064/2529 3505/333/2530
f 3519/2066/2533 3518/2065/2531 3506/335/2532
f 3520/2067/2535 3519/2066/2533 3507/337/2534
f 3521/2068/2537 3520/2067/2535 3508/339/2536
f 3522/2069/2539 3521/2068/2537 3509/341/2538
f 3524/2070/2541 3523/2082/2553 3511/2059/2519
f 3525/2071/2542 3524/2070/2541 3512/2060/2522
f 3526/2072/2543 3525/2071/2542 3513/2061/2524
f 3527/2073/2544 3526/2072/2543 3514/2062/2526
f 3528/2074/2545 3527/2073/2544 3515/2063/2528
f 3529/2076/2547 3528/2074/2545 3516/2075/2546
f 3518/2065/2531 3530/2077/2548 3529/2076/2547
f 3519/2066/2533 3531/2078/2549 3530/2077/2548
f 3520/2067/2535 3532/2079/2550 3531/2078/2549
f 3521/2068/2537 3533/2080/2551 3532/2079/2550
f 3522/2069/2539 3534/2091/2562 3533/2080/2551
f 3536/2081/2552 3535/2094/2565 3523/2082/2553
f 3537/2083/2554 3536/2081/2552 3524/2070/2541
f 3538/2084/2555 3537/2083/2554 3525/2071/2542
f 3539/2085/2556 3538/2084/2555 3526/2072/2543
f 3540/2086/2557 3539/2085/2556 3527/2073/2544
f 3541/2087/2558 3540/2086/2557 3528/2074/2545
f 3530/2077/2548 3542/2088/2559 3541/2087/2558
f 3531/2078/2549 3543/2089/2560 3542/2088/2559
f 3532/2079/2550 3544/2090/2561 3543/2089/2560
f 3533/2080/2551 3545/2092/2563 3544/2090/2561
f 3534/2091/2562 3546/2103/2574 3545/2092/2563
f 3548/2093/2564 3547/2106/2577 3535/2094/2565
f 3549/2095/2566 3548/2093/2564 3536/2081/2552
f 3550/2096/2567 3549/2095/2566 3537/2083/2554
f 3551/2097/2568 3550/2096/2567 3538/2084/2555
f 3552/2098/2569 3551/2097/2568 3539/2085/2556
f 3553/2099/2570 3552/2098/2569 3540/2086/2557
f 3542/2088/2559 3554/2100/2571 3553/2099/2570
f 3543/2089/2560 3555/2101/2572 3554/2100/2571
f 3544/2090/2561 3556/2102/2573 3555/2101/2572
f 3545/2092/2563 3557/2104/2575 3556/2102/2573
f 3546/2103/2574 3558/2115/2586 3557/2104/2575
f 3560/2105/2576 3559/2118/2589 3547/2106/2577
f 3561/2107/2578 3560/2105/2576 3548/2093/2564
f 3562/2108/2579 3561/2107/2578 3549/2095/2566
f 3563/2109/2580 3562/2108/2579 3550/2096/2567
f 3564/2110/2581 3563/2109/2580 3551/2097/2568
f 3565/2111/2582 3564/2110/2581 3552/2098/2569
f 3554/2100/2571 3566/2112/2583 3565/2111/2582
f 3555/2101/2572 3567/2113/2584 3566/2112/2583
f 3556/2102/2573 3568/2114/2585 3567/2113/2584
f 3557/2104/2575 3569/2116/2587 3568/2114/2585
f 3558/2115/2586 3570/2127/2598 3569/2116/2587
f 3572/2117/2588 3571/2130/2601 3559/2118/2589
f 3573/2119/2590 3572/2117/2588 3560/2105/2576
f 3574/2120/2591 3573/2119/2590 3561/2107/2578
f 3575/2121/2592 3574/2120/2591 3562/2108/2579
f 3576/2122/2593 3575/2121/2592 3563/2109/2580
f 3577/2123/2594 3576/2122/2593 3564/2110/2581
f 3566/2112/2583 3578/2124/2595 3577/2123/2594
f 3567/2113/2584 3579/2125/2596 3578/2124/2595
f 3568/2114/2585 3580/2126/2597 3579/2125/2596
f 3569/2116/2587 3581/2128/2599 3580/2126/2597
f 3570/2127/2598 3582/2139/2610 3581/2128/2599
f 3584/2129/2600 3583/2142/2613 3571/2130/2601
f 3585/2131/2602 3584/2129/2600 3572/2117/2588
f 3586/2132/2603 3585/2131/2602 3573/2119/2590
f 3587/2133/2604 3586/2132/2603 3574/2120/2591
f 3588/2134/2605 3587/2133/2604 3575/2121/2592
f 3589/2135/2606 3588/2134/2605 3576/2122/2593
f 3578/2124/2595 3590/2136/2607 3589/2135/2606
f 3579/2125/2596 3591/2137/2608 3590/2136/2607
f 3580/2126/2597 3592/2138/2609 3591/2137/2608
f 3581/2128/2599 3593/2140/2611 3592/2138/2609
f 3582/2139/2610 3594/2151/2622 3593/2140/2611
f 3596/2141/2612 3595/2154/2625 3583/2142/2613
f 3597/2143/2614 3596/2141/2612 3584/2129/2600
f 3598/2144/2615 3597/2143/2614 3585/2131/2602
f 3599/2145/2616 3598/2144/2615 3586/2132/2603
f 3600/2146/2617 3599/2145/2616 3587/2133/2604
f 3601/2147/2618 3600/2146/2617 3588/2134/2605
f 3590/2136/2607 3602/2148/2619 3601/2147/2618
f 3591/2137/2608 3603/2149/2620 3602/2148/2619
f 3592/2138/2609 3604/2150/2621 3603/2149/2620
f 3593/2140/2611 3605/2152/2623 3604/2150/2621
f 3594/2151/2622 3606/2163/2634 3605/2152/2623
f 3608/2153/2624 3607/2166/2637 3595/2154/2625
f 3609/2155/2626 3608/2153/2624 3596/2141/2612
f 3610/2156/2627 3609/2155/2626 3597/2143/2614
f 3611/2157/2628 3610/2156/2627 3598/2144/2615
f 3612/2158/2629 3611/2157/2628 3599/2145/2616
f 3613/2159/2630 3612/2158/2629 3600/2146/2617
f 3602/2148/2619 3614/2160/2631 3613/2159/2630
f 3603/2149/2620 3615/2161/2632 3614/2160/2631
f 3604/2150/2621 3616/2162/2633 3615/2161/2632
f 3605/2152/2623 3617/2164/2635 3616/2162/2633
f 3606/2163/2634 3618/2175/2646 3617/2164/2635
f 3620/2165/2636 3619/2178/2649 3607/2166/2637
f 3621/2167/2638 3620/2165/2636 3608/2153/2624
f 3622/2168/2639 3621/2167/2638 3609/2155/2626
f 3623/2169/2640 3622/2168/2639 3610/2156/2627
f 3624/2170/2641 3623/2169/2640 3611/2157/2628
f 3625/2171/2642 3624/2170/2641 3612/2158/2629
f 3614/2160/2631 3626/2172/2643 3625/2171/2642
f 3615/2161/2632 3627/2173/2644 3626/2172/2643
f 3616/2162/2633 3628/2174/2645 3627/2173/2644
f 3617/2164/2635 3629/2176/2647 3628/2174/2645
f 3618/2175/2646 3630/2187/2658 3629/2176/2647
f 3632/2177/2648 3631/2190/2661 3619/2178/2649
f 3633/2179/2650 3632/2177/2648 3620/2165/2636
f 3634/2180/2651 3633/2179/2650 3621/2167/2638
f 3635/2181/2652 3634/2180/2651 3622/2168/2639
f 3636/2182/2653 3635/2181/2652 3623/2169/2640
f 3637/2183/2654 3636/2182/2653 3624/2170/2641
f 3626/2172/2643 3638/2184/2655 3637/2183/2654
f 3627/2173/2644 3639/2185/2656 3638/2184/2655
f 3628/2174/2645 3640/2186/2657 3639/2185/2656
f 3629/2176/2647 3641/2188/2659 3640/2186/2657
f 3630/2187/2658 3642/2199/2670 3641/2188/2659
f 3644/2189/2660 3643/2202/2673 3631/2190/2661
f 3645/2191/2662 3644/2189/2660 3632/2177/2648
f 3646/2192/2663 3645/2191/2662 3633/2179/2650
f 3647/2193/2664 3646/2192/2663 3634/2180/2651
f 3648/2194/2665 3647/2193/2664 3635/2181/2652
f 3649/2195/2666 3648/2194/2665 3636/2182/2653
f 3638/2184/2655 3650/2196/2667 3649/2195/2666
f 3639/2185/2656 3651/2197/2668 3650/2196/2667
f 3640/2186/2657 3652/2198/2669 3651/2197/2668
f 3641/2188/2659 3653/2200/2671 3652/2198/2669
f 3642/2199/2670 3654/2213/2684 3653/2200/2671
f 3644/2189/2660 3656/2203/2674 3655/2201/2672
f 3645/2191/2662 3657/2204/2675 3656/2203/2674
f 3646/2192/2663 3658/2205/2676 3657/2204/2675
f 3647/2193/2664 3659/2206/2677 3658/2205/2676
f 3648/2194/2665 3660/2218/2689 3659/2206/2677
f 3661/2207/2678 3660/2218/2689 3648/2194/2665
f 3662/2208/2679 3661/2207/2678 3649/2195/2666
f 3663/2209/2680 3662/2208/2679 3650/2196/2667
f 3664/2210/2681 3663/2209/2680 3651/2197/2668
f 3665/2211/2682 3664/2210/2681 3652/2198/2669
f 3666/2212/2683 3665/2211/2682 3653/2200/2671
f 3656/2203/2674 3668/2215/2686 3667/2214/2685
f 3657/2204/2675 3669/2216/2687 3668/2215/2686
f 3658/2205/2676 3670/2217/2688 3669/2216/2687
f 3659/2206/2677 3671/2219/2690 3670/2217/2688
f 3660/2218/2689 3672/2230/2701 3671/2219/2690
f 3673/2220/2691 3672/2230/2701 3660/2218/2689
f 3674/2221/2692 3673/2220/2691 3661/2207/2678
f 3675/2222/2693 3674/2221/2692 3662/2208/2679
f 3676/2223/2694 3675/2222/2693 3663/2209/2680
f 3677/2224/2695 3676/2223/2694 3664/2210/2681
f 3678/2225/2696 3677/2224/2695 3665/2211/2682
f 3668/2215/2686 3680/2227/2698 3679/2226/2697
f 3669/2216/2687 3681/2228/2699 3680/2227/2698
f 3670/2217/2688 3682/2229/2700 3681/2228/2699
f 3671/2219/2690 3683/2231/2702 3682/2229/2700
f 3672/2230/2701 3684/2242/2713 3683/2231/2702
f 3685/2232/2703 3684/2242/2713 3672/2230/2701
f 3686/2233/2704 3685/2232/2703 3673/2220/2691
f 3687/2234/2705 3686/2233/2704 3674/2221/2692
f 3688/2235/2706 3687/2234/2705 3675/2222/2693
f 3689/2236/2707 3688/2235/2706 3676/2223/2694
f 3690/2237/2708 3689/2236/2707 3677/2224/2695
f 3680/2227/2698 3692/2239/2710 3691/2238/2709
f 3681/2228/2699 3693/2240/2711 3692/2239/2710
f 3682/2229/2700 3694/2241/2712 3693/2240/2711
f 3683/2231/2702 3695/2243/2714 3694/2241/2712
f 3684/2242/2713 3696/2254/2725 3695/2243/2714
f 3697/2244/2715 3696/2254/2725 3684/2242/2713
f 3698/2245/2716 3697/2244/2715 3685/2232/2703
f 3699/2246/2717 3698/2245/2716 3686/2233/2704
f 3700/2247/2718 3699/2246/2717 3687/2234/2705
f 3701/2248/2719 3700/2247/2718 3688/2235/2706
f 3702/2249/2720 3701/2248/2719 3689/2236/2707
f 3692/2239/2710 3704/2251/2722 3703/2250/2721
f 3693/2240/2711 3705/2252/2723 3704/2251/2722
f 3694/2241/2712 3706/2253/2724 3705/2252/2723
f 3695/2243/2714 3707/2255/2726 3706/2253/2724
f 3696/2254/2725 3708/2266/2737 3707/2255/2726
f 3709/2256/2727 3708/2266/2737 3696/2254/2725
f 3710/2257/2728 3709/2256/2727 3697/2244/2715
f 3711/2258/2729 3710/2257/2728 3698/2245/2716
f 3712/2259/2730 3711/2258/2729 3699/2246/2717
f 3713/2260/2731 3712/2259/2730 3700/2247/2718
f 3714/2261/2732 3713/2260/2731 3701/2248/2719
f 3704/2251/2722 3716/2263/2734 3715/2262/2733
f 3705/2252/2723 3717/2264/2735 3716/2263/2734
f 3706/2253/2724 3718/2265/2736 3717/2264/2735
f 3707/2255/2726 3719/2267/2738 3718/2265/2736
f 3708/2266/2737 3720/2278/2749 3719/2267/2738
f 3721/2268/2739 3720/2278/2749 3708/2266/2737
f 3722/2269/2740 3721/2268/2739 3709/2256/2727
f 3723/2270/2741 3722/2269/2740 3710/2257/2728
f 3724/2271/2742 3723/2270/2741 3711/2258/2729
f 3725/2272/2743 3724/2271/2742 3712/2259/2730
f 3726/2273/2744 3725/2272/2743 3713/2260/2731
f 3716/2263/2734 3728/2275/2746 3727/2274/2745
f 3717/2264/2735 3729/2276/2747 3728/2275/2746
f 3718/2265/2736 3730/2277/2748 3729/2276/2747
f 3719/2267/2738 3731/2279/2750 3730/2277/2748
f 3720/2278/2749 3732/2290/2761 3731/2279/2750
f 3733/2280/2751 3732/2290/2761 3720/2278/2749
f 3734/2281/2752 3733/2280/2751 3721/2268/2739
f 3735/2282/2753 3734/2281/2752 3722/2269/2740
f 3736/2283/2754 3735/2282/2753 3723/2270/2741
f 3737/2284/2755 3736/2283/2754 3724/2271/2742
f 3738/2285/2756 3737/2284/2755 3725/2272/2743
f 3728/2275/2746 3740/2287/2758 3739/2286/2757
f 3729/2276/2747 3741/2288/2759 3740/2287/2758
f 3730/2277/2748 3742/2289/2760 3741/2288/2759
f 3731/2279/2750 3743/2291/2762 3742/2289/2760
f 3732/2290/2761 3744/2302/2773 3743/2291/2762
f 3745/2292/2763 3744/2302/2773 3732/2290/2761
f 3746/2293/2764 3745/2292/2763 3733/2280/2751
f 3747/2294/2765 3746/2293/2764 3734/2281/2752
f 3748/2295/2766 3747/2294/2765 3735/2282/2753
f 3749/2296/2767 3748/2295/2766 3736/2283/2754
f 3750/2297/2768 3749/2296/2767 3737/2284/2755
f 3740/2287/2758 3752/2299/2770 3751/2298/2769
f 3741/2288/2759 3753/2300/2771 3752/2299/2770
f 3742/2289/2760 3754/2301/2772 3753/2300/2771
f 3743/2291/2762 3755/2303/2774 3754/2301/2772
f 3744/2302/2773 3756/2314/2785 3755/2303/2774
f 3757/2304/2775 3756/2314/2785 3744/2302/2773
f 3758/2305/2776 3757/2304/2775 3745/2292/2763
f 3759/2306/2777 3758/2305/2776 3746/2293/2764
f 3760/2307/2778 3759/2306/2777 3747/2294/2765
f 3761/2308/2779 3760/2307/2778 3748/2295/2766
f 3762/2309/2780 3761/2308/2779 3749/2296/2767
f 3752/2299/2770 3764/2311/2782 3763/2310/2781
f 3753/2300/2771 3765/2312/2783 3764/2311/2782
f 3754/2301/2772 3766/2313/2784 3765/2312/2783
f 3755/2303/2774 3767/2315/2786 3766/2313/2784
f 3756/2314/2785 3768/2327/2798 3767/2315/2786
f 3769/2316/2787 3768/2327/2798 3756/2314/2785
f 3770/2317/2788 3769/2316/2787 3757/2304/2775
f 3771/2318/2789 3770/2317/2788 3758/2305/2776
f 3772/2319/2790 3771/2318/2789 3759/2306/2777
f 3773/2320/2791 3772/2319/2790 3760/2307/2778
f 3774/2321/2792 3773/2320/2791 3761/2308/2779
f 3776/2322/2793 3775/2334/2805 3763/2310/2781
f 3777/2323/2794 3776/2322/2793 3764/2311/2782
f 3778/2324/2795 3777/2323/2794 3765/2312/2783
f 3779/2325/2796 3778/2324/2795 3766/2313/2784
f 3780/2326/2797 3779/2325/2796 3767/2315/2786
f 3781/2328/2799 3780/2326/2797 3768/2327/2798
f 3770/2317/2788 3782/2329/2800 3781/2328/2799
f 3771/2318/2789 3783/2330/2801 3782/2329/2800
f 3772/2319/2790 3784/2331/2802 3783/2330/2801
f 3773/2320/2791 3785/2332/2803 3784/2331/2802
f 3774/2321/2792 3786/2343/2814 3785/2332/2803
f 3788/2333/2804 3787/2346/2817 3775/2334/2805
f 3789/2335/2806 3788/2333/2804 3776/2322/2793
f 3790/2336/2807 3789/2335/2806 3777/2323/2794
f 3791/2337/2808 3790/2336/2807 3778/2324/2795
f 3792/2338/2809 3791/2337/2808 3779/2325/2796
f 3781/2328/2799 3793/2339/2810 3792/2338/2809
f 3782/2329/2800 3794/2340/2811 3793/2339/2810
f 3783/2330/2801 3795/2341/2812 3794/2340/2811
f 3784/2331/2802 3796/2342/2813 3795/2341/2812
f 3785/2332/2803 3797/2344/2815 3796/2342/2813
f 3786/2343/2814 3798/2357/2828 3797/2344/2815
f 3788/2333/2804 3800/2347/2818 3799/2345/2816
f 3789/2335/2806 3801/2348/2819 3800/2347/2818
f 3790/2336/2807 3802/2349/2820 3801/2348/2819
f 3791/2337/2808 3803/2350/2821 3802/2349/2820
f 3792/2338/2809 3804/2362/2833 3803/2350/2821
f 3805/2351/2822 3804/2362/2833 3792/2338/2809
f 3806/2352/2823 3805/2351/2822 3793/2339/2810
f 3807/2353/2824 3806/2352/2823 3794/2340/2811
f 3808/2354/2825 3807/2353/2824 3795/2341/2812
f 3809/2355/2826 3808/2354/2825 3796/2342/2813
f 3810/2356/2827 3809/2355/2826 3797/2344/2815
f 3800/2347/2818 3812/2359/2830 3811/2358/2829
f 3801/2348/2819 3813/2360/2831 3812/2359/2830
f 3802/2349/2820 3814/2361/2832 3813/2360/2831
f 3803/2350/2821 3815/2363/2834 3814/2361/2832
f 3804/2362/2833 3816/2374/2845 3815/2363/2834
f 3817/2364/2835 3816/2374/2845 3804/2362/2833
f 3818/2365/2836 3817/2364/2835 3805/2351/2822
f 3819/2366/2837 3818/2365/2836 3806/2352/2823
f 3820/2367/2838 3819/2366/2837 3807/2353/2824
f 3821/2368/2839 3820/2367/2838 3808/2354/2825
f 3822/2369/2840 3821/2368/2839 3809/2355/2826
f 3812/2359/2830 3824/2371/2842 3823/2370/2841
f 3813/2360/2831 3825/2372/2843 3824/2371/2842
f 3814/2361/2832 3826/2373/2844 3825/2372/2843
f 3815/2363/2834 3827/2375/2846 3826/2373/2844
f 3816/2374/2845 3828/2386/2857 3827/2375/2846
f 3829/2376/2847 3828/2386/2857 3816/2374/2845
f 3830/2377/2848 3829/2376/2847 3817/2364/2835
f 3831/2378/2849 3830/2377/2848 3818/2365/2836
f 3832/2379/2850 3831/2378/2849 3819/2366/2837
f 3833/2380/2851 3832/2379/2850 3820/2367/2838
f 3834/2381/2852 3833/2380/2851 3821/2368/2839
f 3824/2371/2842 3836/2383/2854 3835/2382/2853
f 3825/2372/2843 3837/2384/2855 3836/2383/2854
f 3826/2373/2844 3838/2385/2856 3837/2384/2855
f 3827/2375/2846 3839/2387/2858 3838/2385/2856
f 3828/2386/2857 3840/2398/2869 3839/2387/2858
f 3841/2388/2859 3840/2398/2869 3828/2386/2857
f 3842/2389/2860 3841/2388/2859 3829/2376/2847
f 3843/2390/2861 3842/2389/2860 3830/2377/2848
f 3844/2391/2862 3843/2390/2861 3831/2378/2849
f 3845/2392/2863 3844/2391/2862 3832/2379/2850
f 3846/2393/2864 3845/2392/2863 3833/2380/2851
f 3836/2383/2854 3848/2395/2866 3847/2394/2865
f 3837/2384/2855 3849/2396/2867 3848/2395/2866
f 3838/2385/2856 3850/2397/2868 3849/2396/2867
f 3839/2387/2858 3851/2399/2870 3850/2397/2868
f 3840/2398/2869 3852/2410/2881 3851/2399/2870
f 3853/2400/2871 3852/2410/2881 3840/2398/2869
f 3854/2401/2872 3853/2400/2871 3841/2388/2859
f 3855/2402/2873 3854/2401/2872 3842/2389/2860
f 3856/2403/2874 3855/2402/2873 3843/2390/2861
f 3857/2404/2875 3856/2403/2874 3844/2391/2862
f 3858/2405/2876 3857/2404/2875 3845/2392/2863
f 3848/2395/2866 3860/2407/2878 3859/2406/2877
f 3849/2396/2867 3861/2408/2879 3860/2407/2878
f 3850/2397/2868 3862/2409/2880 3861/2408/2879
f 3851/2399/2870 3863/2411/2882 3862/2409/2880
f 3852/2410/2881 3864/2422/2893 3863/2411/2882
f 3865/2412/2883 3864/2422/2893 3852/2410/2881
f 3866/2413/2884 3865/2412/2883 3853/2400/2871
f 3867/2414/2885 3866/2413/2884 3854/2401/2872
f 3868/2415/2886 3867/2414/2885 3855/2402/2873
f 3869/2416/2887 3868/2415/2886 3856/2403/2874
f 3870/2417/2888 3869/2416/2887 3857/2404/2875
f 3860/2407/2878 3872/2419/2890 3871/2418/2889
f 3861/2408/2879 3873/2420/2891 3872/2419/2890
f 3862/2409/2880 3874/2421/2892 3873/2420/2891
f 3863/2411/2882 3875/2423/2894 3874/2421/2892
f 3864/2422/2893 3876/2434/2905 3875/2423/2894
f 3877/2424/2895 3876/2434/2905 3864/2422/2893
f 3878/2425/2896 3877/2424/2895 3865/2412/2883
f 3879/2426/2897 3878/2425/2896 3866/2413/2884
f 3880/2427/2898 3879/2426/2897 3867/2414/2885
f 3881/2428/2899 3880/2427/2898 3868/2415/2886
f 3882/2429/2900 3881/2428/2899 3869/2416/2887
f 3872/2419/2890 3884/2431/2902 3883/2430/2901
f 3873/2420/2891 3885/2432/2903 3884/2431/2902
f 3874/2421/2892 3886/2433/2904 3885/2432/2903
f 3875/2423/2894 3887/2435/2906 3886/2433/2904
f 3876/2434/2905 3888/2446/2917 3887/2435/2906
f 3889/2436/2907 3888/2446/2917 3876/2434/2905
f 3890/2437/2908 3889/2436/2907 3877/2424/2895
f 3891/2438/2909 3890/2437/2908 3878/2425/2896
f 3892/2439/2910 3891/2438/2909 3879/2426/2897
f 3893/2440/2911 3892/2439/2910 3880/2427/2898
f 3894/2441/2912 3893/2440/2911 3881/2428/2899
f 3884/2431/2902 3896/2443/2914 3895/2442/2913
f 3885/2432/2903 3897/2444/2915 3896/2443/2914
f 3886/2433/2904 3898/2445/2916 3897/2444/2915
f 3887/2435/2906 3899/2447/2918 3898/2445/2916
f 3888/2446/2917 3900/2458/2929 3899/2447/2918
f 3901/2448/2919 3900/2458/2929 3888/2446/2917
f 3902/2449/2920 3901/2448/2919 3889/2436/2907
f 3903/2450/2921 3902/2449/2920 3890/2437/2908
f 3904/2451/2922 3903/2450/2921 3891/2438/2909
f 3905/2452/2923 3904/2451/2922 3892/2439/2910
f 3906/2453/2924 3905/2452/2923 3893/2440/2911
f 3896/2443/2914 3908/2455/2926 3907/2454/2925
f 3897/2444/2915 3909/2456/2927 3908/2455/2926
f 3898/2445/2916 3910/2457/2928 3909/2456/2927
f 3899/2447/2918 3911/2459/2930 3910/2457/2928
f 3900/2458/2929 3912/2470/2941 3911/2459/2930
f 3913/2460/2931 3912/2470/2941 3900/2458/2929
f 3914/2461/2932 3913/2460/2931 3901/2448/2919
f 3915/2462/2933 3914/2461/2932 3902/2449/2920
f 3916/2463/2934 3915/2462/2933 3903/2450/2921
f 3917/2464/2935 3916/2463/2934 3904/2451/2922
f 3918/2465/2936 3917/2464/2935 3905/2452/2923
f 3908/2455/2926 3920/2467/2938 3919/2466/2937
f 3909/2456/2927 3921/2468/2939 3920/2467/2938
f 3910/2457/2928 3922/2469/2940 3921/2468/2939
f 3911/2459/2930 3923/2471/2942 3922/2469/2940
f 3912/2470/2941 3924/2483/2954 3923/2471/2942
f 3925/2472/2943 3924/2483/2954 3912/2470/2941
f 3926/2473/2944 3925/2472/2943 3913/2460/2931
f 3927/2474/2945 3926/2473/2944 3914/2461/2932
f 3928/2475/2946 3927/2474/2945 3915/2462/2933
f 3929/2476/2947 3928/2475/2946 3916/2463/2934
f 3930/2477/2948 3929/2476/2947 3917/2464/2935
f 3932/2478/2949 3931/2489/2961 3919/2466/2937
f 3933/2479/2950 3932/2478/2949 3920/2467/2938
f 3934/2480/2951 3933/2479/2950 3921/2468/2939
f 3935/2481/2952 3934/2480/2951 3922/2469/2940
f 3936/2482/2953 3935/2481/2952 3923/2471/2942
f 3937/2484/2955 3936/2482/2953 3924/2483/2954
f 3926/2473/2944 3938/2485/2956 3937/2484/2955
f 3927/2474/2945 3939/2486/2957 3938/2485/2956
f 3928/2475/2946 3940/2487/2958 3939/2486/2957
f 3929/2476/2947 3941/2488/2959 3940/2487/2958
f 3930/2477/2948 3942/2490/2972 3941/2488/2959
f 3932/2478/2949 3944/931/2962 3943/128/2960
f 3933/2479/2950 3945/933/2963 3944/931/2962
f 3934/2480/2951 3946/934/2964 3945/933/2963
f 3935/2481/2952 3947/935/2965 3946/934/2964
f 3936/2482/2953 3948/936/2978 3947/935/2965
f 3949/937/2966 3948/936/2978 3936/2482/2953
f 3950/938/2967 3949/937/2966 3937/2484/2955
f 3951/939/2968 3950/938/2967 3938/2485/2956
f 3952/940/2969 3951/939/2968 3939/2486/2957
f 3953/942/2970 3952/940/2969 3940/2487/2958
f 3954/952/2971 3953/942/2970 3941/2488/2959
f 3956/2491/2973 3955/2502/2985 3943/128/2960
f 3957/2492/2974 3956/2491/2973 3944/931/2962
f 3958/2493/2975 3957/2492/2974 3945/933/2963
f 3959/2494/2976 3958/2493/2975 3946/934/2964
f 3960/2495/2977 3959/2494/2976 3947/935/2965
f 3961/2496/2979 3960/2495/2977 3948/936/2978
f 3950/938/2967 3962/2497/2980 3961/2496/2979
f 3951/939/2968 3963/2498/2981 3962/2497/2980
f 3952/940/2969 3964/2499/2982 3963/2498/2981
f 3953/942/2970 3965/2500/2983 3964/2499/2982
f 3954/952/2971 3966/2511/2994 3965/2500/2983
f 3968/2501/2984 3967/2514/2997 3955/2502/2985
f 3969/2503/2986 3968/2501/2984 3956/2491/2973
f 3970/2504/2987 3969/2503/2986 3957/2492/2974
f 3971/2505/2988 3970/2504/2987 3958/2493/2975
f 3972/2506/2989 3971/2505/2988 3959/2494/2976
f 3973/2507/2990 3972/2506/2989 3960/2495/2977
f 3962/2497/2980 3974/2508/2991 3973/2507/2990
f 3963/2498/2981 3975/2509/2992 3974/2508/2991
f 3964/2499/2982 3976/2510/2993 3975/2509/2992
f 3965/2500/2983 3977/2512/2995 3976/2510/2993
f 3966/2511/2994 3978/2523/3006 3977/2512/2995
f 3980/2513/2996 3979/2526/3009 3967/2514/2997
f 3981/2515/2998 3980/2513/2996 3968/2501/2984
f 3982/2516/2999 3981/2515/2998 3969/2503/2986
f 3983/2517/3000 3982/2516/2999 3970/2504/2987
f 3984/2518/3001 3983/2517/3000 3971/2505/2988
f 3985/2519/3002 3984/2518/3001 3972/2506/2989
f 3974/2508/2991 3986/2520/3003 3985/2519/3002
f 3975/2509/2992 3987/2521/3004 3986/2520/3003
f 3976/2510/2993 3988/2522/3005 3987/2521/3004
f 3977/2512/2995 3989/2524/3007 3988/2522/3005
f 3978/2523/3006 3990/2535/3018 3989/2524/3007
f 3992/2525/3008 3991/2538/3021 3979/2526/3009
f 3993/2527/3010 3992/2525/3008 3980/2513/2996
f 3994/2528/3011 3993/2527/3010 3981/2515/2998
f 3995/2529/3012 3994/2528/3011 3982/2516/2999
f 3996/2530/3013 3995/2529/3012 3983/2517/3000
f 3997/2531/3014 3996/2530/3013 3984/2518/3001
f 3986/2520/3003 3998/2532/3015 3997/2531/3014
f 3987/2521/3004 3999/2533/3016 3998/2532/3015
f 3988/2522/3005 4000/2534/3017 3999/2533/3016
f 3989/2524/3007 4001/2536/3019 4000/2534/3017
f 3990/2535/3018 4002/2547/3030 4001/2536/3019
f 4004/2537/3020 4003/2550/3033 3991/2538/3021
f 4005/2539/3022 4004/2537/3020 3992/2525/3008
f 4006/2540/3023 4005/2539/3022 3993/2527/3010
f 4007/2541/3024 4006/2540/3023 3994/2528/3011
f 4008/2542/3025 4007/2541/3024 3995/2529/3012
f 4009/2543/3026 4008/2542/3025 3996/2530/3013
f 3998/2532/3015 4010/2544/3027 4009/2543/3026
f 3999/2533/3016 4011/2545/3028 4010/2544/3027
f 4000/2534/3017 4012/2546/3029 4011/2545/3028
f 4001/2536/3019 4013/2548/3031 4012/2546/3029
f 4002/2547/3030 4014/2559/3042 4013/2548/3031
f 4016/2549/3032 4015/2562/3045 4003/2550/3033
f 4017/2551/3034 4016/2549/3032 4004/2537/3020
f 4018/2552/3035 4017/2551/3034 4005/2539/3022
f 4019/2553/3036 4018/2552/3035 4006/2540/3023
f 4020/2554/3037 4019/2553/3036 4007/2541/3024
f 4021/2555/3038 4020/2554/3037 4008/2542/3025
f 4010/2544/3027 4022/2556/3039 4021/2555/3038
f 4011/2545/3028 4023/2557/3040 4022/2556/3039
f 4012/2546/3029 4024/2558/3041 4023/2557/3040
f 4013/2548/3031 4025/2560/3043 4024/2558/3041
f 4014/2559/3042 4026/2571/3054 4025/2560/3043
f 4028/2561/3044 4027/2574/3057 4015/2562/3045
f 4029/2563/3046 4028/2561/3044 4016/2549/3032
f 4030/2564/3047 4029/2563/3046 4017/2551/3034
f 4031/2565/3048 4030/2564/3047 4018/2552/3035
f 4032/2566/3049 4031/2565/3048 4019/2553/3036
f 4033/2567/3050 4032/2566/3049 4020/2554/3037
f 4022/2556/3039 4034/2568/3051 4033/2567/3050
f 4023/2557/3040 4035/2569/3052 4034/2568/3051
f 4024/2558/3041 4036/2570/3053 4035/2569/3052
f 4025/2560/3043 4037/2572/3055 4036/2570/3053
f 4026/2571/3054 4038/2583/3066 4037/2572/3055
f 4040/2573/3056 4039/2586/3069 4027/2574/3057
f 4041/2575/3058 4040/2573/3056 4028/2561/3044
f 4042/2576/3059 4041/2575/3058 4029/2563/3046
f 4043/2577/3060 4042/2576/3059 4030/2564/3047
f 4044/2578/3061 4043/2577/3060 4031/2565/3048
f 4045/2579/3062 4044/2578/3061 4032/2566/3049
f 4034/2568/3051 4046/2580/3063 4045/2579/3062
f 4035/2569/3052 4047/2581/3064 4046/2580/3063
f 4036/2570/3053 4048/2582/3065 4047/2581/3064
f 4037/2572/3055 4049/2584/3067 4048/2582/3065
f 4038/2583/3066 4050/2595/3078 4049/2584/3067
f 4052/2585/3068 4051/2598/3081 4039/2586/3069
f 4053/2587/3070 4052/2585/3068 4040/2573/3056
f 4054/2588/3071 4053/2587/3070 4041/2575/3058
f 4055/2589/3072 4054/2588/3071 4042/2576/3059
f 4056/2590/3073 4055/2589/3072 4043/2577/3060
f 4057/2591/3074 4056/2590/3073 4044/2578/3061
f 4046/2580/3063 4058/2592/3075 4057/2591/3074
f 4047/2581/3064 4059/2593/3076 4058/2592/3075
f 4048/2582/3065 4060/2594/3077 4059/2593/3076
f 4049/2584/3067 4061/2596/3079 4060/2594/3077
f 4050/2595/3078 4062/2607/3090 4061/2596/3079
f 4064/2597/3080 4063/2610/3093 4051/2598/3081
f 4065/2599/3082 4064/2597/3080 4052/2585/3068
f 4066/2600/3083 4065/2599/3082 4053/2587/3070
f 4067/2601/3084 4066/2600/3083 4054/2588/3071
f 4068/2602/3085 4067/2601/3084 4055/2589/3072
f 4069/2603/3086 4068/2602/3085 4056/2590/3073
f 4058/2592/3075 4070/2604/3087 4069/2603/3086
f 4059/2593/3076 4071/2605/3088 4070/2604/3087
f 4060/2594/3077 4072/2606/3089 4071/2605/3088
f 4061/2596/3079 4073/2608/3091 4072/2606/3089
f 4062/2607/3090 4074/2619/3102 4073/2608/3091
f 4076/2609/3092 4075/2622/3105 4063/2610/3093
f 4077/2611/3094 4076/2609/3092 4064/2597/3080
f 4078/2612/3095 4077/2611/3094 4065/2599/3082
f 4079/2613/3096 4078/2612/3095 4066/2600/3083
f 4080/2614/3097 4079/2613/3096 4067/2601/3084
f 4081/2615/3098 4080/2614/3097 4068/2602/3085
f 4070/2604/3087 4082/2616/3099 4081/2615/3098
f 4071/2605/3088 4083/2617/3100 4082/2616/3099
f 4072/2606/3089 4084/2618/3101 4083/2617/3100
f 4073/2608/3091 4085/2620/3103 4084/2618/3101
f 4074/2619/3102 4086/2633/3116 4085/2620/3103
f 4076/2609/3092 4088/2623/3106 4087/2621/3104
f 4077/2611/3094 4089/2624/3107 4088/2623/3106
f 4078/2612/3095 4090/2625/3108 4089/2624/3107
f 4079/2613/3096 4091/2626/3109 4090/2625/3108
f 4080/2614/3097 4092/2638/3121 4091/2626/3109
f 4093/2627/3110 4092/2638/3121 4080/2614/3097
f 4094/2628/3111 4093/2627/3110 4081/2615/3098
f 4095/2629/3112 4094/2628/3111 4082/2616/3099
f 4096/2630/3113 4095/2629/3112 4083/2617/3100
f 4097/2631/3114 4096/2630/3113 4084/2618/3101
f 4098/2632/3115 4097/2631/3114 4085/2620/3103
f 4088/2623/3106 4100/2635/3118 4099/2634/3117
f 4089/2624/3107 4101/2636/3119 4100/2635/3118
f 4090/2625/3108 4102/2637/3120 4101/2636/3119
f 4091/2626/3109 4103/2639/3122 4102/2637/3120
f 4092/2638/3121 4104/2651/3134 4103/2639/3122
f 4105/2640/3123 4104/2651/3134 4092/2638/3121
f 4106/2641/3124 4105/2640/3123 4093/2627/3110
f 4107/2642/3125 4106/2641/3124 4094/2628/3111
f 4108/2643/3126 4107/2642/3125 4095/2629/3112
f 4109/2644/3127 4108/2643/3126 4096/2630/3113
f 4110/2645/3128 4109/2644/3127 4097/2631/3114
f 4112/2646/3129 4111/2658/3141 4099/2634/3117
f 4113/2647/3130 4112/2646/3129 4100/2635/3118
f 4114/2648/3131 4113/2647/3130 4101/2636/3119
f 4115/2649/3132 4114/2648/3131 4102/2637/3120
f 4116/2650/3133 4115/2649/3132 4103/2639/3122
f 4117/2652/3135 4116/2650/3133 4104/2651/3134
f 4106/2641/3124 4118/2653/3136 4117/2652/3135
f 4107/2642/3125 4119/2654/3137 4118/2653/3136
f 4108/2643/3126 4120/2655/3138 4119/2654/3137
f 4109/2644/3127 4121/2656/3139 4120/2655/3138
f 4110/2645/3128 4122/2667/3150 4121/2656/3139
f 4124/2657/3140 4123/2670/3153 4111/2658/3141
f 4125/2659/3142 4124/2657/3140 4112/2646/3129
f 4126/2660/3143 4125/2659/3142 4113/2647/3130
f 4127/2661/3144 4126/2660/3143 4114/2648/3131
f 4128/2662/3145 4127/2661/3144 4115/2649/3132
f 4129/2663/3146 4128/2662/3145 4116/2650/3133
f 4118/2653/3136 4130/2664/3147 4129/2663/3146
f 4119/2654/3137 4131/2665/3148 4130/2664/3147
f 4120/2655/3138 4132/2666/3149 4131/2665/3148
f 4121/2656/3139 4133/2668/3151 4132/2666/3149
f 4122/2667/3150 4134/2679/3162 4133/2668/3151
f 4136/2669/3152 4135/2682/3165 4123/2670/3153
f 4137/2671/3154 4136/2669/3152 4124/2657/3140
f 4138/2672/3155 4137/2671/3154 4125/2659/3142
f 4139/2673/3156 4138/2672/3155 4126/2660/3143
f 4140/2674/3157 4139/2673/3156 4127/2661/3144
f 4141/2675/3158 4140/2674/3157 4128/2662/3145
f 4130/2664/3147 4142/2676/3159 4141/2675/3158
f 4131/2665/3148 4143/2677/3160 4142/2676/3159
f 4132/2666/3149 4144/2678/3161 4143/2677/3160
f 4133/2668/3151 4145/2680/3163 4144/2678/3161
f 4134/2679/3162 4146/2691/3174 4145/2680/3163
f 4148/2681/3164 4147/2694/3177 4135/2682/3165
f 4149/2683/3166 4148/2681/3164 4136/2669/3152
f 4150/2684/3167 4149/2683/3166 4137/2671/3154
f 4151/2685/3168 4150/2684/3167 4138/2672/3155
f 4152/2686/3169 4151/2685/3168 4139/2673/3156
f 4153/2687/3170 4152/2686/3169 4140/2674/3157
f 4142/2676/3159 4154/2688/3171 4153/2687/3170
f 4143/2677/3160 4155/2689/3172 4154/2688/3171
f 4144/2678/3161 4156/2690/3173 4155/2689/3172
f 4145/2680/3163 4157/2692/3175 4156/2690/3173
f 4146/2691/3174 4158/2703/3186 4157/2692/3175
f 4160/2693/3176 4159/2706/3189 4147/2694/3177
f 4161/2695/3178 4160/2693/3176 4148/2681/3164
f 4162/2696/3179 4161/2695/3178 4149/2683/3166
f 4163/2697/3180 4162/2696/3179 4150/2684/3167
f 4164/2698/3181 4163/2697/3180 4151/2685/3168
f 4165/2699/3182 4164/2698/3181 4152/2686/3169
f 4154/2688/3171 4166/2700/3183 4165/2699/3182
f 4155/2689/3172 4167/2701/3184 4166/2700/3183
f 4156/2690/3173 4168/2702/3185 4167/2701/3184
f 4157/2692/3175 4169/2704/3187 4168/2702/3185
f 4158/2703/3186 4170/2715/3198 4169/2704/3187
f 4172/2705/3188 4171/2718/3201 4159/2706/3189
f 4173/2707/3190 4172/2705/3188 4160/2693/3176
f 4174/2708/3191 4173/2707/3190 4161/2695/3178
f 4175/2709/3192 4174/2708/3191 4162/2696/3179
f 4176/2710/3193 4175/2709/3192 4163/2697/3180
f 4177/2711/3194 4176/2710/3193 4164/2698/3181
f 4166/2700/3183 4178/2712/3195 4177/2711/3194
f 4167/2701/3184 4179/2713/3196 4178/2712/3195
f 4168/2702/3185 4180/2714/3197 4179/2713/3196
f 4169/2704/3187 4181/2716/3199 4180/2714/3197
f 4170/2715/3198 4182/2727/3210 4181/2716/3199
f 4184/2717/3200 4183/2730/3213 4171/2718/3201
f 4185/2719/3202 4184/2717/3200 4172/2705/3188
f 4186/2720/3203 4185/2719/3202 4173/2707/3190
f 4187/2721/3204 4186/2720/3203 4174/2708/3191
f 4188/2722/3205 4187/2721/3204 4175/2709/3192
f 4189/2723/3206 4188/2722/3205 4176/2710/3193
f 4178/2712/3195 4190/2724/3207 4189/2723/3206
f 4179/2713/3196 4191/2725/3208 4190/2724/3207
f 4180/2714/3197 4192/2726/3209 4191/2725/3208
f 4181/2716/3199 4193/2728/3211 4192/2726/3209
f 4182/2727/3210 4194/2739/3222 4193/2728/3211
f 4196/2729/3212 4195/2742/3225 4183/2730/3213
f 4197/2731/3214 4196/2729/3212 4184/2717/3200
f 4198/2732/3215 4197/2731/3214 4185/2719/3202
f 4199/2733/3216 4198/2732/3215 4186/2720/3203
f 4200/2734/3217 4199/2733/3216 4187/2721/3204
f 4201/2735/3218 4200/2734/3217 4188/2722/3205
f 4190/2724/3207 4202/2736/3219 4201/2735/3218
f 4191/2725/3208 4203/2737/3220 4202/2736/3219
f 4192/2726/3209 4204/2738/3221 4203/2737/3220
f 4193/2728/3211 4205/2740/3223 4204/2738/3221
f 4194/2739/3222 4206/2751/3234 4205/2740/3223
f 4208/2741/3224 4207/2754/3237 4195/2742/3225
f 4209/2743/3226 4208/2741/3224 4196/2729/3212
f 4210/2744/3227 4209/2743/3226 4197/2731/3214
f 4211/2745/3228 4210/2744/3227 4198/2732/3215
f 4212/2746/3229 4211/2745/3228 4199/2733/3216
f 4213/2747/3230 4212/2746/3229 4200/2734/3217
f 4202/2736/3219 4214/2748/3231 4213/2747/3230
f 4203/2737/3220 4215/2749/3232 4214/2748/3231
f 4204/2738/3221 4216/2750/3233 4215/2749/3232
f 4205/2740/3223 4217/2752/3235 4216/2750/3233
f 4206/2751/3234 4218/2763/3246 4217/2752/3235
f 4220/2753/3236 4219/2766/3249 4207/2754/3237
f 4221/2755/3238 4220/2753/3236 4208/2741/3224
f 4222/2756/3239 4221/2755/3238 4209/2743/3226
f 4223/2757/3240 4222/2756/3239 4210/2744/3227
f 4224/2758/3241 4223/2757/3240 4211/2745/3228
f 4225/2759/3242 4224/2758/3241 4212/2746/3229
f 4214/2748/3231 4226/2760/3243 4225/2759/3242
f 4215/2749/3232 4227/2761/3244 4226/2760/3243
f 4216/2750/3233 4228/2762/3245 4227/2761/3244
f 4217/2752/3235 4229/2764/3247 4228/2762/3245
f 4218/2763/3246 4230/2777/3260 4229/2764/3247
f 4220/2753/3236 4232/2767/3250 4231/2765/3248
f 4221/2755/3238 4233/2768/3251 4232/2767/3250
f 4222/2756/3239 4234/2769/3252 4233/2768/3251
f 4223/2757/3240 4235/2770/3253 4234/2769/3252
f 4224/2758/3241 4236/2782/3265 4235/2770/3253
f 4237/2771/3254 4236/2782/3265 4224/2758/3241
f 4238/2772/3255 4237/2771/3254 4225/2759/3242
f 4239/2773/3256 4238/2772/3255 4226/2760/3243
f 4240/2774/3257 4239/2773/3256 4227/2761/3244
f 4241/2775/3258 4240/2774/3257 4228/2762/3245
f 4242/2776/3259 4241/2775/3258 4229/2764/3247
f 4232/2767/3250 4244/2779/3262 4243/2778/3261
f 4233/2768/3251 4245/2780/3263 4244/2779/3262
f 4234/2769/3252 4246/2781/3264 4245/2780/3263
f 4235/2770/3253 4247/2783/3266 4246/2781/3264
f 4236/2782/3265 4248/2794/3277 4247/2783/3266
f 4249/2784/3267 4248/2794/3277 4236/2782/3265
f 4250/2785/3268 4249/2784/3267 4237/2771/3254
f 4251/2786/3269 4250/2785/3268 4238/2772/3255
f 4252/2787/3270 4251/2786/3269 4239/2773/3256
f 4253/2788/3271 4252/2787/3270 4240/2774/3257
f 4254/2789/3272 4253/2788/3271 4241/2775/3258
f 4244/2779/3262 4256/2791/3274 4255/2790/3273
f 4245/2780/3263 4257/2792/3275 4256/2791/3274
f 4246/2781/3264 4258/2793/3276 4257/2792/3275
f 4247/2783/3266 4259/2795/3278 4258/2793/3276
f 4248/2794/3277 4260/2806/3289 4259/2795/3278
f 4261/2796/3279 4260/2806/3289 4248/2794/3277
f 4262/2797/3280 4261/2796/3279 4249/2784/3267
f 4263/2798/3281 4262/2797/3280 4250/2785/3268
f 4264/2799/3282 4263/2798/3281 4251/2786/3269
f 4265/2800/3283 4264/2799/3282 4252/2787/3270
f 4266/2801/3284 4265/2800/3283 4253/2788/3271
f 4256/2791/3274 4268/2803/3286 4267/2802/3285
f 4257/2792/3275 4269/2804/3287 4268/2803/3286
f 4258/2793/3276 4270/2805/3288 4269/2804/3287
f 4259/2795/3278 4271/2807/3290 4270/2805/3288
f 4260/2806/3289 4272/2818/3301 4271/2807/3290
f 4273/2808/3291 4272/2818/3301 4260/2806/3289
f 4274/2809/3292 4273/2808/3291 4261/2796/3279
f 4275/2810/3293 4274/2809/3292 4262/2797/3280
f 4276/2811/3294 4275/2810/3293 4263/2798/3281
f 4277/2812/3295 4276/2811/3294 4264/2799/3282
f 4278/2813/3296 4277/2812/3295 4265/2800/3283
f 4268/2803/3286 4280/2815/3298 4279/2814/3297
f 4269/2804/3287 4281/2816/3299 4280/2815/3298
f 4270/2805/3288 4282/2817/3300 4281/2816/3299
f 4271/2807/3290 4283/2819/3302 4282/2817/3300
f 4272/2818/3301 4284/2830/3313 4283/2819/3302
f 4285/2820/3303 4284/2830/3313 4272/2818/3301
f 4286/2821/3304 4285/2820/3303 4273/2808/3291
f 4287/2822/3305 4286/2821/3304 4274/2809/3292
f 4288/2823/3306 4287/2822/3305 4275/2810/3293
f 4289/2824/3307 4288/2823/3306 4276/2811/3294
f 4290/2825/3308 4289/2824/3307 4277/2812/3295
f 4280/2815/3298 4292/2827/3310 4291/2826/3309
f 4281/2816/3299 4293/2828/3311 4292/2827/3310
f 4282/2817/3300 4294/2829/3312 4293/2828/3311
f 4283/2819/3302 4295/2831/3314 4294/2829/3312
f 4284/2830/3313 4296/2842/3325 4295/2831/3314
f 4297/2832/3315 4296/2842/3325 4284/2830/3313
f 4298/2833/3316 4297/2832/3315 4285/2820/3303
f 4299/2834/3317 4298/2833/3316 4286/2821/3304
f 4300/2835/3318 4299/2834/3317 4287/2822/3305
f 4301/2836/3319 4300/2835/3318 4288/2823/3306
f 4302/2837/3320 4301/2836/3319 4289/2824/3307
f 4292/2827/3310 4304/2839/3322 4303/2838/3321
f 4293/2828/3311 4305/2840/3323 4304/2839/3322
f 4294/2829/3312 4306/2841/3324 4305/2840/3323
f 4295/2831/3314 4307/2843/3326 4306/2841/3324
f 4296/2842/3325 4308/2854/3337 4307/2843/3326
f 4309/2844/3327 4308/2854/3337 4296/2842/3325
f 4310/2845/3328 4309/2844/3327 4297/2832/3315
f 4311/2846/3329 4310/2845/3328 4298/2833/3316
f 4312/2847/3330 4311/2846/3329 4299/2834/3317
f 4313/2848/3331 4312/2847/3330 4300/2835/3318
f 4314/2849/3332 4313/2848/3331 4301/2836/3319
f 4304/2839/3322 4316/2851/3334 4315/2850/3333
f 4305/2840/3323 4317/2852/3335 4316/2851/3334
f 4306/2841/3324 4318/2853/3336 4317/2852/3335
f 4307/2843/3326 4319/2855/3338 4318/2853/3336
f 4308/2854/3337 4320/2866/3349 4319/2855/3338
f 4321/2856/3339 4320/2866/3349 4308/2854/3337
f 4322/2857/3340 4321/2856/3339 4309/2844/3327
f 4323/2858/3341 4322/2857/3340 4310/2845/3328
f 4324/2859/3342 4323/2858/3341 4311/2846/3329
f 4325/2860/3343 4324/2859/3342 4312/2847/3330
f 4326/2861/3344 4325/2860/3343 4313/2848/3331
f 4316/2851/3334 4328/2863/3346 4327/2862/3345
f 4317/2852/3335 4329/2864/3347 4328/2863/3346
f 4318/2853/3336 4330/2865/3348 4329/2864/3347
f 4319/2855/3338 4331/2867/3350 4330/2865/3348
f 4320/2866/3349 4332/2878/3361 4331/2867/3350
f 4333/2868/3351 4332/2878/3361 4320/2866/3349
f 4334/2869/3352 4333/2868/3351 4321/2856/3339
f 4335/2870/3353 4334/2869/3352 4322/2857/3340
f 4336/2871/3354 4335/2870/3353 4323/2858/3341
f 4337/2872/3355 4336/2871/3354 4324/2859/3342
f 4338/2873/3356 4337/2872/3355 4325/2860/3343
f 4328/2863/3346 4340/2875/3358 4339/2874/3357
f 4329/2864/3347 4341/2876/3359 4340/2875/3358
f 4330/2865/3348 4342/2877/3360 4341/2876/3359
f 4331/2867/3350 4343/2879/3362 4342/2877/3360
f 4332/2878/3361 4344/2890/3373 4343/2879/3362
f 4345/2880/3363 4344/2890/3373 4332/2878/3361
f 4346/2881/3364 4345/2880/3363 4333/2868/3351
f 4347/2882/3365 4346/2881/3364 4334/2869/3352
f 4348/2883/3366 4347/2882/3365 4335/2870/3353
f 4349/2884/3367 4348/2883/3366 4336/2871/3354
f 4350/2885/3368 4349/2884/3367 4337/2872/3355
f 4340/2875/3358 4352/2887/3370 4351/2886/3369
f 4341/2876/3359 4353/2888/3371 4352/2887/3370
f 4342/2877/3360 4354/2889/3372 4353/2888/3371
f 4343/2879/3362 4355/2891/3374 4354/2889/3372
f 4344/2890/3373 4356/2903/3386 4355/2891/3374
f 4357/2892/3375 4356/2903/3386 4344/2890/3373
f 4358/2893/3376 4357/2892/3375 4345/2880/3363
f 4359/2894/3377 4358/2893/3376 4346/2881/3364
f 4360/2895/3378 4359/2894/3377 4347/2882/3365
f 4361/2896/3379 4360/2895/3378 4348/2883/3366
f 4362/2897/3380 4361/2896/3379 4349/2884/3367
f 4364/2898/3381 4363/2910/3393 4351/2886/3369
f 4365/2899/3382 4364/2898/3381 4352/2887/3370
f 4366/2900/3383 4365/2899/3382 4353/2888/3371
f 4367/2901/3384 4366/2900/3383 4354/2889/3372
f 4368/2902/3385 4367/2901/3384 4355/2891/3374
f 4369/2904/3387 4368/2902/3385 4356/2903/3386
f 4358/2893/3376 4370/2905/3388 4369/2904/3387
f 4359/2894/3377 4371/2906/3389 4370/2905/3388
f 4360/2895/3378 4372/2907/3390 4371/2906/3389
f 4361/2896/3379 4373/2908/3391 4372/2907/3390
f 4362/2897/3380 4374/2919/3402 4373/2908/3391
f 4376/2909/3392 4375/2921/3404 4363/2910/3393
f 4377/2911/3394 4376/2909/3392 4364/2898/3381
f 4378/2912/3395 4377/2911/3394 4365/2899/3382
f 4379/2913/3396 4378/2912/3395 4366/2900/3383
f 4380/2914/3397 4379/2913/3396 4367/2901/3384
f 4381/2915/3398 4380/2914/3397 4368/2902/3385
f 4370/2905/3388 4382/2916/3399 4381/2915/3398
f 4371/2906/3389 4383/2917/3400 4382/2916/3399
f 4372/2907/3390 4384/2918/3401 4383/2917/3400
f 4373/2908/3391 4385/2920/3403 4384/2918/3401
f 4374/2919/3402 4386/2922/3405 4385/2920/3403
f 4376/2909/3392 3500/1542/2518 3499/49/2520
f 4377/2911/3394 3501/1544/2521 3500/1542/2518
f 4378/2912/3395 3502/1545/2523 3501/1544/2521
f 4379/2913/3396 3503/1546/2525 3502/1545/2523
f 4380/2914/3397 3504/1547/2527 3503/1546/2525
f 3505/1548/2530 3504/1547/2527 4380/2914/3397
f 3506/1549/2532 3505/1548/2530 4381/2915/3398
f 3507/1550/2534 3506/1549/2532 4382/2916/3399
f 3508/1551/2536 3507/1550/2534 4383/2917/3400
f 3509/1553/2538 3508/1551/2536 4384/2918/3401
f 3510/2057/2540 3509/1553/2538 4385/2920/3403
f 4400/1555/3406 4399/1554/3429 4387/38/3407
f 4401/1556/3409 4400/1555/3406 4388/322/3408
f 4402/1557/3411 4401/1556/3409 4389/324/3410
f 4403/1558/3413 4402/1557/3411 4390/326/3412
f 4404/1559/3415 4403/1558/3413 4391/328/3414
f 4405/1571/3417 4404/1559/3415 4392/330/3416
f 4394/335/3419 4406/1560/3421 4405/1571/3417
f 4395/337/3420 4407/1561/3423 4406/1560/3421
f 4396/339/3422 4408/1562/3425 4407/1561/3423
f 4397/341/3424 4409/1563/3427 4408/1562/3425
f 4398/343/3426 4410/1564/3438 4409/1563/3427
f 4412/1566/3428 4411/1565/3441 4399/1554/3429
f 4413/1567/3430 4412/1566/3428 4400/1555/3406
f 4414/1568/3431 4413/1567/3430 4401/1556/3409
f 4415/1569/3432 4414/1568/3431 4402/1557/3411
f 4416/1581/3433 4415/1569/3432 4403/1558/3413
f 4417/1570/3434 4416/1581/3433 4404/1559/3415
f 4406/1560/3421 4418/1572/3435 4417/1570/3434
f 4407/1561/3423 4419/1573/3436 4418/1572/3435
f 4408/1562/3425 4420/1574/3437 4419/1573/3436
f 4409/1563/3427 4421/1575/3439 4420/1574/3437
f 4410/1564/3438 4422/1576/3450 4421/1575/3439
f 4424/1578/3440 4423/1577/3453 4411/1565/3441
f 4425/1579/3442 4424/1578/3440 4412/1566/3428
f 4426/1580/3443 4425/1579/3442 4413/1567/3430
f 4427/1582/3444 4426/1580/3443 4414/1568/3431
f 4428/1593/3445 4427/1582/3444 4415/1569/3432
f 4429/1583/3446 4428/1593/3445 4416/1581/3433
f 4418/1572/3435 4430/1584/3447 4429/1583/3446
f 4419/1573/3436 4431/1585/3448 4430/1584/3447
f 4420/1574/3437 4432/1586/3449 4431/1585/3448
f 4421/1575/3439 4433/1587/3451 4432/1586/3449
f 4422/1576/3450 4434/1588/3462 4433/1587/3451
f 4436/1590/3452 4435/1589/3465 4423/1577/3453
f 4437/1591/3454 4436/1590/3452 4424/1578/3440
f 4438/1592/3455 4437/1591/3454 4425/1579/3442
f 4439/1594/3456 4438/1592/3455 4426/1580/3443
f 4440/1595/3457 4439/1594/3456 4427/1582/3444
f 4441/1607/3458 4440/1595/3457 4428/1593/3445
f 4430/1584/3447 4442/1596/3459 4441/1607/3458
f 4431/1585/3448 4443/1597/3460 4442/1596/3459
f 4432/1586/3449 4444/1598/3461 4443/1597/3460
f 4433/1587/3451 4445/1599/3463 4444/1598/3461
f 4434/1588/3462 4446/1600/3474 4445/1599/3463
f 4448/1601/3464 4447/1613/3477 4435/1589/3465
f 4449/1602/3466 4448/1601/3464 4436/1590/3452
f 4450/1603/3467 4449/1602/3466 4437/1591/3454
f 4451/1604/3468 4450/1603/3467 4438/1592/3455
f 4452/1605/3469 4451/1604/3468 4439/1594/3456
f 4453/1606/3470 4452/1605/3469 4440/1595/3457
f 4442/1596/3459 4454/1608/3471 4453/1606/3470
f 4443/1597/3460 4455/1609/3472 4454/1608/3471
f 4444/1598/3461 4456/1610/3473 4455/1609/3472
f 4445/1599/3463 4457/1611/3475 4456/1610/3473
f 4446/1600/3474 4458/1622/3488 4457/1611/3475
f 4448/1601/3464 4460/1612/3478 4459/1625/3476
f 4449/1602/3466 4461/1614/3479 4460/1612/3478
f 4450/1603/3467 4462/1615/3480 4461/1614/3479
f 4451/1604/3468 4463/1616/3481 4462/1615/3480
f 4452/1605/3469 4464/1617/3493 4463/1616/3481
f 4465/1618/3482 4464/1617/3493 4452/1605/3469
f 4466/1619/3483 4465/1618/3482 4453/1606/3470
f 4467/1620/3484 4466/1619/3483 4454/1608/3471
f 4468/1621/3485 4467/1620/3484 4455/1609/3472
f 4469/1623/3486 4468/1621/3485 4456/1610/3473
f 4470/1634/3487 4469/1623/3486 4457/1611/3475
f 4460/1612/3478 4472/1624/3490 4471/1636/3489
f 4461/1614/3479 4473/1626/3491 4472/1624/3490
f 4462/1615/3480 4474/1627/3492 4473/1626/3491
f 4463/1616/3481 4475/1628/3494 4474/1627/3492
f 4464/1617/3493 4476/1629/3505 4475/1628/3494
f 4477/1630/3495 4476/1629/3505 4464/1617/3493
f 4478/1631/3496 4477/1630/3495 4465/1618/3482
f 4479/1632/3497 4478/1631/3496 4466/1619/3483
f 4480/1633/3498 4479/1632/3497 4467/1620/3484
f 4481/1635/3499 4480/1633/3498 4468/1621/3485
f 4482/1637/3500 4481/1635/3499 4469/1623/3486
f 4472/1624/3490 4484/525/3502 4483/524/3501
f 4473/1626/3491 4485/526/3503 4484/525/3502
f 4474/1627/3492 4486/527/3504 4485/526/3503
f 4475/1628/3494 4487/529/3506 4486/527/3504
f 4476/1629/3505 4488/540/3517 4487/529/3506
f 4489/530/3507 4488/540/3517 4476/1629/3505
f 4490/531/3508 4489/530/3507 4477/1630/3495
f 4491/532/3509 4490/531/3508 4478/1631/3496
f 4492/533/3510 4491/532/3509 4479/1632/3497
f 4493/534/3511 4492/533/3510 4480/1633/3498
f 4494/535/3512 4493/534/3511 4481/1635/3499
f 4484/525/3502 4496/1638/3514 4495/1649/3513
f 4485/526/3503 4497/1639/3515 4496/1638/3514
f 4486/527/3504 4498/1640/3516 4497/1639/3515
f 4487/529/3506 4499/1641/3518 4498/1640/3516
f 4488/540/3517 4500/1642/3529 4499/1641/3518
f 4501/1643/3519 4500/1642/3529 4488/540/3517
f 4502/1644/3520 4501/1643/3519 4489/530/3507
f 4503/1645/3521 4502/1644/3520 4490/531/3508
f 4504/1646/3522 4503/1645/3521 4491/532/3509
f 4505/1647/3523 4504/1646/3522 4492/533/3510
f 4506/1658/3524 4505/1647/3523 4493/534/3511
f 4496/1638/3514 4508/1648/3526 4507/1661/3525
f 4497/1639/3515 4509/1650/3527 4508/1648/3526
f 4498/1640/3516 4510/1651/3528 4509/1650/3527
f 4499/1641/3518 4511/1652/3530 4510/1651/3528
f 4500/1642/3529 4512/1653/3541 4511/1652/3530
f 4513/1654/3531 4512/1653/3541 4500/1642/3529
f 4514/1655/3532 4513/1654/3531 4501/1643/3519
f 4515/1656/3533 4514/1655/3532 4502/1644/3520
f 4516/1657/3534 4515/1656/3533 4503/1645/3521
f 4517/1659/3535 4516/1657/3534 4504/1646/3522
f 4518/1670/3536 4517/1659/3535 4505/1647/3523
f 4508/1648/3526 4520/1660/3538 4519/1673/3537
f 4509/1650/3527 4521/1662/3539 4520/1660/3538
f 4510/1651/3528 4522/1663/3540 4521/1662/3539
f 4511/1652/3530 4523/1664/3542 4522/1663/3540
f 4512/1653/3541 4524/1665/3554 4523/1664/3542
f 4525/1666/3543 4524/1665/3554 4512/1653/3541
f 4526/1667/3544 4525/1666/3543 4513/1654/3531
f 4527/1668/3545 4526/1667/3544 4514/1655/3532
f 4528/1669/3546 4527/1668/3545 4515/1656/3533
f 4529/1671/3547 4528/1669/3546 4516/1657/3534
f 4530/1684/3548 4529/1671/3547 4517/1659/3535
f 4532/1674/3549 4531/1672/3561 4519/1673/3537
f 4533/1675/3550 4532/1674/3549 4520/1660/3538
f 4534/1676/3551 4533/1675/3550 4521/1662/3539
f 4535/1677/3552 4534/1676/3551 4522/1663/3540
f 4536/1689/3553 4535/1677/3552 4523/1664/3542
f 4537/1678/3555 4536/1689/3553 4524/1665/3554
f 4526/1667/3544 4538/1679/3556 4537/1678/3555
f 4527/1668/3545 4539/1680/3557 4538/1679/3556
f 4528/1669/3546 4540/1681/3558 4539/1680/3557
f 4529/1671/3547 4541/1682/3559 4540/1681/3558
f 4530/1684/3548 4542/1683/3570 4541/1682/3559
f 4544/1686/3560 4543/1685/3573 4531/1672/3561
f 4545/1687/3562 4544/1686/3560 4532/1674/3549
f 4546/1688/3563 4545/1687/3562 4533/1675/3550
f 4547/1690/3564 4546/1688/3563 4534/1676/3551
f 4548/1701/3565 4547/1690/3564 4535/1677/3552
f 4549/1691/3566 4548/1701/3565 4536/1689/3553
f 4538/1679/3556 4550/1692/3567 4549/1691/3566
f 4539/1680/3557 4551/1693/3568 4550/1692/3567
f 4540/1681/3558 4552/1694/3569 4551/1693/3568
f 4541/1682/3559 4553/1695/3571 4552/1694/3569
f 4542/1683/3570 4554/1696/3582 4553/1695/3571
f 4556/1698/3572 4555/1697/3585 4543/1685/3573
f 4557/1699/3574 4556/1698/3572 4544/1686/3560
f 4558/1700/3575 4557/1699/3574 4545/1687/3562
f 4559/1702/3576 4558/1700/3575 4546/1688/3563
f 4560/1713/3577 4559/1702/3576 4547/1690/3564
f 4561/1703/3578 4560/1713/3577 4548/1701/3565
f 4550/1692/3567 4562/1704/3579 4561/1703/3578
f 4551/1693/3568 4563/1705/3580 4562/1704/3579
f 4552/1694/3569 4564/1706/3581 4563/1705/3580
f 4553/1695/3571 4565/1707/3583 4564/1706/3581
f 4554/1696/3582 4566/1708/3594 4565/1707/3583
f 4568/1710/3584 4567/1709/3597 4555/1697/3585
f 4569/1711/3586 4568/1710/3584 4556/1698/3572
f 4570/1712/3587 4569/1711/3586 4557/1699/3574
f 4571/1714/3588 4570/1712/3587 4558/1700/3575
f 4572/1721/3589 4571/1714/3588 4559/1702/3576
f 4573/1715/3590 4572/1721/3589 4560/1713/3577
f 4562/1704/3579 4574/1716/3591 4573/1715/3590
f 4563/1705/3580 4575/1717/3592 4574/1716/3591
f 4564/1706/3581 4576/1718/3593 4575/1717/3592
f 4565/1707/3583 4577/1719/3595 4576/1718/3593
f 4566/1708/3594 4578/1720/3606 4577/1719/3595
f 4580/727/3596 4579/740/3609 4567/1709/3597
f 4581/729/3598 4580/727/3596 4568/1710/3584
f 4582/730/3599 4581/729/3598 4569/1711/3586
f 4583/731/3600 4582/730/3599 4570/1712/3587
f 4584/732/3601 4583/731/3600 4571/1714/3588
f 4585/733/3602 4584/732/3601 4572/1721/3589
f 4574/1716/3591 4586/734/3603 4585/733/3602
f 4575/1717/3592 4587/735/3604 4586/734/3603
f 4576/1718/3593 4588/736/3605 4587/735/3604
f 4577/1719/3595 4589/738/3607 4588/736/3605
f 4578/1720/3606 4590/749/3618 4589/738/3607
f 4592/1723/3608 4591/1722/3621 4579/740/3609
f 4593/1724/3610 4592/1723/3608 4580/727/3596
f 4594/1725/3611 4593/1724/3610 4581/729/3598
f 4595/1726/3612 4594/1725/3611 4582/730/3599
f 4596/1737/3613 4595/1726/3612 4583/731/3600
f 4597/1727/3614 4596/1737/3613 4584/732/3601
f 4586/734/3603 4598/1728/3615 4597/1727/3614
f 4587/735/3604 4599/1729/3616 4598/1728/3615
f 4588/736/3605 4600/1730/3617 4599/1729/3616
f 4589/738/3607 4601/1731/3619 4600/1730/3617
f 4590/749/3618 4602/1732/3632 4601/1731/3619
f 4592/1723/3608 4604/1734/3622 4603/1733/3620
f 4593/1724/3610 4605/1735/3623 4604/1734/3622
f 4594/1725/3611 4606/1736/3624 4605/1735/3623
f 4595/1726/3612 4607/1738/3625 4606/1736/3624
f 4596/1737/3613 4608/1750/3637 4607/1738/3625
f 4609/1739/3626 4608/1750/3637 4596/1737/3613
f 4610/1740/3627 4609/1739/3626 4597/1727/3614
f 4611/1741/3628 4610/1740/3627 4598/1728/3615
f 4612/1742/3629 4611/1741/3628 4599/1729/3616
f 4613/1743/3630 4612/1742/3629 4600/1730/3617
f 4614/1744/3631 4613/1743/3630 4601/1731/3619
f 4604/1734/3622 4616/1745/3634 4615/1757/3633
f 4605/1735/3623 4617/1746/3635 4616/1745/3634
f 4606/1736/3624 4618/1747/3636 4617/1746/3635
f 4607/1738/3625 4619/1748/3638 4618/1747/3636
f 4608/1750/3637 4620/1749/3649 4619/1748/3638
f 4621/1751/3639 4620/1749/3649 4608/1750/3637
f 4622/1752/3640 4621/1751/3639 4609/1739/3626
f 4623/1753/3641 4622/1752/3640 4610/1740/3627
f 4624/1754/3642 4623/1753/3641 4611/1741/3628
f 4625/1755/3643 4624/1754/3642 4612/1742/3629
f 4626/1766/3644 4625/1755/3643 4613/1743/3630
f 4616/1745/3634 4628/1756/3646 4627/1769/3645
f 4617/1746/3635 4629/1758/3647 4628/1756/3646
f 4618/1747/3636 4630/1759/3648 4629/1758/3647
f 4619/1748/3638 4631/1760/3650 4630/1759/3648
f 4620/1749/3649 4632/1761/3661 4631/1760/3650
f 4633/1762/3651 4632/1761/3661 4620/1749/3649
f 4634/1763/3652 4633/1762/3651 4621/1751/3639
f 4635/1764/3653 4634/1763/3652 4622/1752/3640
f 4636/1765/3654 4635/1764/3653 4623/1753/3641
f 4637/1767/3655 4636/1765/3654 4624/1754/3642
f 4638/1778/3656 4637/1767/3655 4625/1755/3643
f 4628/1756/3646 4640/1768/3658 4639/1781/3657
f 4629/1758/3647 4641/1770/3659 4640/1768/3658
f 4630/1759/3648 4642/1771/3660 4641/1770/3659
f 4631/1760/3650 4643/1772/3662 4642/1771/3660
f 4632/1761/3661 4644/1773/3673 4643/1772/3662
f 4645/1774/3663 4644/1773/3673 4632/1761/3661
f 4646/1775/3664 4645/1774/3663 4633/1762/3651
f 4647/1776/3665 4646/1775/3664 4634/1763/3652
f 4648/1777/3666 4647/1776/3665 4635/1764/3653
f 4649/1779/3667 4648/1777/3666 4636/1765/3654
f 4650/1790/3668 4649/1779/3667 4637/1767/3655
f 4640/1768/3658 4652/1780/3670 4651/1793/3669
f 4641/1770/3659 4653/1782/3671 4652/1780/3670
f 4642/1771/3660 4654/1783/3672 4653/1782/3671
f 4643/1772/3662 4655/1784/3674 4654/1783/3672
f 4644/1773/3673 4656/1785/3684 4655/1784/3674
f 4657/1786/3675 4656/1785/3684 4644/1773/3673
f 4658/1787/3676 4657/1786/3675 4645/1774/3663
f 4659/1788/3677 4658/1787/3676 4646/1775/3664
f 4660/1789/3678 4659/1788/3677 4647/1776/3665
f 4661/1791/3679 4660/1789/3678 4648/1777/3666
f 4662/1802/3680 4661/1791/3679 4649/1779/3667
f 4652/1780/3670 4664/1792/3681 4663/1804/1656
f 4653/1782/3671 4665/1794/3682 4664/1792/3681
f 4654/1783/3672 4666/1795/3683 4665/1794/3682
f 4655/1784/3674 4667/1796/3685 4666/1795/3683
f 4656/1785/3684 4668/1797/3696 4667/1796/3685
f 4669/1798/3686 4668/1797/3696 4656/1785/3684
f 4670/1799/3687 4669/1798/3686 4657/1786/3675
f 4671/1800/3688 4670/1799/3687 4658/1787/3676
f 4672/1801/3689 4671/1800/3688 4659/1788/3677
f 4673/1803/3690 4672/1801/3689 4660/1789/3678
f 4674/1805/1667 4673/1803/3690 4661/1791/3679
f 4676/931/3691 4675/128/3703 4663/1804/1656
f 4677/933/3692 4676/931/3691 4664/1792/3681
f 4678/934/3693 4677/933/3692 4665/1794/3682
f 4679/935/3694 4678/934/3693 4666/1795/3683
f 4680/936/3695 4679/935/3694 4667/1796/3685
f 4681/937/3697 4680/936/3695 4668/1797/3696
f 4670/1799/3687 4682/938/3698 4681/937/3697
f 4671/1800/3688 4683/939/3699 4682/938/3698
f 4672/1801/3689 4684/940/3700 4683/939/3699
f 4673/1803/3690 4685/942/3701 4684/940/3700
f 4674/1805/1667 4686/952/3712 4685/942/3701
f 4688/1807/3702 4687/1806/3715 4675/128/3703
f 4689/1808/3704 4688/1807/3702 4676/931/3691
f 4690/1809/3705 4689/1808/3704 4677/933/3692
f 4691/1810/3706 4690/1809/3705 4678/934/3693
f 4692/1821/3707 4691/1810/3706 4679/935/3694
f 4693/1811/3708 4692/1821/3707 4680/936/3695
f 4682/938/3698 4694/1812/3709 4693/1811/3708
f 4683/939/3699 4695/1813/3710 4694/1812/3709
f 4684/940/3700 4696/1814/3711 4695/1813/3710
f 4685/942/3701 4697/1815/3713 4696/1814/3711
f 4686/952/3712 4698/1816/3724 4697/1815/3713
f 4700/1818/3714 4699/1817/3727 4687/1806/3715
f 4701/1819/3716 4700/1818/3714 4688/1807/3702
f 4702/1820/3717 4701/1819/3716 4689/1808/3704
f 4703/1822/3718 4702/1820/3717 4690/1809/3705
f 4704/1833/3719 4703/1822/3718 4691/1810/3706
f 4705/1823/3720 4704/1833/3719 4692/1821/3707
f 4694/1812/3709 4706/1824/3721 4705/1823/3720
f 4695/1813/3710 4707/1825/3722 4706/1824/3721
f 4696/1814/3711 4708/1826/3723 4707/1825/3722
f 4697/1815/3713 4709/1827/3725 4708/1826/3723
f 4698/1816/3724 4710/1828/3736 4709/1827/3725
f 4712/1830/3726 4711/1829/3739 4699/1817/3727
f 4713/1831/3728 4712/1830/3726 4700/1818/3714
f 4714/1832/3729 4713/1831/3728 4701/1819/3716
f 4715/1834/3730 4714/1832/3729 4702/1820/3717
f 4716/1846/3731 4715/1834/3730 4703/1822/3718
f 4717/1835/3732 4716/1846/3731 4704/1833/3719
f 4706/1824/3721 4718/1836/3733 4717/1835/3732
f 4707/1825/3722 4719/1837/3734 4718/1836/3733
f 4708/1826/3723 4720/1838/3735 4719/1837/3734
f 4709/1827/3725 4721/1839/3737 4720/1838/3735
f 4710/1828/3736 4722/1840/3748 4721/1839/3737
f 4724/1841/3738 4723/1853/3751 4711/1829/3739
f 4725/1842/3740 4724/1841/3738 4712/1830/3726
f 4726/1843/3741 4725/1842/3740 4713/1831/3728
f 4727/1844/3742 4726/1843/3741 4714/1832/3729
f 4728/1845/3743 4727/1844/3742 4715/1834/3730
f 4729/1847/3744 4728/1845/3743 4716/1846/3731
f 4718/1836/3733 4730/1848/3745 4729/1847/3744
f 4719/1837/3734 4731/1849/3746 4730/1848/3745
f 4720/1838/3735 4732/1850/3747 4731/1849/3746
f 4721/1839/3737 4733/1851/3749 4732/1850/3747
f 4722/1840/3748 4734/1862/3760 4733/1851/3749
f 4736/1852/3750 4735/1865/3763 4723/1853/3751
f 4737/1854/3752 4736/1852/3750 4724/1841/3738
f 4738/1855/3753 4737/1854/3752 4725/1842/3740
f 4739/1856/3754 4738/1855/3753 4726/1843/3741
f 4740/1857/3755 4739/1856/3754 4727/1844/3742
f 4741/1858/3756 4740/1857/3755 4728/1845/3743
f 4730/1848/3745 4742/1859/3757 4741/1858/3756
f 4731/1849/3746 4743/1860/3758 4742/1859/3757
f 4732/1850/3747 4744/1861/3759 4743/1860/3758
f 4733/1851/3749 4745/1863/3761 4744/1861/3759
f 4734/1862/3760 4746/1874/3774 4745/1863/3761
f 4736/1852/3750 4748/1864/3764 4747/1877/3762
f 4737/1854/3752 4749/1866/3765 4748/1864/3764
f 4738/1855/3753 4750/1867/3766 4749/1866/3765
f 4739/1856/3754 4751/1868/3767 4750/1867/3766
f 4740/1857/3755 4752/1869/3779 4751/1868/3767
f 4753/1870/3768 4752/1869/3779 4740/1857/3755
f 4754/1871/3769 4753/1870/3768 4741/1858/3756
f 4755/1872/3770 4754/1871/3769 4742/1859/3757
f 4756/1873/3771 4755/1872/3770 4743/1860/3758
f 4757/1875/3772 4756/1873/3771 4744/1861/3759
f 4758/1886/3773 4757/1875/3772 4745/1863/3761
f 4748/1864/3764 4760/1876/3776 4759/1888/3775
f 4749/1866/3765 4761/1878/3777 4760/1876/3776
f 4750/1867/3766 4762/1879/3778 4761/1878/3777
f 4751/1868/3767 4763/1880/3780 4762/1879/3778
f 4752/1869/3779 4764/1881/3791 4763/1880/3780
f 4765/1882/3781 4764/1881/3791 4752/1869/3779
f 4766/1883/3782 4765/1882/3781 4753/1870/3768
f 4767/1884/3783 4766/1883/3782 4754/1871/3769
f 4768/1885/3784 4767/1884/3783 4755/1872/3770
f 4769/1887/3785 4768/1885/3784 4756/1873/3771
f 4770/1889/3786 4769/1887/3785 4757/1875/3772
f 4760/1876/3776 4772/1134/3788 4771/1147/3787
f 4761/1878/3777 4773/1136/3789 4772/1134/3788
f 4762/1879/3778 4774/1137/3790 4773/1136/3789
f 4763/1880/3780 4775/1138/3792 4774/1137/3790
f 4764/1881/3791 4776/1139/3803 4775/1138/3792
f 4777/1140/3793 4776/1139/3803 4764/1881/3791
f 4778/1141/3794 4777/1140/3793 4765/1882/3781
f 4779/1142/3795 4778/1141/3794 4766/1883/3782
f 4780/1143/3796 4779/1142/3795 4767/1884/3783
f 4781/1145/3797 4780/1143/3796 4768/1885/3784
f 4782/1156/3798 4781/1145/3797 4769/1887/3785
f 4772/1134/3788 4784/1890/3800 4783/1901/3799
f 4773/1136/3789 4785/1891/3801 4784/1890/3800
f 4774/1137/3790 4786/1892/3802 4785/1891/3801
f 4775/1138/3792 4787/1893/3804 4786/1892/3802
f 4776/1139/3803 4788/1894/3815 4787/1893/3804
f 4789/1895/3805 4788/1894/3815 4776/1139/3803
f 4790/1896/3806 4789/1895/3805 4777/1140/3793
f 4791/1897/3807 4790/1896/3806 4778/1141/3794
f 4792/1898/3808 4791/1897/3807 4779/1142/3795
f 4793/1899/3809 4792/1898/3808 4780/1143/3796
f 4794/1910/3810 4793/1899/3809 4781/1145/3797
f 4784/1890/3800 4796/1900/3812 4795/1913/3811
f 4785/1891/3801 4797/1902/3813 4796/1900/3812
f 4786/1892/3802 4798/1903/3814 4797/1902/3813
f 4787/1893/3804 4799/1904/3816 4798/1903/3814
f 4788/1894/3815 4800/1905/3827 4799/1904/3816
f 4801/1906/3817 4800/1905/3827 4788/1894/3815
f 4802/1907/3818 4801/1906/3817 4789/1895/3805
f 4803/1908/3819 4802/1907/3818 4790/1896/3806
f 4804/1909/3820 4803/1908/3819 4791/1897/3807
f 4805/1911/3821 4804/1909/3820 4792/1898/3808
f 4806/1922/3822 4805/1911/3821 4793/1899/3809
f 4796/1900/3812 4808/1912/3824 4807/1925/3823
f 4797/1902/3813 4809/1914/3825 4808/1912/3824
f 4798/1903/3814 4810/1915/3826 4809/1914/3825
f 4799/1904/3816 4811/1916/3828 4810/1915/3826
f 4800/1905/3827 4812/1917/3840 4811/1916/3828
f 4813/1918/3829 4812/1917/3840 4800/1905/3827
f 4814/1919/3830 4813/1918/3829 4801/1906/3817
f 4815/1920/3831 4814/1919/3830 4802/1907/3818
f 4816/1921/3832 4815/1920/3831 4803/1908/3819
f 4817/1923/3833 4816/1921/3832 4804/1909/3820
f 4818/1936/3834 4817/1923/3833 4805/1911/3821
f 4820/1926/3835 4819/1924/3847 4807/1925/3823
f 4821/1927/3836 4820/1926/3835 4808/1912/3824
f 4822/1928/3837 4821/1927/3836 4809/1914/3825
f 4823/1929/3838 4822/1928/3837 4810/1915/3826
f 4824/1941/3839 4823/1929/3838 4811/1916/3828
f 4825/1930/3841 4824/1941/3839 4812/1917/3840
f 4826/1931/3842 4825/1930/3841 4813/1918/3829
f 4815/1920/3831 4827/1932/3843 4826/1931/3842
f 4816/1921/3832 4828/1933/3844 4827/1932/3843
f 4817/1923/3833 4829/1934/3845 4828/1933/3844
f 4818/1936/3834 4830/1935/3856 4829/1934/3845
f 4832/1938/3846 4831/1937/3859 4819/1924/3847
f 4833/1939/3848 4832/1938/3846 4820/1926/3835
f 4834/1940/3849 4833/1939/3848 4821/1927/3836
f 4835/1942/3850 4834/1940/3849 4822/1928/3837
f 4836/1953/3851 4835/1942/3850 4823/1929/3838
f 4825/1930/3841 4837/1943/3852 4836/1953/3851
f 4826/1931/3842 4838/1944/3853 4837/1943/3852
f 4827/1932/3843 4839/1945/3854 4838/1944/3853
f 4828/1933/3844 4840/1946/3855 4839/1945/3854
f 4829/1934/3845 4841/1947/3857 4840/1946/3855
f 4830/1935/3856 4842/1948/3868 4841/1947/3857
f 4844/1950/3858 4843/1949/3871 4831/1937/3859
f 4845/1951/3860 4844/1950/3858 4832/1938/3846
f 4846/1952/3861 4845/1951/3860 4833/1939/3848
f 4847/1954/3862 4846/1952/3861 4834/1940/3849
f 4848/1965/3863 4847/1954/3862 4835/1942/3850
f 4849/1955/3864 4848/1965/3863 4836/1953/3851
f 4838/1944/3853 4850/1956/3865 4849/1955/3864
f 4839/1945/3854 4851/1957/3866 4850/1956/3865
f 4840/1946/3855 4852/1958/3867 4851/1957/3866
f 4841/1947/3857 4853/1959/3869 4852/1958/3867
f 4842/1948/3868 4854/1960/3880 4853/1959/3869
f 4856/1962/3870 4855/1961/3883 4843/1949/3871
f 4857/1963/3872 4856/1962/3870 4844/1950/3858
f 4858/1964/3873 4857/1963/3872 4845/1951/3860
f 4859/1966/3874 4858/1964/3873 4846/1952/3861
f 4860/1973/3875 4859/1966/3874 4847/1954/3862
f 4861/1967/3876 4860/1973/3875 4848/1965/3863
f 4850/1956/3865 4862/1968/3877 4861/1967/3876
f 4851/1957/3866 4863/1969/3878 4862/1968/3877
f 4852/1958/3867 4864/1970/3879 4863/1969/3878
f 4853/1959/3869 4865/1971/3881 4864/1970/3879
f 4854/1960/3880 4866/1972/3892 4865/1971/3881
f 4868/1340/3882 4867/1339/3895 4855/1961/3883
f 4869/1341/3884 4868/1340/3882 4856/1962/3870
f 4870/1342/3885 4869/1341/3884 4857/1963/3872
f 4871/1343/3886 4870/1342/3885 4858/1964/3873
f 4872/1355/3887 4871/1343/3886 4859/1966/3874
f 4873/1344/3888 4872/1355/3887 4860/1973/3875
f 4862/1968/3877 4874/1346/3889 4873/1344/3888
f 4863/1969/3878 4875/1347/3890 4874/1346/3889
f 4864/1970/3879 4876/1348/3891 4875/1347/3890
f 4865/1971/3881 4877/1349/3893 4876/1348/3891
f 4866/1972/3892 4878/1350/3904 4877/1349/3893
f 4880/1975/3894 4879/1974/3907 4867/1339/3895
f 4881/1976/3896 4880/1975/3894 4868/1340/3882
f 4882/1977/3897 4881/1976/3896 4869/1341/3884
f 4883/1978/3898 4882/1977/3897 4870/1342/3885
f 4884/1989/3899 4883/1978/3898 4871/1343/3886
f 4885/1979/3900 4884/1989/3899 4872/1355/3887
f 4874/1346/3889 4886/1980/3901 4885/1979/3900
f 4875/1347/3890 4887/1981/3902 4886/1980/3901
f 4876/1348/3891 4888/1982/3903 4887/1981/3902
f 4877/1349/3893 4889/1983/3905 4888/1982/3903
f 4878/1350/3904 4890/1984/3918 4889/1983/3905
f 4880/1975/3894 4892/1986/3908 4891/1985/3906
f 4881/1976/3896 4893/1987/3909 4892/1986/3908
f 4882/1977/3897 4894/1988/3910 4893/1987/3909
f 4883/1978/3898 4895/1990/3911 4894/1988/3910
f 4884/1989/3899 4896/2002/3923 4895/1990/3911
f 4897/1991/3912 4896/2002/3923 4884/1989/3899
f 4898/1992/3913 4897/1991/3912 4885/1979/3900
f 4899/1993/3914 4898/1992/3913 4886/1980/3901
f 4900/1994/3915 4899/1993/3914 4887/1981/3902
f 4901/1995/3916 4900/1994/3915 4888/1982/3903
f 4902/1996/3917 4901/1995/3916 4889/1983/3905
f 4892/1986/3908 4904/1997/3920 4903/2009/3919
f 4893/1987/3909 4905/1998/3921 4904/1997/3920
f 4894/1988/3910 4906/1999/3922 4905/1998/3921
f 4895/1990/3911 4907/2000/3924 4906/1999/3922
f 4896/2002/3923 4908/2001/3935 4907/2000/3924
f 4909/2003/3925 4908/2001/3935 4896/2002/3923
f 4910/2004/3926 4909/2003/3925 4897/1991/3912
f 4911/2005/3927 4910/2004/3926 4898/1992/3913
f 4912/2006/3928 4911/2005/3927 4899/1993/3914
f 4913/2007/3929 4912/2006/3928 4900/1994/3915
f 4914/2018/3930 4913/2007/3929 4901/1995/3916
f 4904/1997/3920 4916/2008/3932 4915/2021/3931
f 4905/1998/3921 4917/2010/3933 4916/2008/3932
f 4906/1999/3922 4918/2011/3934 4917/2010/3933
f 4907/2000/3924 4919/2012/3936 4918/2011/3934
f 4908/2001/3935 4920/2013/3947 4919/2012/3936
f 4921/2014/3937 4920/2013/3947 4908/2001/3935
f 4922/2015/3938 4921/2014/3937 4909/2003/3925
f 4923/2016/3939 4922/2015/3938 4910/2004/3926
f 4924/2017/3940 4923/2016/3939 4911/2005/3927
f 4925/2019/3941 4924/2017/3940 4912/2006/3928
f 4926/2030/3942 4925/2019/3941 4913/2007/3929
f 4916/2008/3932 4928/2020/3944 4927/2033/3943
f 4917/2010/3933 4929/2022/3945 4928/2020/3944
f 4918/2011/3934 4930/2023/3946 4929/2022/3945
f 4919/2012/3936 4931/2024/3948 4930/2023/3946
f 4920/2013/3947 4932/2025/3959 4931/2024/3948
f 4933/2026/3949 4932/2025/3959 4920/2013/3947
f 4934/2027/3950 4933/2026/3949 4921/2014/3937
f 4935/2028/3951 4934/2027/3950 4922/2015/3938
f 4936/2029/3952 4935/2028/3951 4923/2016/3939
f 4937/2031/3953 4936/2029/3952 4924/2017/3940
f 4938/2042/3954 4937/2031/3953 4925/2019/3941
f 4928/2020/3944 4940/2032/3956 4939/2045/3955
f 4929/2022/3945 4941/2034/3957 4940/2032/3956
f 4930/2023/3946 4942/2035/3958 4941/2034/3957
f 4931/2024/3948 4943/2036/3960 4942/2035/3958
f 4932/2025/3959 4944/2037/3970 4943/2036/3960
f 4945/2038/3961 4944/2037/3970 4932/2025/3959
f 4946/2039/3962 4945/2038/3961 4933/2026/3949
f 4947/2040/3963 4946/2039/3962 4934/2027/3950
f 4948/2041/3964 4947/2040/3963 4935/2028/3951
f 4949/2043/3965 4948/2041/3964 4936/2029/3952
f 4950/2054/3966 4949/2043/3965 4937/2031/3953
f 4940/2032/3956 4952/2044/3967 4951/2056/1368
f 4941/2034/3957 4953/2046/3968 4952/2044/3967
f 4942/2035/3958 4954/2047/3969 4953/2046/3968
f 4943/2036/3960 4955/2048/1359 4954/2047/3969
f 4944/2037/3970 4956/2049/1360 4955/2048/1359
f 4957/2050/1361 4956/2049/1360 4944/2037/3970
f 4958/2051/1362 4957/2050/1361 4945/2038/3961
f 4959/2052/3971 4958/2051/1362 4946/2039/3962
f 4960/2053/3972 4959/2052/3971 4947/2040/3963
f 4961/2055/3973 4960/2053/3972 4948/2041/3964
f 4962/2058/1379 4961/2055/3973 4949/2043/3965
f 4388/1542/3408 4387/49/3407 4951/2056/1368
f 4389/1544/3410 4388/1542/3408 4952/2044/3967
f 4390/1545/3412 4389/1544/3410 4953/2046/3968
f 4391/1546/3414 4390/1545/3412 4954/2047/3969
f 4392/1547/3416 4391/1546/3414 4955/2048/1359
f 4393/1548/3418 4392/1547/3416 4956/2049/1360
f 4958/2051/1362 4394/1549/3419 4393/1548/3418
f 4959/2052/3971 4395/1550/3420 4394/1549/3419
f 4960/2053/3972 4396/1551/3422 4395/1550/3420
f 4961/2055/3973 4397/1553/3424 4396/1551/3422
f 4962/2058/1379 4398/2057/3426 4397/1553/3424
f 4964/322/2518 4976/2060/2522 4975/2059/2519
f 4965/324/2521 4977/2061/2524 4976/2060/2522
f 4966/326/2523 4978/2062/2526 4977/2061/2524
f 4967/328/2525 4979/2063/2528 4978/2062/2526
f 4968/330/2527 4980/2075/2546 4979/2063/2528
f 4981/2064/2529 4980/2075/2546 4968/330/2527
f 4982/2065/2531 4981/2064/2529 4969/333/2530
f 4983/2066/2533 4982/2065/2531 4970/335/2532
f 4984/2067/3974 4983/2066/2533 4971/337/2534
f 4985/2068/2537 4984/2067/3974 4972/339/2536
f 4986/2069/2539 4985/2068/2537 4973/341/2538
f 4988/2070/3975 4987/2082/2553 4975/2059/2519
f 4989/2071/2542 4988/2070/3975 4976/2060/2522
f 4990/2072/2543 4989/2071/2542 4977/2061/2524
f 4991/2073/3976 4990/2072/2543 4978/2062/2526
f 4992/2074/2545 4991/2073/3976 4979/2063/2528
f 4993/2076/2547 4992/2074/2545 4980/2075/2546
f 4982/2065/2531 4994/2077/2548 4993/2076/2547
f 4983/2066/2533 4995/2078/2549 4994/2077/2548
f 4984/2067/3974 4996/2079/2550 4995/2078/2549
f 4985/2068/2537 4997/2080/2551 4996/2079/2550
f 4986/2069/2539 4998/2091/2562 4997/2080/2551
f 5000/2081/2552 4999/2094/2565 4987/2082/2553
f 5001/2083/2554 5000/2081/2552 4988/2070/3975
f 5002/2084/2555 5001/2083/2554 4989/2071/2542
f 5003/2085/2556 5002/2084/2555 4990/2072/2543
f 5004/2086/2557 5003/2085/2556 4991/2073/3976
f 5005/2087/2558 5004/2086/2557 4992/2074/2545
f 4994/2077/2548 5006/2088/2559 5005/2087/2558
f 4995/2078/2549 5007/2089/2560 5006/2088/2559
f 4996/2079/2550 5008/2090/2561 5007/2089/2560
f 4997/2080/2551 5009/2092/2563 5008/2090/2561
f 4998/2091/2562 5010/2103/2574 5009/2092/2563
f 5012/2093/2564 5011/2106/2577 4999/2094/2565
f 5013/2095/3977 5012/2093/2564 5000/2081/2552
f 5014/2096/2567 5013/2095/3977 5001/2083/2554
f 5015/2097/3978 5014/2096/2567 5002/2084/2555
f 5016/2098/2569 5015/2097/3978 5003/2085/2556
f 5017/2099/2570 5016/2098/2569 5004/2086/2557
f 5006/2088/2559 5018/2100/3979 5017/2099/2570
f 5007/2089/2560 5019/2101/3980 5018/2100/3979
f 5008/2090/2561 5020/2102/2573 5019/2101/3980
f 5009/2092/2563 5021/2104/2575 5020/2102/2573
f 5010/2103/2574 5022/2115/2586 5021/2104/2575
f 5024/2105/2576 5023/2118/2589 5011/2106/2577
f 5025/2107/2578 5024/2105/2576 5012/2093/2564
f 5026/2108/2579 5025/2107/2578 5013/2095/3977
f 5027/2109/2580 5026/2108/2579 5014/2096/2567
f 5028/2110/2581 5027/2109/2580 5015/2097/3978
f 5029/2111/2582 5028/2110/2581 5016/2098/2569
f 5018/2100/3979 5030/2112/3981 5029/2111/2582
f 5019/2101/3980 5031/2113/2584 5030/2112/3981
f 5020/2102/2573 5032/2114/2585 5031/2113/2584
f 5021/2104/2575 5033/2116/2587 5032/2114/2585
f 5022/2115/2586 5034/2127/2598 5033/2116/2587
f 5036/2117/2588 5035/2130/2601 5023/2118/2589
f 5037/2119/2590 5036/2117/2588 5024/2105/2576
f 5038/2120/2591 5037/2119/2590 5025/2107/2578
f 5039/2121/2592 5038/2120/2591 5026/2108/2579
f 5040/2122/2593 5039/2121/2592 5027/2109/2580
f 5041/2123/2594 5040/2122/2593 5028/2110/2581
f 5030/2112/3981 5042/2124/3982 5041/2123/2594
f 5031/2113/2584 5043/2125/2596 5042/2124/3982
f 5032/2114/2585 5044/2126/2597 5043/2125/2596
f 5033/2116/2587 5045/2128/2599 5044/2126/2597
f 5034/2127/2598 5046/2139/2610 5045/2128/2599
f 5048/2129/2600 5047/2142/2613 5035/2130/2601
f 5049/2131/3983 5048/2129/2600 5036/2117/2588
f 5050/2132/2603 5049/2131/3983 5037/2119/2590
f 5051/2133/2604 5050/2132/2603 5038/2120/2591
f 5052/2134/2605 5051/2133/2604 5039/2121/2592
f 5053/2135/2606 5052/2134/2605 5040/2122/2593
f 5042/2124/3982 5054/2136/2607 5053/2135/2606
f 5043/2125/2596 5055/2137/2608 5054/2136/2607
f 5044/2126/2597 5056/2138/2609 5055/2137/2608
f 5045/2128/2599 5057/2140/2611 5056/2138/2609
f 5046/2139/2610 5058/2151/2622 5057/2140/2611
f 5060/2141/2612 5059/2154/2625 5047/2142/2613
f 5061/2143/2614 5060/2141/2612 5048/2129/2600
f 5062/2144/2615 5061/2143/2614 5049/2131/3983
f 5063/2145/2616 5062/2144/2615 5050/2132/2603
f 5064/2146/2617 5063/2145/2616 5051/2133/2604
f 5065/2147/2618 5064/2146/2617 5052/2134/2605
f 5054/2136/2607 5066/2148/2619 5065/2147/2618
f 5055/2137/2608 5067/2149/2620 5066/2148/2619
f 5056/2138/2609 5068/2150/2621 5067/2149/2620
f 5057/2140/2611 5069/2152/2623 5068/2150/2621
f 5058/2151/2622 5070/2163/2634 5069/2152/2623
f 5072/2153/2624 5071/2166/2637 5059/2154/2625
f 5073/2155/2626 5072/2153/2624 5060/2141/2612
f 5074/2156/2627 5073/2155/2626 5061/2143/2614
f 5075/2157/2628 5074/2156/2627 5062/2144/2615
f 5076/2158/2629 5075/2157/2628 5063/2145/2616
f 5077/2159/2630 5076/2158/2629 5064/2146/2617
f 5066/2148/2619 5078/2160/2631 5077/2159/2630
f 5067/2149/2620 5079/2161/2632 5078/2160/2631
f 5068/2150/2621 5080/2162/2633 5079/2161/2632
f 5069/2152/2623 5081/2164/2635 5080/2162/2633
f 5070/2163/2634 5082/2175/2646 5081/2164/2635
f 5084/2165/2636 5083/2178/2649 5071/2166/2637
f 5085/2167/2638 5084/2165/2636 5072/2153/2624
f 5086/2168/2639 5085/2167/2638 5073/2155/2626
f 5087/2169/2640 5086/2168/2639 5074/2156/2627
f 5088/2170/2641 5087/2169/2640 5075/2157/2628
f 5089/2171/2642 5088/2170/2641 5076/2158/2629
f 5078/2160/2631 5090/2172/2643 5089/2171/2642
f 5079/2161/2632 5091/2173/2644 5090/2172/2643
f 5080/2162/2633 5092/2174/2645 5091/2173/2644
f 5081/2164/2635 5093/2176/2647 5092/2174/2645
f 5082/2175/2646 5094/2187/2658 5093/2176/2647
f 5096/2177/2648 5095/2190/2661 5083/2178/2649
f 5097/2179/2650 5096/2177/2648 5084/2165/2636
f 5098/2180/2651 5097/2179/2650 5085/2167/2638
f 5099/2181/2652 5098/2180/2651 5086/2168/2639
f 5100/2182/2653 5099/2181/2652 5087/2169/2640
f 5101/2183/2654 5100/2182/2653 5088/2170/2641
f 5090/2172/2643 5102/2184/2655 5101/2183/2654
f 5091/2173/2644 5103/2185/2656 5102/2184/2655
f 5092/2174/2645 5104/2186/2657 5103/2185/2656
f 5093/2176/2647 5105/2188/2659 5104/2186/2657
f 5094/2187/2658 5106/2199/2670 5105/2188/2659
f 5108/2189/2660 5107/2202/2673 5095/2190/2661
f 5109/2191/2662 5108/2189/2660 5096/2177/2648
f 5110/2192/2663 5109/2191/2662 5097/2179/2650
f 5111/2193/2664 5110/2192/2663 5098/2180/2651
f 5112/2194/3984 5111/2193/2664 5099/2181/2652
f 5113/2195/3985 5112/2194/3984 5100/2182/2653
f 5102/2184/2655 5114/2196/2667 5113/2195/3985
f 5103/2185/2656 5115/2197/2668 5114/2196/2667
f 5104/2186/2657 5116/2198/2669 5115/2197/2668
f 5105/2188/2659 5117/2200/2671 5116/2198/2669
f 5106/2199/2670 5118/2213/2684 5117/2200/2671
f 5108/2189/2660 5120/2203/2674 5119/2201/2672
f 5109/2191/2662 5121/2204/2675 5120/2203/2674
f 5110/2192/2663 5122/2205/2676 5121/2204/2675
f 5111/2193/2664 5123/2206/2677 5122/2205/2676
f 5112/2194/3984 5124/2218/3987 5123/2206/2677
f 5125/2207/3986 5124/2218/3987 5112/2194/3984
f 5126/2208/2679 5125/2207/3986 5113/2195/3985
f 5127/2209/2680 5126/2208/2679 5114/2196/2667
f 5128/2210/2681 5127/2209/2680 5115/2197/2668
f 5129/2211/2682 5128/2210/2681 5116/2198/2669
f 5130/2212/2683 5129/2211/2682 5117/2200/2671
f 5120/2203/2674 5132/2215/2686 5131/2214/2685
f 5121/2204/2675 5133/2216/2687 5132/2215/2686
f 5122/2205/2676 5134/2217/2688 5133/2216/2687
f 5123/2206/2677 5135/2219/2690 5134/2217/2688
f 5124/2218/3987 5136/2230/3990 5135/2219/2690
f 5137/2220/3988 5136/2230/3990 5124/2218/3987
f 5138/2221/2692 5137/2220/3988 5125/2207/3986
f 5139/2222/2693 5138/2221/2692 5126/2208/2679
f 5140/2223/2694 5139/2222/2693 5127/2209/2680
f 5141/2224/2695 5140/2223/2694 5128/2210/2681
f 5142/2225/2696 5141/2224/2695 5129/2211/2682
f 5132/2215/2686 5144/2227/2698 5143/2226/2697
f 5133/2216/2687 5145/2228/3989 5144/2227/2698
f 5134/2217/2688 5146/2229/2700 5145/2228/3989
f 5135/2219/2690 5147/2231/2702 5146/2229/2700
f 5136/2230/3990 5148/2242/2713 5147/2231/2702
f 5149/2232/2703 5148/2242/2713 5136/2230/3990
f 5150/2233/2704 5149/2232/2703 5137/2220/3988
f 5151/2234/2705 5150/2233/2704 5138/2221/2692
f 5152/2235/3991 5151/2234/2705 5139/2222/2693
f 5153/2236/2707 5152/2235/3991 5140/2223/2694
f 5154/2237/2708 5153/2236/2707 5141/2224/2695
f 5144/2227/2698 5156/2239/2710 5155/2238/2709
f 5145/2228/3989 5157/2240/2711 5156/2239/2710
f 5146/2229/2700 5158/2241/2712 5157/2240/2711
f 5147/2231/2702 5159/2243/3992 5158/2241/2712
f 5148/2242/2713 5160/2254/2725 5159/2243/3992
f 5161/2244/2715 5160/2254/2725 5148/2242/2713
f 5162/2245/2716 5161/2244/2715 5149/2232/2703
f 5163/2246/2717 5162/2245/2716 5150/2233/2704
f 5164/2247/2718 5163/2246/2717 5151/2234/2705
f 5165/2248/2719 5164/2247/2718 5152/2235/3991
f 5166/2249/2720 5165/2248/2719 5153/2236/2707
f 5156/2239/2710 5168/2251/2722 5167/2250/2721
f 5157/2240/2711 5169/2252/2723 5168/2251/2722
f 5158/2241/2712 5170/2253/2724 5169/2252/2723
f 5159/2243/3992 5171/2255/2726 5170/2253/2724
f 5160/2254/2725 5172/2266/2737 5171/2255/2726
f 5173/2256/3993 5172/2266/2737 5160/2254/2725
f 5174/2257/3994 5173/2256/3993 5161/2244/2715
f 5175/2258/2729 5174/2257/3994 5162/2245/2716
f 5176/2259/2730 5175/2258/2729 5163/2246/2717
f 5177/2260/2731 5176/2259/2730 5164/2247/2718
f 5178/2261/2732 5177/2260/2731 5165/2248/2719
f 5168/2251/2722 5180/2263/2734 5179/2262/2733
f 5169/2252/2723 5181/2264/2735 5180/2263/2734
f 5170/2253/2724 5182/2265/2736 5181/2264/2735
f 5171/2255/2726 5183/2267/2738 5182/2265/2736
f 5172/2266/2737 5184/2278/2749 5183/2267/2738
f 5185/2268/3995 5184/2278/2749 5172/2266/2737
f 5186/2269/2740 5185/2268/3995 5173/2256/3993
f 5187/2270/2741 5186/2269/2740 5174/2257/3994
f 5188/2271/2742 5187/2270/2741 5175/2258/2729
f 5189/2272/2743 5188/2271/2742 5176/2259/2730
f 5190/2273/2744 5189/2272/2743 5177/2260/2731
f 5180/2263/2734 5192/2275/2746 5191/2274/2745
f 5181/2264/2735 5193/2276/2747 5192/2275/2746
f 5182/2265/2736 5194/2277/2748 5193/2276/2747
f 5183/2267/2738 5195/2279/2750 5194/2277/2748
f 5184/2278/2749 5196/2290/2761 5195/2279/2750
f 5197/2280/2751 5196/2290/2761 5184/2278/2749
f 5198/2281/2752 5197/2280/2751 5185/2268/3995
f 5199/2282/2753 5198/2281/2752 5186/2269/2740
f 5200/2283/2754 5199/2282/2753 5187/2270/2741
f 5201/2284/2755 5200/2283/2754 5188/2271/2742
f 5202/2285/2756 5201/2284/2755 5189/2272/2743
f 5192/2275/2746 5204/2287/2758 5203/2286/2757
f 5193/2276/2747 5205/2288/2759 5204/2287/2758
f 5194/2277/2748 5206/2289/2760 5205/2288/2759
f 5195/2279/2750 5207/2291/2762 5206/2289/2760
f 5196/2290/2761 5208/2302/2773 5207/2291/2762
f 5209/2292/2763 5208/2302/2773 5196/2290/2761
f 5210/2293/2764 5209/2292/2763 5197/2280/2751
f 5211/2294/2765 5210/2293/2764 5198/2281/2752
f 5212/2295/2766 5211/2294/2765 5199/2282/2753
f 5213/2296/2767 5212/2295/2766 5200/2283/2754
f 5214/2297/2768 5213/2296/2767 5201/2284/2755
f 5204/2287/2758 5216/2299/2770 5215/2298/2769
f 5205/2288/2759 5217/2300/2771 5216/2299/2770
f 5206/2289/2760 5218/2301/2772 5217/2300/2771
f 5207/2291/2762 5219/2303/2774 5218/2301/2772
f 5208/2302/2773 5220/2314/2785 5219/2303/2774
f 5221/2304/2775 5220/2314/2785 5208/2302/2773
f 5222/2305/2776 5221/2304/2775 5209/2292/2763
f 5223/2306/2777 5222/2305/2776 5210/2293/2764
f 5224/2307/2778 5223/2306/2777 5211/2294/2765
f 5225/2308/2779 5224/2307/2778 5212/2295/2766
f 5226/2309/2780 5225/2308/2779 5213/2296/2767
f 5216/2299/2770 5228/2311/2782 5227/2310/2781
f 5217/2300/2771 5229/2312/2783 5228/2311/2782
f 5218/2301/2772 5230/2313/2784 5229/2312/2783
f 5219/2303/2774 5231/2315/3996 5230/2313/2784
f 5220/2314/2785 5232/2327/2798 5231/2315/3996
f 5233/2316/2787 5232/2327/2798 5220/2314/2785
f 5234/2317/3997 5233/2316/2787 5221/2304/2775
f 5235/2318/2789 5234/2317/3997 5222/2305/2776
f 5236/2319/2790 5235/2318/2789 5223/2306/2777
f 5237/2320/2791 5236/2319/2790 5224/2307/2778
f 5238/2321/2792 5237/2320/2791 5225/2308/2779
f 5240/2322/2793 5239/2334/2805 5227/2310/2781
f 5241/2323/3998 5240/2322/2793 5228/2311/2782
f 5242/2324/2795 5241/2323/3998 5229/2312/2783
f 5243/2325/2796 5242/2324/2795 5230/2313/2784
f 5244/2326/2797 5243/2325/2796 5231/2315/3996
f 5245/2328/3999 5244/2326/2797 5232/2327/2798
f 5234/2317/3997 5246/2329/2800 5245/2328/3999
f 5235/2318/2789 5247/2330/2801 5246/2329/2800
f 5236/2319/2790 5248/2331/2802 5247/2330/2801
f 5237/2320/2791 5249/2332/2803 5248/2331/2802
f 5238/2321/2792 5250/2343/2814 5249/2332/2803
f 5252/2333/2804 5251/2346/2817 5239/2334/2805
f 5253/2335/2806 5252/2333/2804 5240/2322/2793
f 5254/2336/4000 5253/2335/2806 5241/2323/3998
f 5255/2337/4001 5254/2336/4000 5242/2324/2795
f 5256/2338/2809 5255/2337/4001 5243/2325/2796
f 5257/2339/4002 5256/2338/2809 5244/2326/2797
f 5246/2329/2800 5258/2340/2811 5257/2339/4002
f 5247/2330/2801 5259/2341/2812 5258/2340/2811
f 5248/2331/2802 5260/2342/2813 5259/2341/2812
f 5249/2332/2803 5261/2344/2815 5260/2342/2813
f 5250/2343/2814 5262/2357/2828 5261/2344/2815
f 5252/2333/2804 5264/2347/2818 5263/2345/2816
f 5253/2335/2806 5265/2348/2819 5264/2347/2818
f 5254/2336/4000 5266/2349/2820 5265/2348/2819
f 5255/2337/4001 5267/2350/2821 5266/2349/2820
f 5256/2338/2809 5268/2362/2833 5267/2350/2821
f 5269/2351/2822 5268/2362/2833 5256/2338/2809
f 5270/2352/2823 5269/2351/2822 5257/2339/4002
f 5271/2353/2824 5270/2352/2823 5258/2340/2811
f 5272/2354/2825 5271/2353/2824 5259/2341/2812
f 5273/2355/2826 5272/2354/2825 5260/2342/2813
f 5274/2356/2827 5273/2355/2826 5261/2344/2815
f 5264/2347/2818 5276/2359/2830 5275/2358/2829
f 5265/2348/2819 5277/2360/2831 5276/2359/2830
f 5266/2349/2820 5278/2361/2832 5277/2360/2831
f 5267/2350/2821 5279/2363/2834 5278/2361/2832
f 5268/2362/2833 5280/2374/2845 5279/2363/2834
f 5281/2364/2835 5280/2374/2845 5268/2362/2833
f 5282/2365/2836 5281/2364/2835 5269/2351/2822
f 5283/2366/2837 5282/2365/2836 5270/2352/2823
f 5284/2367/2838 5283/2366/2837 5271/2353/2824
f 5285/2368/2839 5284/2367/2838 5272/2354/2825
f 5286/2369/2840 5285/2368/2839 5273/2355/2826
f 5276/2359/2830 5288/2371/2842 5287/2370/2841
f 5277/2360/2831 5289/2372/2843 5288/2371/2842
f 5278/2361/2832 5290/2373/2844 5289/2372/2843
f 5279/2363/2834 5291/2375/2846 5290/2373/2844
f 5280/2374/2845 5292/2386/2857 5291/2375/2846
f 5293/2376/2847 5292/2386/2857 5280/2374/2845
f 5294/2377/2848 5293/2376/2847 5281/2364/2835
f 5295/2378/4003 5294/2377/2848 5282/2365/2836
f 5296/2379/2850 5295/2378/4003 5283/2366/2837
f 5297/2380/2851 5296/2379/2850 5284/2367/2838
f 5298/2381/2852 5297/2380/2851 5285/2368/2839
f 5288/2371/2842 5300/2383/2854 5299/2382/2853
f 5289/2372/2843 5301/2384/2855 5300/2383/2854
f 5290/2373/2844 5302/2385/2856 5301/2384/2855
f 5291/2375/2846 5303/2387/2858 5302/2385/2856
f 5292/2386/2857 5304/2398/2869 5303/2387/2858
f 5305/2388/2859 5304/2398/2869 5292/2386/2857
f 5306/2389/2860 5305/2388/2859 5293/2376/2847
f 5307/2390/4004 5306/2389/2860 5294/2377/2848
f 5308/2391/2862 5307/2390/4004 5295/2378/4003
f 5309/2392/2863 5308/2391/2862 5296/2379/2850
f 5310/2393/2864 5309/2392/2863 5297/2380/2851
f 5300/2383/2854 5312/2395/2866 5311/2394/2865
f 5301/2384/2855 5313/2396/2867 5312/2395/2866
f 5302/2385/2856 5314/2397/2868 5313/2396/2867
f 5303/2387/2858 5315/2399/4005 5314/2397/2868
f 5304/2398/2869 5316/2410/2881 5315/2399/4005
f 5317/2400/2871 5316/2410/2881 5304/2398/2869
f 5318/2401/4006 5317/2400/2871 5305/2388/2859
f 5319/2402/2873 5318/2401/4006 5306/2389/2860
f 5320/2403/2874 5319/2402/2873 5307/2390/4004
f 5321/2404/2875 5320/2403/2874 5308/2391/2862
f 5322/2405/2876 5321/2404/2875 5309/2392/2863
f 5312/2395/2866 5324/2407/2878 5323/2406/2877
f 5313/2396/2867 5325/2408/2879 5324/2407/2878
f 5314/2397/2868 5326/2409/2880 5325/2408/2879
f 5315/2399/4005 5327/2411/2882 5326/2409/2880
f 5316/2410/2881 5328/2422/2893 5327/2411/2882
f 5329/2412/2883 5328/2422/2893 5316/2410/2881
f 5330/2413/2884 5329/2412/2883 5317/2400/2871
f 5331/2414/2885 5330/2413/2884 5318/2401/4006
f 5332/2415/2886 5331/2414/2885 5319/2402/2873
f 5333/2416/2887 5332/2415/2886 5320/2403/2874
f 5334/2417/2888 5333/2416/2887 5321/2404/2875
f 5324/2407/2878 5336/2419/2890 5335/2418/2889
f 5325/2408/2879 5337/2420/2891 5336/2419/2890
f 5326/2409/2880 5338/2421/4007 5337/2420/2891
f 5327/2411/2882 5339/2423/2894 5338/2421/4007
f 5328/2422/2893 5340/2434/2905 5339/2423/2894
f 5341/2424/2895 5340/2434/2905 5328/2422/2893
f 5342/2425/2896 5341/2424/2895 5329/2412/2883
f 5343/2426/4008 5342/2425/2896 5330/2413/2884
f 5344/2427/2898 5343/2426/4008 5331/2414/2885
f 5345/2428/2899 5344/2427/2898 5332/2415/2886
f 5346/2429/2900 5345/2428/2899 5333/2416/2887
f 5336/2419/2890 5348/2431/2902 5347/2430/2901
f 5337/2420/2891 5349/2432/2903 5348/2431/2902
f 5338/2421/4007 5350/2433/2904 5349/2432/2903
f 5339/2423/2894 5351/2435/2906 5350/2433/2904
f 5340/2434/2905 5352/2446/2917 5351/2435/2906
f 5353/2436/2907 5352/2446/2917 5340/2434/2905
f 5354/2437/2908 5353/2436/2907 5341/2424/2895
f 5355/2438/2909 5354/2437/2908 5342/2425/2896
f 5356/2439/2910 5355/2438/2909 5343/2426/4008
f 5357/2440/2911 5356/2439/2910 5344/2427/2898
f 5358/2441/2912 5357/2440/2911 5345/2428/2899
f 5348/2431/2902 5360/2443/2914 5359/2442/2913
f 5349/2432/2903 5361/2444/2915 5360/2443/2914
f 5350/2433/2904 5362/2445/4009 5361/2444/2915
f 5351/2435/2906 5363/2447/2918 5362/2445/4009
f 5352/2446/2917 5364/2458/2929 5363/2447/2918
f 5365/2448/2919 5364/2458/2929 5352/2446/2917
f 5366/2449/2920 5365/2448/2919 5353/2436/2907
f 5367/2450/2921 5366/2449/2920 5354/2437/2908
f 5368/2451/2922 5367/2450/2921 5355/2438/2909
f 5369/2452/2923 5368/2451/2922 5356/2439/2910
f 5370/2453/2924 5369/2452/2923 5357/2440/2911
f 5360/2443/2914 5372/2455/2926 5371/2454/2925
f 5361/2444/2915 5373/2456/2927 5372/2455/2926
f 5362/2445/4009 5374/2457/2928 5373/2456/2927
f 5363/2447/2918 5375/2459/2930 5374/2457/2928
f 5364/2458/2929 5376/2470/2941 5375/2459/2930
f 5377/2460/2931 5376/2470/2941 5364/2458/2929
f 5378/2461/2932 5377/2460/2931 5365/2448/2919
f 5379/2462/2933 5378/2461/2932 5366/2449/2920
f 5380/2463/2934 5379/2462/2933 5367/2450/2921
f 5381/2464/2935 5380/2463/2934 5368/2451/2922
f 5382/2465/2936 5381/2464/2935 5369/2452/2923
f 5372/2455/2926 5384/2467/2938 5383/2466/2937
f 5373/2456/2927 5385/2468/2939 5384/2467/2938
f 5374/2457/2928 5386/2469/2940 5385/2468/2939
f 5375/2459/2930 5387/2471/2942 5386/2469/2940
f 5376/2470/2941 5388/2483/2954 5387/2471/2942
f 5389/2472/4010 5388/2483/2954 5376/2470/2941
f 5390/2473/2944 5389/2472/4010 5377/2460/2931
f 5391/2474/2945 5390/2473/2944 5378/2461/2932
f 5392/2475/2946 5391/2474/2945 5379/2462/2933
f 5393/2476/2947 5392/2475/2946 5380/2463/2934
f 5394/2477/2948 5393/2476/2947 5381/2464/2935
f 5396/2478/2949 5395/2489/2961 5383/2466/2937
f 5397/2479/2950 5396/2478/2949 5384/2467/2938
f 5398/2480/2951 5397/2479/2950 5385/2468/2939
f 5399/2481/2952 5398/2480/2951 5386/2469/2940
f 5400/2482/2953 5399/2481/2952 5387/2471/2942
f 5401/2484/2955 5400/2482/2953 5388/2483/2954
f 5390/2473/2944 5402/2485/2956 5401/2484/2955
f 5391/2474/2945 5403/2486/2957 5402/2485/2956
f 5392/2475/2946 5404/2487/2958 5403/2486/2957
f 5393/2476/2947 5405/2488/2959 5404/2487/2958
f 5394/2477/2948 5406/2490/2972 5405/2488/2959
f 5396/2478/2949 5408/931/2962 5407/128/2960
f 5397/2479/2950 5409/933/2963 5408/931/2962
f 5398/2480/2951 5410/934/2964 5409/933/2963
f 5399/2481/2952 5411/935/2965 5410/934/2964
f 5400/2482/2953 5412/936/2978 5411/935/2965
f 5413/937/2966 5412/936/2978 5400/2482/2953
f 5414/938/2967 5413/937/2966 5401/2484/2955
f 5415/939/2968 5414/938/2967 5402/2485/2956
f 5416/940/2969 5415/939/2968 5403/2486/2957
f 5417/942/2970 5416/940/2969 5404/2487/2958
f 5418/952/2971 5417/942/2970 5405/2488/2959
f 5420/2491/2973 5419/2502/2985 5407/128/2960
f 5421/2492/2974 5420/2491/2973 5408/931/2962
f 5422/2493/2975 5421/2492/2974 5409/933/2963
f 5423/2494/2976 5422/2493/2975 5410/934/2964
f 5424/2495/2977 5423/2494/2976 5411/935/2965
f 5425/2496/2979 5424/2495/2977 5412/936/2978
f 5414/938/2967 5426/2497/2980 5425/2496/2979
f 5415/939/2968 5427/2498/2981 5426/2497/2980
f 5416/940/2969 5428/2499/2982 5427/2498/2981
f 5417/942/2970 5429/2500/2983 5428/2499/2982
f 5418/952/2971 5430/2511/2994 5429/2500/2983
f 5432/2501/2984 5431/2514/2997 5419/2502/2985
f 5433/2503/2986 5432/2501/2984 5420/2491/2973
f 5434/2504/2987 5433/2503/2986 5421/2492/2974
f 5435/2505/2988 5434/2504/2987 5422/2493/2975
f 5436/2506/2989 5435/2505/2988 5423/2494/2976
f 5437/2507/2990 5436/2506/2989 5424/2495/2977
f 5426/2497/2980 5438/2508/2991 5437/2507/2990
f 5427/2498/2981 5439/2509/2992 5438/2508/2991
f 5428/2499/2982 5440/2510/2993 5439/2509/2992
f 5429/2500/2983 5441/2512/2995 5440/2510/2993
f 5430/2511/2994 5442/2523/3006 5441/2512/2995
f 5444/2513/2996 5443/2526/3009 5431/2514/2997
f 5445/2515/2998 5444/2513/2996 5432/2501/2984
f 5446/2516/2999 5445/2515/2998 5433/2503/2986
f 5447/2517/3000 5446/2516/2999 5434/2504/2987
f 5448/2518/3001 5447/2517/3000 5435/2505/2988
f 5449/2519/3002 5448/2518/3001 5436/2506/2989
f 5438/2508/2991 5450/2520/3003 5449/2519/3002
f 5439/2509/2992 5451/2521/3004 5450/2520/3003
f 5440/2510/2993 5452/2522/3005 5451/2521/3004
f 5441/2512/2995 5453/2524/3007 5452/2522/3005
f 5442/2523/3006 5454/2535/3018 5453/2524/3007
f 5456/2525/3008 5455/2538/3021 5443/2526/3009
f 5457/2527/3010 5456/2525/3008 5444/2513/2996
f 5458/2528/3011 5457/2527/3010 5445/2515/2998
f 5459/2529/3012 5458/2528/3011 5446/2516/2999
f 5460/2530/3013 5459/2529/3012 5447/2517/3000
f 5461/2531/3014 5460/2530/3013 5448/2518/3001
f 5450/2520/3003 5462/2532/3015 5461/2531/3014
f 5451/2521/3004 5463/2533/4011 5462/2532/3015
f 5452/2522/3005 5464/2534/3017 5463/2533/4011
f 5453/2524/3007 5465/2536/3019 5464/2534/3017
f 5454/2535/3018 5466/2547/3030 5465/2536/3019
f 5468/2537/3020 5467/2550/3033 5455/2538/3021
f 5469/2539/3022 5468/2537/3020 5456/2525/3008
f 5470/2540/3023 5469/2539/3022 5457/2527/3010
f 5471/2541/3024 5470/2540/3023 5458/2528/3011
f 5472/2542/3025 5471/2541/3024 5459/2529/3012
f 5473/2543/3026 5472/2542/3025 5460/2530/3013
f 5462/2532/3015 5474/2544/3027 5473/2543/3026
f 5463/2533/4011 5475/2545/3028 5474/2544/3027
f 5464/2534/3017 5476/2546/3029 5475/2545/3028
f 5465/2536/3019 5477/2548/3031 5476/2546/3029
f 5466/2547/3030 5478/2559/3042 5477/2548/3031
f 5480/2549/3032 5479/2562/3045 5467/2550/3033
f 5481/2551/3034 5480/2549/3032 5468/2537/3020
f 5482/2552/3035 5481/2551/3034 5469/2539/3022
f 5483/2553/3036 5482/2552/3035 5470/2540/3023
f 5484/2554/3037 5483/2553/3036 5471/2541/3024
f 5485/2555/3038 5484/2554/3037 5472/2542/3025
f 5474/2544/3027 5486/2556/3039 5485/2555/3038
f 5475/2545/3028 5487/2557/3040 5486/2556/3039
f 5476/2546/3029 5488/2558/3041 5487/2557/3040
f 5477/2548/3031 5489/2560/3043 5488/2558/3041
f 5478/2559/3042 5490/2571/3054 5489/2560/3043
f 5492/2561/3044 5491/2574/3057 5479/2562/3045
f 5493/2563/4012 5492/2561/3044 5480/2549/3032
f 5494/2564/3047 5493/2563/4012 5481/2551/3034
f 5495/2565/3048 5494/2564/3047 5482/2552/3035
f 5496/2566/3049 5495/2565/3048 5483/2553/3036
f 5497/2567/3050 5496/2566/3049 5484/2554/3037
f 5486/2556/3039 5498/2568/3051 5497/2567/3050
f 5487/2557/3040 5499/2569/3052 5498/2568/3051
f 5488/2558/3041 5500/2570/4013 5499/2569/3052
f 5489/2560/3043 5501/2572/3055 5500/2570/4013
f 5490/2571/3054 5502/2583/3066 5501/2572/3055
f 5504/2573/3056 5503/2586/3069 5491/2574/3057
f 5505/2575/3058 5504/2573/3056 5492/2561/3044
f 5506/2576/3059 5505/2575/3058 5493/2563/4012
f 5507/2577/3060 5506/2576/3059 5494/2564/3047
f 5508/2578/3061 5507/2577/3060 5495/2565/3048
f 5509/2579/3062 5508/2578/3061 5496/2566/3049
f 5498/2568/3051 5510/2580/3063 5509/2579/3062
f 5499/2569/3052 5511/2581/3064 5510/2580/3063
f 5500/2570/4013 5512/2582/3065 5511/2581/3064
f 5501/2572/3055 5513/2584/3067 5512/2582/3065
f 5502/2583/3066 5514/2595/3078 5513/2584/3067
f 5516/2585/3068 5515/2598/3081 5503/2586/3069
f 5517/2587/3070 5516/2585/3068 5504/2573/3056
f 5518/2588/3071 5517/2587/3070 5505/2575/3058
f 5519/2589/3072 5518/2588/3071 5506/2576/3059
f 5520/2590/3073 5519/2589/3072 5507/2577/3060
f 5521/2591/3074 5520/2590/3073 5508/2578/3061
f 5510/2580/3063 5522/2592/3075 5521/2591/3074
f 5511/2581/3064 5523/2593/3076 5522/2592/3075
f 5512/2582/3065 5524/2594/3077 5523/2593/3076
f 5513/2584/3067 5525/2596/3079 5524/2594/3077
f 5514/2595/3078 5526/2607/3090 5525/2596/3079
f 5528/2597/3080 5527/2610/3093 5515/2598/3081
f 5529/2599/3082 5528/2597/3080 5516/2585/3068
f 5530/2600/3083 5529/2599/3082 5517/2587/3070
f 5531/2601/3084 5530/2600/3083 5518/2588/3071
f 5532/2602/3085 5531/2601/3084 5519/2589/3072
f 5533/2603/3086 5532/2602/3085 5520/2590/3073
f 5522/2592/3075 5534/2604/3087 5533/2603/3086
f 5523/2593/3076 5535/2605/3088 5534/2604/3087
f 5524/2594/3077 5536/2606/3089 5535/2605/3088
f 5525/2596/3079 5537/2608/3091 5536/2606/3089
f 5526/2607/3090 5538/2619/3102 5537/2608/3091
f 5540/2609/3092 5539/2622/3105 5527/2610/3093
f 5541/2611/3094 5540/2609/3092 5528/2597/3080
f 5542/2612/3095 5541/2611/3094 5529/2599/3082
f 5543/2613/3096 5542/2612/3095 5530/2600/3083
f 5544/2614/3097 5543/2613/3096 5531/2601/3084
f 5545/2615/3098 5544/2614/3097 5532/2602/3085
f 5534/2604/3087 5546/2616/3099 5545/2615/3098
f 5535/2605/3088 5547/2617/3100 5546/2616/3099
f 5536/2606/3089 5548/2618/3101 5547/2617/3100
f 5537/2608/3091 5549/2620/3103 5548/2618/3101
f 5538/2619/3102 5550/2633/3116 5549/2620/3103
f 5540/2609/3092 5552/2623/3106 5551/2621/3104
f 5541/2611/3094 5553/2624/3107 5552/2623/3106
f 5542/2612/3095 5554/2625/3108 5553/2624/3107
f 5543/2613/3096 5555/2626/3109 5554/2625/3108
f 5544/2614/3097 5556/2638/4016 5555/2626/3109
f 5557/2627/4014 5556/2638/4016 5544/2614/3097
f 5558/2628/3111 5557/2627/4014 5545/2615/3098
f 5559/2629/3112 5558/2628/3111 5546/2616/3099
f 5560/2630/4015 5559/2629/3112 5547/2617/3100
f 5561/2631/3114 5560/2630/4015 5548/2618/3101
f 5562/2632/3115 5561/2631/3114 5549/2620/3103
f 5552/2623/3106 5564/2635/3118 5563/2634/3117
f 5553/2624/3107 5565/2636/3119 5564/2635/3118
f 5554/2625/3108 5566/2637/3120 5565/2636/3119
f 5555/2626/3109 5567/2639/3122 5566/2637/3120
f 5556/2638/4016 5568/2651/3134 5567/2639/3122
f 5569/2640/3123 5568/2651/3134 5556/2638/4016
f 5570/2641/3124 5569/2640/3123 5557/2627/4014
f 5571/2642/3125 5570/2641/3124 5558/2628/3111
f 5572/2643/3126 5571/2642/3125 5559/2629/3112
f 5573/2644/3127 5572/2643/3126 5560/2630/4015
f 5574/2645/3128 5573/2644/3127 5561/2631/3114
f 5576/2646/3129 5575/2658/3141 5563/2634/3117
f 5577/2647/3130 5576/2646/3129 5564/2635/3118
f 5578/2648/3131 5577/2647/3130 5565/2636/3119
f 5579/2649/3132 5578/2648/3131 5566/2637/3120
f 5580/2650/3133 5579/2649/3132 5567/2639/3122
f 5581/2652/3135 5580/2650/3133 5568/2651/3134
f 5570/2641/3124 5582/2653/3136 5581/2652/3135
f 5571/2642/3125 5583/2654/3137 5582/2653/3136
f 5572/2643/3126 5584/2655/3138 5583/2654/3137
f 5573/2644/3127 5585/2656/3139 5584/2655/3138
f 5574/2645/3128 5586/2667/3150 5585/2656/3139
f 5588/2657/3140 5587/2670/3153 5575/2658/3141
f 5589/2659/3142 5588/2657/3140 5576/2646/3129
f 5590/2660/4017 5589/2659/3142 5577/2647/3130
f 5591/2661/3144 5590/2660/4017 5578/2648/3131
f 5592/2662/3145 5591/2661/3144 5579/2649/3132
f 5593/2663/3146 5592/2662/3145 5580/2650/3133
f 5582/2653/3136 5594/2664/3147 5593/2663/3146
f 5583/2654/3137 5595/2665/4018 5594/2664/3147
f 5584/2655/3138 5596/2666/3149 5595/2665/4018
f 5585/2656/3139 5597/2668/3151 5596/2666/3149
f 5586/2667/3150 5598/2679/3162 5597/2668/3151
f 5600/2669/3152 5599/2682/3165 5587/2670/3153
f 5601/2671/3154 5600/2669/3152 5588/2657/3140
f 5602/2672/3155 5601/2671/3154 5589/2659/3142
f 5603/2673/3156 5602/2672/3155 5590/2660/4017
f 5604/2674/3157 5603/2673/3156 5591/2661/3144
f 5605/2675/3158 5604/2674/3157 5592/2662/3145
f 5594/2664/3147 5606/2676/3159 5605/2675/3158
f 5595/2665/4018 5607/2677/3160 5606/2676/3159
f 5596/2666/3149 5608/2678/3161 5607/2677/3160
f 5597/2668/3151 5609/2680/3163 5608/2678/3161
f 5598/2679/3162 5610/2691/3174 5609/2680/3163
f 5612/2681/3164 5611/2694/3177 5599/2682/3165
f 5613/2683/3166 5612/2681/3164 5600/2669/3152
f 5614/2684/3167 5613/2683/3166 5601/2671/3154
f 5615/2685/4019 5614/2684/3167 5602/2672/3155
f 5616/2686/3169 5615/2685/4019 5603/2673/3156
f 5617/2687/3170 5616/2686/3169 5604/2674/3157
f 5606/2676/3159 5618/2688/3171 5617/2687/3170
f 5607/2677/3160 5619/2689/4020 5618/2688/3171
f 5608/2678/3161 5620/2690/3173 5619/2689/4020
f 5609/2680/3163 5621/2692/3175 5620/2690/3173
f 5610/2691/3174 5622/2703/3186 5621/2692/3175
f 5624/2693/3176 5623/2706/3189 5611/2694/3177
f 5625/2695/4021 5624/2693/3176 5612/2681/3164
f 5626/2696/4022 5625/2695/4021 5613/2683/3166
f 5627/2697/3180 5626/2696/4022 5614/2684/3167
f 5628/2698/3181 5627/2697/3180 5615/2685/4019
f 5629/2699/3182 5628/2698/3181 5616/2686/3169
f 5618/2688/3171 5630/2700/3183 5629/2699/3182
f 5619/2689/4020 5631/2701/3184 5630/2700/3183
f 5620/2690/3173 5632/2702/4023 5631/2701/3184
f 5621/2692/3175 5633/2704/3187 5632/2702/4023
f 5622/2703/3186 5634/2715/3198 5633/2704/3187
f 5636/2705/3188 5635/2718/3201 5623/2706/3189
f 5637/2707/3190 5636/2705/3188 5624/2693/3176
f 5638/2708/3191 5637/2707/3190 5625/2695/4021
f 5639/2709/4024 5638/2708/3191 5626/2696/4022
f 5640/2710/3193 5639/2709/4024 5627/2697/3180
f 5641/2711/3194 5640/2710/3193 5628/2698/3181
f 5630/2700/3183 5642/2712/3195 5641/2711/3194
f 5631/2701/3184 5643/2713/3196 5642/2712/3195
f 5632/2702/4023 5644/2714/3197 5643/2713/3196
f 5633/2704/3187 5645/2716/3199 5644/2714/3197
f 5634/2715/3198 5646/2727/3210 5645/2716/3199
f 5648/2717/3200 5647/2730/3213 5635/2718/3201
f 5649/2719/4025 5648/2717/3200 5636/2705/3188
f 5650/2720/4026 5649/2719/4025 5637/2707/3190
f 5651/2721/3204 5650/2720/4026 5638/2708/3191
f 5652/2722/3205 5651/2721/3204 5639/2709/4024
f 5653/2723/3206 5652/2722/3205 5640/2710/3193
f 5642/2712/3195 5654/2724/3207 5653/2723/3206
f 5643/2713/3196 5655/2725/3208 5654/2724/3207
f 5644/2714/3197 5656/2726/3209 5655/2725/3208
f 5645/2716/3199 5657/2728/3211 5656/2726/3209
f 5646/2727/3210 5658/2739/3222 5657/2728/3211
f 5660/2729/3212 5659/2742/3225 5647/2730/3213
f 5661/2731/3214 5660/2729/3212 5648/2717/3200
f 5662/2732/3215 5661/2731/3214 5649/2719/4025
f 5663/2733/3216 5662/2732/3215 5650/2720/4026
f 5664/2734/4027 5663/2733/3216 5651/2721/3204
f 5665/2735/4028 5664/2734/4027 5652/2722/3205
f 5654/2724/3207 5666/2736/3219 5665/2735/4028
f 5655/2725/3208 5667/2737/3220 5666/2736/3219
f 5656/2726/3209 5668/2738/3221 5667/2737/3220
f 5657/2728/3211 5669/2740/3223 5668/2738/3221
f 5658/2739/3222 5670/2751/3234 5669/2740/3223
f 5672/2741/3224 5671/2754/3237 5659/2742/3225
f 5673/2743/3226 5672/2741/3224 5660/2729/3212
f 5674/2744/3227 5673/2743/3226 5661/2731/3214
f 5675/2745/3228 5674/2744/3227 5662/2732/3215
f 5676/2746/4029 5675/2745/3228 5663/2733/3216
f 5677/2747/4030 5676/2746/4029 5664/2734/4027
f 5666/2736/3219 5678/2748/3231 5677/2747/4030
f 5667/2737/3220 5679/2749/3232 5678/2748/3231
f 5668/2738/3221 5680/2750/3233 5679/2749/3232
f 5669/2740/3223 5681/2752/3235 5680/2750/3233
f 5670/2751/3234 5682/2763/3246 5681/2752/3235
f 5684/2753/3236 5683/2766/3249 5671/2754/3237
f 5685/2755/3238 5684/2753/3236 5672/2741/3224
f 5686/2756/3239 5685/2755/3238 5673/2743/3226
f 5687/2757/3240 5686/2756/3239 5674/2744/3227
f 5688/2758/3241 5687/2757/3240 5675/2745/3228
f 5689/2759/3242 5688/2758/3241 5676/2746/4029
f 5678/2748/3231 5690/2760/3243 5689/2759/3242
f 5679/2749/3232 5691/2761/3244 5690/2760/3243
f 5680/2750/3233 5692/2762/3245 5691/2761/3244
f 5681/2752/3235 5693/2764/3247 5692/2762/3245
f 5682/2763/3246 5694/2777/3260 5693/2764/3247
f 5684/2753/3236 5696/2767/3250 5695/2765/3248
f 5685/2755/3238 5697/2768/3251 5696/2767/3250
f 5686/2756/3239 5698/2769/3252 5697/2768/3251
f 5687/2757/3240 5699/2770/3253 5698/2769/3252
f 5688/2758/3241 5700/2782/3265 5699/2770/3253
f 5701/2771/3254 5700/2782/3265 5688/2758/3241
f 5702/2772/3255 5701/2771/3254 5689/2759/3242
f 5703/2773/3256 5702/2772/3255 5690/2760/3243
f 5704/2774/3257 5703/2773/3256 5691/2761/3244
f 5705/2775/3258 5704/2774/3257 5692/2762/3245
f 5706/2776/3259 5705/2775/3258 5693/2764/3247
f 5696/2767/3250 5708/2779/3262 5707/2778/3261
f 5697/2768/3251 5709/2780/3263 5708/2779/3262
f 5698/2769/3252 5710/2781/3264 5709/2780/3263
f 5699/2770/3253 5711/2783/3266 5710/2781/3264
f 5700/2782/3265 5712/2794/3277 5711/2783/3266
f 5713/2784/3267 5712/2794/3277 5700/2782/3265
f 5714/2785/3268 5713/2784/3267 5701/2771/3254
f 5715/2786/3269 5714/2785/3268 5702/2772/3255
f 5716/2787/3270 5715/2786/3269 5703/2773/3256
f 5717/2788/3271 5716/2787/3270 5704/2774/3257
f 5718/2789/3272 5717/2788/3271 5705/2775/3258
f 5708/2779/3262 5720/2791/3274 5719/2790/3273
f 5709/2780/3263 5721/2792/3275 5720/2791/3274
f 5710/2781/3264 5722/2793/3276 5721/2792/3275
f 5711/2783/3266 5723/2795/3278 5722/2793/3276
f 5712/2794/3277 5724/2806/3289 5723/2795/3278
f 5725/2796/3279 5724/2806/3289 5712/2794/3277
f 5726/2797/3280 5725/2796/3279 5713/2784/3267
f 5727/2798/3281 5726/2797/3280 5714/2785/3268
f 5728/2799/3282 5727/2798/3281 5715/2786/3269
f 5729/2800/3283 5728/2799/3282 5716/2787/3270
f 5730/2801/3284 5729/2800/3283 5717/2788/3271
f 5720/2791/3274 5732/2803/3286 5731/2802/3285
f 5721/2792/3275 5733/2804/3287 5732/2803/3286
f 5722/2793/3276 5734/2805/3288 5733/2804/3287
f 5723/2795/3278 5735/2807/3290 5734/2805/3288
f 5724/2806/3289 5736/2818/3301 5735/2807/3290
f 5737/2808/3291 5736/2818/3301 5724/2806/3289
f 5738/2809/3292 5737/2808/3291 5725/2796/3279
f 5739/2810/3293 5738/2809/3292 5726/2797/3280
f 5740/2811/3294 5739/2810/3293 5727/2798/3281
f 5741/2812/3295 5740/2811/3294 5728/2799/3282
f 5742/2813/3296 5741/2812/3295 5729/2800/3283
f 5732/2803/3286 5744/2815/3298 5743/2814/3297
f 5733/2804/3287 5745/2816/3299 5744/2815/3298
f 5734/2805/3288 5746/2817/3300 5745/2816/3299
f 5735/2807/3290 5747/2819/3302 5746/2817/3300
f 5736/2818/3301 5748/2830/3313 5747/2819/3302
f 5749/2820/3303 5748/2830/3313 5736/2818/3301
f 5750/2821/3304 5749/2820/3303 5737/2808/3291
f 5751/2822/3305 5750/2821/3304 5738/2809/3292
f 5752/2823/3306 5751/2822/3305 5739/2810/3293
f 5753/2824/3307 5752/2823/3306 5740/2811/3294
f 5754/2825/3308 5753/2824/3307 5741/2812/3295
f 5744/2815/3298 5756/2827/3310 5755/2826/3309
f 5745/2816/3299 5757/2828/3311 5756/2827/3310
f 5746/2817/3300 5758/2829/3312 5757/2828/3311
f 5747/2819/3302 5759/2831/4031 5758/2829/3312
f 5748/2830/3313 5760/2842/3325 5759/2831/4031
f 5761/2832/3315 5760/2842/3325 5748/2830/3313
f 5762/2833/4032 5761/2832/3315 5749/2820/3303
f 5763/2834/3317 5762/2833/4032 5750/2821/3304
f 5764/2835/3318 5763/2834/3317 5751/2822/3305
f 5765/2836/3319 5764/2835/3318 5752/2823/3306
f 5766/2837/3320 5765/2836/3319 5753/2824/3307
f 5756/2827/3310 5768/2839/3322 5767/2838/3321
f 5757/2828/3311 5769/2840/3323 5768/2839/3322
f 5758/2829/3312 5770/2841/3324 5769/2840/3323
f 5759/2831/4031 5771/2843/4033 5770/2841/3324
f 5760/2842/3325 5772/2854/3337 5771/2843/4033
f 5773/2844/3327 5772/2854/3337 5760/2842/3325
f 5774/2845/3328 5773/2844/3327 5761/2832/3315
f 5775/2846/3329 5774/2845/3328 5762/2833/4032
f 5776/2847/3330 5775/2846/3329 5763/2834/3317
f 5777/2848/3331 5776/2847/3330 5764/2835/3318
f 5778/2849/3332 5777/2848/3331 5765/2836/3319
f 5768/2839/3322 5780/2851/3334 5779/2850/3333
f 5769/2840/3323 5781/2852/3335 5780/2851/3334
f 5770/2841/3324 5782/2853/4034 5781/2852/3335
f 5771/2843/4033 5783/2855/4035 5782/2853/4034
f 5772/2854/3337 5784/2866/3349 5783/2855/4035
f 5785/2856/3339 5784/2866/3349 5772/2854/3337
f 5786/2857/3340 5785/2856/3339 5773/2844/3327
f 5787/2858/4036 5786/2857/3340 5774/2845/3328
f 5788/2859/3342 5787/2858/4036 5775/2846/3329
f 5789/2860/3343 5788/2859/3342 5776/2847/3330
f 5790/2861/3344 5789/2860/3343 5777/2848/3331
f 5780/2851/3334 5792/2863/3346 5791/2862/3345
f 5781/2852/3335 5793/2864/3347 5792/2863/3346
f 5782/2853/4034 5794/2865/3348 5793/2864/3347
f 5783/2855/4035 5795/2867/3350 5794/2865/3348
f 5784/2866/3349 5796/2878/3361 5795/2867/3350
f 5797/2868/3351 5796/2878/3361 5784/2866/3349
f 5798/2869/3352 5797/2868/3351 5785/2856/3339
f 5799/2870/3353 5798/2869/3352 5786/2857/3340
f 5800/2871/3354 5799/2870/3353 5787/2858/4036
f 5801/2872/3355 5800/2871/3354 5788/2859/3342
f 5802/2873/3356 5801/2872/3355 5789/2860/3343
f 5792/2863/3346 5804/2875/3358 5803/2874/3357
f 5793/2864/3347 5805/2876/3359 5804/2875/3358
f 5794/2865/3348 5806/2877/3360 5805/2876/3359
f 5795/2867/3350 5807/2879/3362 5806/2877/3360
f 5796/2878/3361 5808/2890/3373 5807/2879/3362
f 5809/2880/3363 5808/2890/3373 5796/2878/3361
f 5810/2881/3364 5809/2880/3363 5797/2868/3351
f 5811/2882/3365 5810/2881/3364 5798/2869/3352
f 5812/2883/3366 5811/2882/3365 5799/2870/3353
f 5813/2884/3367 5812/2883/3366 5800/2871/3354
f 5814/2885/3368 5813/2884/3367 5801/2872/3355
f 5804/2875/3358 5816/2887/3370 5815/2886/3369
f 5805/2876/3359 5817/2888/3371 5816/2887/3370
f 5806/2877/3360 5818/2889/3372 5817/2888/3371
f 5807/2879/3362 5819/2891/3374 5818/2889/3372
f 5808/2890/3373 5820/2903/3386 5819/2891/3374
f 5821/2892/3375 5820/2903/3386 5808/2890/3373
f 5822/2893/3376 5821/2892/3375 5809/2880/3363
f 5823/2894/3377 5822/2893/3376 5810/2881/3364
f 5824/2895/4037 5823/2894/3377 5811/2882/3365
f 5825/2896/3379 5824/2895/4037 5812/2883/3366
f 5826/2897/3380 5825/2896/3379 5813/2884/3367
f 5828/2898/3381 5827/2910/3393 5815/2886/3369
f 5829/2899/3382 5828/2898/3381 5816/2887/3370
f 5830/2900/3383 5829/2899/3382 5817/2888/3371
f 5831/2901/3384 5830/2900/3383 5818/2889/3372
f 5832/2902/3385 5831/2901/3384 5819/2891/3374
f 5833/2904/3387 5832/2902/3385 5820/2903/3386
f 5822/2893/3376 5834/2905/3388 5833/2904/3387
f 5823/2894/3377 5835/2906/3389 5834/2905/3388
f 5824/2895/4037 5836/2907/3390 5835/2906/3389
f 5825/2896/3379 5837/2908/3391 5836/2907/3390
f 5826/2897/3380 5838/2919/3402 5837/2908/3391
f 5840/2909/3392 5839/2921/3404 5827/2910/3393
f 5841/2911/3394 5840/2909/3392 5828/2898/3381
f 5842/2912/3395 5841/2911/3394 5829/2899/3382
f 5843/2913/3396 5842/2912/3395 5830/2900/3383
f 5844/2914/3397 5843/2913/3396 5831/2901/3384
f 5845/2915/3398 5844/2914/3397 5832/2902/3385
f 5834/2905/3388 5846/2916/3399 5845/2915/3398
f 5835/2906/3389 5847/2917/3400 5846/2916/3399
f 5836/2907/3390 5848/2918/3401 5847/2917/3400
f 5837/2908/3391 5849/2920/3403 5848/2918/3401
f 5838/2919/3402 5850/2922/3405 5849/2920/3403
f 5840/2909/3392 4964/1542/2518 4963/49/2520
f 5841/2911/3394 4965/1544/2521 4964/1542/2518
f 5842/2912/3395 4966/1545/2523 4965/1544/2521
f 5843/2913/3396 4967/1546/2525 4966/1545/2523
f 5844/2914/3397 4968/1547/2527 4967/1546/2525
f 4969/1548/2530 4968/1547/2527 5844/2914/3397
f 4970/1549/2532 4969/1548/2530 5845/2915/3398
f 4971/1550/2534 4970/1549/2532 5846/2916/3399
f 4972/1551/2536 4971/1550/2534 5847/2917/3400
f 4973/1553/2538 4972/1551/2536 5848/2918/3401
f 4974/2057/2540 4973/1553/2538 5849/2920/3403
f 5864/1555/3406 5863/1554/3429 5851/38/3407
f 5865/1556/3409 5864/1555/3406 5852/322/3408
f 5866/1557/3411 5865/1556/3409 5853/324/3410
f 5867/1558/3413 5866/1557/3411 5854/326/3412
f 5868/1559/3415 5867/1558/3413 5855/328/3414
f 5869/1571/3417 5868/1559/3415 5856/330/3416
f 5858/335/3419 5870/1560/3421 5869/1571/3417
f 5859/337/3420 5871/1561/3423 5870/1560/3421
f 5860/339/3422 5872/1562/4038 5871/1561/3423
f 5861/341/3424 5873/1563/3427 5872/1562/4038
f 5862/343/3426 5874/1564/3438 5873/1563/3427
f 5876/1566/3428 5875/1565/3441 5863/1554/3429
f 5877/1567/3430 5876/1566/3428 5864/1555/3406
f 5878/1568/3431 5877/1567/3430 5865/1556/3409
f 5879/1569/3432 5878/1568/3431 5866/1557/3411
f 5880/1581/3433 5879/1569/3432 5867/1558/3413
f 5881/1570/3434 5880/1581/3433 5868/1559/3415
f 5870/1560/3421 5882/1572/3435 5881/1570/3434
f 5871/1561/3423 5883/1573/3436 5882/1572/3435
f 5872/1562/4038 5884/1574/3437 5883/1573/3436
f 5873/1563/3427 5885/1575/4039 5884/1574/3437
f 5874/1564/3438 5886/1576/3450 5885/1575/4039
f 5888/1578/3440 5887/1577/3453 5875/1565/3441
f 5889/1579/3442 5888/1578/3440 5876/1566/3428
f 5890/1580/3443 5889/1579/3442 5877/1567/3430
f 5891/1582/3444 5890/1580/3443 5878/1568/3431
f 5892/1593/3445 5891/1582/3444 5879/1569/3432
f 5893/1583/3446 5892/1593/3445 5880/1581/3433
f 5882/1572/3435 5894/1584/3447 5893/1583/3446
f 5883/1573/3436 5895/1585/3448 5894/1584/3447
f 5884/1574/3437 5896/1586/3449 5895/1585/3448
f 5885/1575/4039 5897/1587/3451 5896/1586/3449
f 5886/1576/3450 5898/1588/3462 5897/1587/3451
f 5900/1590/3452 5899/1589/3465 5887/1577/3453
f 5901/1591/3454 5900/1590/3452 5888/1578/3440
f 5902/1592/3455 5901/1591/3454 5889/1579/3442
f 5903/1594/3456 5902/1592/3455 5890/1580/3443
f 5904/1595/3457 5903/1594/3456 5891/1582/3444
f 5905/1607/3458 5904/1595/3457 5892/1593/3445
f 5894/1584/3447 5906/1596/3459 5905/1607/3458
f 5895/1585/3448 5907/1597/3460 5906/1596/3459
f 5896/1586/3449 5908/1598/3461 5907/1597/3460
f 5897/1587/3451 5909/1599/3463 5908/1598/3461
f 5898/1588/3462 5910/1600/3474 5909/1599/3463
f 5912/1601/3464 5911/1613/3477 5899/1589/3465
f 5913/1602/3466 5912/1601/3464 5900/1590/3452
f 5914/1603/3467 5913/1602/3466 5901/1591/3454
f 5915/1604/3468 5914/1603/3467 5902/1592/3455
f 5916/1605/3469 5915/1604/3468 5903/1594/3456
f 5917/1606/3470 5916/1605/3469 5904/1595/3457
f 5906/1596/3459 5918/1608/3471 5917/1606/3470
f 5907/1597/3460 5919/1609/3472 5918/1608/3471
f 5908/1598/3461 5920/1610/3473 5919/1609/3472
f 5909/1599/3463 5921/1611/3475 5920/1610/3473
f 5910/1600/3474 5922/1622/3488 5921/1611/3475
f 5912/1601/3464 5924/1612/3478 5923/1625/3476
f 5913/1602/3466 5925/1614/3479 5924/1612/3478
f 5914/1603/3467 5926/1615/3480 5925/1614/3479
f 5915/1604/3468 5927/1616/3481 5926/1615/3480
f 5916/1605/3469 5928/1617/3493 5927/1616/3481
f 5929/1618/3482 5928/1617/3493 5916/1605/3469
f 5930/1619/3483 5929/1618/3482 5917/1606/3470
f 5931/1620/3484 5930/1619/3483 5918/1608/3471
f 5932/1621/3485 5931/1620/3484 5919/1609/3472
f 5933/1623/3486 5932/1621/3485 5920/1610/3473
f 5934/1634/3487 5933/1623/3486 5921/1611/3475
f 5924/1612/3478 5936/1624/4040 5935/1636/3489
f 5925/1614/3479 5937/1626/3491 5936/1624/4040
f 5926/1615/3480 5938/1627/3492 5937/1626/3491
f 5927/1616/3481 5939/1628/3494 5938/1627/3492
f 5928/1617/3493 5940/1629/3505 5939/1628/3494
f 5941/1630/3495 5940/1629/3505 5928/1617/3493
f 5942/1631/3496 5941/1630/3495 5929/1618/3482
f 5943/1632/3497 5942/1631/3496 5930/1619/3483
f 5944/1633/3498 5943/1632/3497 5931/1620/3484
f 5945/1635/3499 5944/1633/3498 5932/1621/3485
f 5946/1637/3500 5945/1635/3499 5933/1623/3486
f 5936/1624/4040 5948/525/3502 5947/524/3501
f 5937/1626/3491 5949/526/3503 5948/525/3502
f 5938/1627/3492 5950/527/3504 5949/526/3503
f 5939/1628/3494 5951/529/3506 5950/527/3504
f 5940/1629/3505 5952/540/3517 5951/529/3506
f 5953/530/3507 5952/540/3517 5940/1629/3505
f 5954/531/3508 5953/530/3507 5941/1630/3495
f 5955/532/3509 5954/531/3508 5942/1631/3496
f 5956/533/3510 5955/532/3509 5943/1632/3497
f 5957/534/3511 5956/533/3510 5944/1633/3498
f 5958/535/3512 5957/534/3511 5945/1635/3499
f 5948/525/3502 5960/1638/3514 5959/1649/3513
f 5949/526/3503 5961/1639/3515 5960/1638/3514
f 5950/527/3504 5962/1640/3516 5961/1639/3515
f 5951/529/3506 5963/1641/3518 5962/1640/3516
f 5952/540/3517 5964/1642/3529 5963/1641/3518
f 5965/1643/3519 5964/1642/3529 5952/540/3517
f 5966/1644/3520 5965/1643/3519 5953/530/3507
f 5967/1645/3521 5966/1644/3520 5954/531/3508
f 5968/1646/4041 5967/1645/3521 5955/532/3509
f 5969/1647/3523 5968/1646/4041 5956/533/3510
f 5970/1658/3524 5969/1647/3523 5957/534/3511
f 5960/1638/3514 5972/1648/3526 5971/1661/3525
f 5961/1639/3515 5973/1650/3527 5972/1648/3526
f 5962/1640/3516 5974/1651/3528 5973/1650/3527
f 5963/1641/3518 5975/1652/3530 5974/1651/3528
f 5964/1642/3529 5976/1653/3541 5975/1652/3530
f 5977/1654/3531 5976/1653/3541 5964/1642/3529
f 5978/1655/3532 5977/1654/3531 5965/1643/3519
f 5979/1656/3533 5978/1655/3532 5966/1644/3520
f 5980/1657/3534 5979/1656/3533 5967/1645/3521
f 5981/1659/3535 5980/1657/3534 5968/1646/4041
f 5982/1670/3536 5981/1659/3535 5969/1647/3523
f 5972/1648/3526 5984/1660/3538 5983/1673/3537
f 5973/1650/3527 5985/1662/3539 5984/1660/3538
f 5974/1651/3528 5986/1663/3540 5985/1662/3539
f 5975/1652/3530 5987/1664/3542 5986/1663/3540
f 5976/1653/3541 5988/1665/3554 5987/1664/3542
f 5989/1666/3543 5988/1665/3554 5976/1653/3541
f 5990/1667/3544 5989/1666/3543 5977/1654/3531
f 5991/1668/3545 5990/1667/3544 5978/1655/3532
f 5992/1669/3546 5991/1668/3545 5979/1656/3533
f 5993/1671/3547 5992/1669/3546 5980/1657/3534
f 5994/1684/3548 5993/1671/3547 5981/1659/3535
f 5996/1674/3549 5995/1672/3561 5983/1673/3537
f 5997/1675/3550 5996/1674/3549 5984/1660/3538
f 5998/1676/3551 5997/1675/3550 5985/1662/3539
f 5999/1677/4042 5998/1676/3551 5986/1663/3540
f 6000/1689/3553 5999/1677/4042 5987/1664/3542
f 6001/1678/3555 6000/1689/3553 5988/1665/3554
f 5990/1667/3544 6002/1679/4043 6001/1678/3555
f 5991/1668/3545 6003/1680/3557 6002/1679/4043
f 5992/1669/3546 6004/1681/3558 6003/1680/3557
f 5993/1671/3547 6005/1682/3559 6004/1681/3558
f 5994/1684/3548 6006/1683/3570 6005/1682/3559
f 6008/1686/3560 6007/1685/3573 5995/1672/3561
f 6009/1687/3562 6008/1686/3560 5996/1674/3549
f 6010/1688/3563 6009/1687/3562 5997/1675/3550
f 6011/1690/3564 6010/1688/3563 5998/1676/3551
f 6012/1701/3565 6011/1690/3564 5999/1677/4042
f 6013/1691/3566 6012/1701/3565 6000/1689/3553
f 6002/1679/4043 6014/1692/3567 6013/1691/3566
f 6003/1680/3557 6015/1693/3568 6014/1692/3567
f 6004/1681/3558 6016/1694/3569 6015/1693/3568
f 6005/1682/3559 6017/1695/3571 6016/1694/3569
f 6006/1683/3570 6018/1696/3582 6017/1695/3571
f 6020/1698/3572 6019/1697/3585 6007/1685/3573
f 6021/1699/3574 6020/1698/3572 6008/1686/3560
f 6022/1700/3575 6021/1699/3574 6009/1687/3562
f 6023/1702/3576 6022/1700/3575 6010/1688/3563
f 6024/1713/3577 6023/1702/3576 6011/1690/3564
f 6025/1703/3578 6024/1713/3577 6012/1701/3565
f 6014/1692/3567 6026/1704/3579 6025/1703/3578
f 6015/1693/3568 6027/1705/3580 6026/1704/3579
f 6016/1694/3569 6028/1706/3581 6027/1705/3580
f 6017/1695/3571 6029/1707/3583 6028/1706/3581
f 6018/1696/3582 6030/1708/3594 6029/1707/3583
f 6032/1710/3584 6031/1709/3597 6019/1697/3585
f 6033/1711/3586 6032/1710/3584 6020/1698/3572
f 6034/1712/3587 6033/1711/3586 6021/1699/3574
f 6035/1714/3588 6034/1712/3587 6022/1700/3575
f 6036/1721/3589 6035/1714/3588 6023/1702/3576
f 6037/1715/3590 6036/1721/3589 6024/1713/3577
f 6026/1704/3579 6038/1716/3591 6037/1715/3590
f 6027/1705/3580 6039/1717/3592 6038/1716/3591
f 6028/1706/3581 6040/1718/3593 6039/1717/3592
f 6029/1707/3583 6041/1719/3595 6040/1718/3593
f 6030/1708/3594 6042/1720/3606 6041/1719/3595
f 6044/727/3596 6043/740/4044 6031/1709/3597
f 6045/729/3598 6044/727/3596 6032/1710/3584
f 6046/730/3599 6045/729/3598 6033/1711/3586
f 6047/731/3600 6046/730/3599 6034/1712/3587
f 6048/732/3601 6047/731/3600 6035/1714/3588
f 6049/733/3602 6048/732/3601 6036/1721/3589
f 6038/1716/3591 6050/734/3603 6049/733/3602
f 6039/1717/3592 6051/735/3604 6050/734/3603
f 6040/1718/3593 6052/736/3605 6051/735/3604
f 6041/1719/3595 6053/738/3607 6052/736/3605
f 6042/1720/3606 6054/749/3618 6053/738/3607
f 6056/1723/3608 6055/1722/3621 6043/740/4044
f 6057/1724/3610 6056/1723/3608 6044/727/3596
f 6058/1725/3611 6057/1724/3610 6045/729/3598
f 6059/1726/3612 6058/1725/3611 6046/730/3599
f 6060/1737/3613 6059/1726/3612 6047/731/3600
f 6061/1727/3614 6060/1737/3613 6048/732/3601
f 6050/734/3603 6062/1728/3615 6061/1727/3614
f 6051/735/3604 6063/1729/3616 6062/1728/3615
f 6052/736/3605 6064/1730/3617 6063/1729/3616
f 6053/738/3607 6065/1731/3619 6064/1730/3617
f 6054/749/3618 6066/1732/3632 6065/1731/3619
f 6056/1723/3608 6068/1734/3622 6067/1733/3620
f 6057/1724/3610 6069/1735/3623 6068/1734/3622
f 6058/1725/3611 6070/1736/3624 6069/1735/3623
f 6059/1726/3612 6071/1738/3625 6070/1736/3624
f 6060/1737/3613 6072/1750/3637 6071/1738/3625
f 6073/1739/3626 6072/1750/3637 6060/1737/3613
f 6074/1740/3627 6073/1739/3626 6061/1727/3614
f 6075/1741/3628 6074/1740/3627 6062/1728/3615
f 6076/1742/3629 6075/1741/3628 6063/1729/3616
f 6077/1743/3630 6076/1742/3629 6064/1730/3617
f 6078/1744/3631 6077/1743/3630 6065/1731/3619
f 6068/1734/3622 6080/1745/3634 6079/1757/3633
f 6069/1735/3623 6081/1746/3635 6080/1745/3634
f 6070/1736/3624 6082/1747/3636 6081/1746/3635
f 6071/1738/3625 6083/1748/3638 6082/1747/3636
f 6072/1750/3637 6084/1749/3649 6083/1748/3638
f 6085/1751/4045 6084/1749/3649 6072/1750/3637
f 6086/1752/3640 6085/1751/4045 6073/1739/3626
f 6087/1753/3641 6086/1752/3640 6074/1740/3627
f 6088/1754/3642 6087/1753/3641 6075/1741/3628
f 6089/1755/3643 6088/1754/3642 6076/1742/3629
f 6090/1766/3644 6089/1755/3643 6077/1743/3630
f 6080/1745/3634 6092/1756/4046 6091/1769/3645
f 6081/1746/3635 6093/1758/3647 6092/1756/4046
f 6082/1747/3636 6094/1759/3648 6093/1758/3647
f 6083/1748/3638 6095/1760/3650 6094/1759/3648
f 6084/1749/3649 6096/1761/4049 6095/1760/3650
f 6097/1762/4047 6096/1761/4049 6084/1749/3649
f 6098/1763/3652 6097/1762/4047 6085/1751/4045
f 6099/1764/3653 6098/1763/3652 6086/1752/3640
f 6100/1765/3654 6099/1764/3653 6087/1753/3641
f 6101/1767/4048 6100/1765/3654 6088/1754/3642
f 6102/1778/3656 6101/1767/4048 6089/1755/3643
f 6092/1756/4046 6104/1768/3658 6103/1781/3657
f 6093/1758/3647 6105/1770/3659 6104/1768/3658
f 6094/1759/3648 6106/1771/3660 6105/1770/3659
f 6095/1760/3650 6107/1772/3662 6106/1771/3660
f 6096/1761/4049 6108/1773/3673 6107/1772/3662
f 6109/1774/3663 6108/1773/3673 6096/1761/4049
f 6110/1775/3664 6109/1774/3663 6097/1762/4047
f 6111/1776/3665 6110/1775/3664 6098/1763/3652
f 6112/1777/3666 6111/1776/3665 6099/1764/3653
f 6113/1779/3667 6112/1777/3666 6100/1765/3654
f 6114/1790/3668 6113/1779/3667 6101/1767/4048
f 6104/1768/3658 6116/1780/3670 6115/1793/3669
f 6105/1770/3659 6117/1782/3671 6116/1780/3670
f 6106/1771/3660 6118/1783/3672 6117/1782/3671
f 6107/1772/3662 6119/1784/4050 6118/1783/3672
f 6108/1773/3673 6120/1785/3684 6119/1784/4050
f 6121/1786/3675 6120/1785/3684 6108/1773/3673
f 6122/1787/3676 6121/1786/3675 6109/1774/3663
f 6123/1788/3677 6122/1787/3676 6110/1775/3664
f 6124/1789/3678 6123/1788/3677 6111/1776/3665
f 6125/1791/3679 6124/1789/3678 6112/1777/3666
f 6126/1802/3680 6125/1791/3679 6113/1779/3667
f 6116/1780/3670 6128/1792/3681 6127/1804/1656
f 6117/1782/3671 6129/1794/3682 6128/1792/3681
f 6118/1783/3672 6130/1795/3683 6129/1794/3682
f 6119/1784/4050 6131/1796/3685 6130/1795/3683
f 6120/1785/3684 6132/1797/3696 6131/1796/3685
f 6133/1798/3686 6132/1797/3696 6120/1785/3684
f 6134/1799/3687 6133/1798/3686 6121/1786/3675
f 6135/1800/3688 6134/1799/3687 6122/1787/3676
f 6136/1801/3689 6135/1800/3688 6123/1788/3677
f 6137/1803/3690 6136/1801/3689 6124/1789/3678
f 6138/1805/1667 6137/1803/3690 6125/1791/3679
f 6140/931/3691 6139/128/3703 6127/1804/1656
f 6141/933/3692 6140/931/3691 6128/1792/3681
f 6142/934/3693 6141/933/3692 6129/1794/3682
f 6143/935/4051 6142/934/3693 6130/1795/3683
f 6144/936/3695 6143/935/4051 6131/1796/3685
f 6145/937/3697 6144/936/3695 6132/1797/3696
f 6134/1799/3687 6146/938/4052 6145/937/3697
f 6135/1800/3688 6147/939/3699 6146/938/4052
f 6136/1801/3689 6148/940/3700 6147/939/3699
f 6137/1803/3690 6149/942/3701 6148/940/3700
f 6138/1805/1667 6150/952/3712 6149/942/3701
f 6152/1807/3702 6151/1806/3715 6139/128/3703
f 6153/1808/3704 6152/1807/3702 6140/931/3691
f 6154/1809/4053 6153/1808/3704 6141/933/3692
f 6155/1810/3706 6154/1809/4053 6142/934/3693
f 6156/1821/3707 6155/1810/3706 6143/935/4051
f 6157/1811/3708 6156/1821/3707 6144/936/3695
f 6146/938/4052 6158/1812/3709 6157/1811/3708
f 6147/939/3699 6159/1813/3710 6158/1812/3709
f 6148/940/3700 6160/1814/3711 6159/1813/3710
f 6149/942/3701 6161/1815/3713 6160/1814/3711
f 6150/952/3712 6162/1816/3724 6161/1815/3713
f 6164/1818/4054 6163/1817/3727 6151/1806/3715
f 6165/1819/3716 6164/1818/4054 6152/1807/3702
f 6166/1820/3717 6165/1819/3716 6153/1808/3704
f 6167/1822/3718 6166/1820/3717 6154/1809/4053
f 6168/1833/4055 6167/1822/3718 6155/1810/3706
f 6169/1823/4056 6168/1833/4055 6156/1821/3707
f 6158/1812/3709 6170/1824/3721 6169/1823/4056
f 6159/1813/3710 6171/1825/3722 6170/1824/3721
f 6160/1814/3711 6172/1826/3723 6171/1825/3722
f 6161/1815/3713 6173/1827/4057 6172/1826/3723
f 6162/1816/3724 6174/1828/3736 6173/1827/4057
f 6176/1830/3726 6175/1829/3739 6163/1817/3727
f 6177/1831/3728 6176/1830/3726 6164/1818/4054
f 6178/1832/3729 6177/1831/3728 6165/1819/3716
f 6179/1834/3730 6178/1832/3729 6166/1820/3717
f 6180/1846/3731 6179/1834/3730 6167/1822/3718
f 6181/1835/3732 6180/1846/3731 6168/1833/4055
f 6170/1824/3721 6182/1836/3733 6181/1835/3732
f 6171/1825/3722 6183/1837/3734 6182/1836/3733
f 6172/1826/3723 6184/1838/3735 6183/1837/3734
f 6173/1827/4057 6185/1839/3737 6184/1838/3735
f 6174/1828/3736 6186/1840/3748 6185/1839/3737
f 6188/1841/3738 6187/1853/4058 6175/1829/3739
f 6189/1842/3740 6188/1841/3738 6176/1830/3726
f 6190/1843/3741 6189/1842/3740 6177/1831/3728
f 6191/1844/3742 6190/1843/3741 6178/1832/3729
f 6192/1845/3743 6191/1844/3742 6179/1834/3730
f 6193/1847/3744 6192/1845/3743 6180/1846/3731
f 6182/1836/3733 6194/1848/3745 6193/1847/3744
f 6183/1837/3734 6195/1849/3746 6194/1848/3745
f 6184/1838/3735 6196/1850/3747 6195/1849/3746
f 6185/1839/3737 6197/1851/3749 6196/1850/3747
f 6186/1840/3748 6198/1862/4059 6197/1851/3749
f 6200/1852/3750 6199/1865/3763 6187/1853/4058
f 6201/1854/3752 6200/1852/3750 6188/1841/3738
f 6202/1855/3753 6201/1854/3752 6189/1842/3740
f 6203/1856/3754 6202/1855/3753 6190/1843/3741
f 6204/1857/3755 6203/1856/3754 6191/1844/3742
f 6205/1858/3756 6204/1857/3755 6192/1845/3743
f 6194/1848/3745 6206/1859/3757 6205/1858/3756
f 6195/1849/3746 6207/1860/3758 6206/1859/3757
f 6196/1850/3747 6208/1861/3759 6207/1860/3758
f 6197/1851/3749 6209/1863/3761 6208/1861/3759
f 6198/1862/4059 6210/1874/3774 6209/1863/3761
f 6200/1852/3750 6212/1864/3764 6211/1877/3762
f 6201/1854/3752 6213/1866/3765 6212/1864/3764
f 6202/1855/3753 6214/1867/3766 6213/1866/3765
f 6203/1856/3754 6215/1868/3767 6214/1867/3766
f 6204/1857/3755 6216/1869/3779 6215/1868/3767
f 6217/1870/3768 6216/1869/3779 6204/1857/3755
f 6218/1871/3769 6217/1870/3768 6205/1858/3756
f 6219/1872/3770 6218/1871/3769 6206/1859/3757
f 6220/1873/3771 6219/1872/3770 6207/1860/3758
f 6221/1875/3772 6220/1873/3771 6208/1861/3759
f 6222/1886/3773 6221/1875/3772 6209/1863/3761
f 6212/1864/3764 6224/1876/3776 6223/1888/3775
f 6213/1866/3765 6225/1878/3777 6224/1876/3776
f 6214/1867/3766 6226/1879/3778 6225/1878/3777
f 6215/1868/3767 6227/1880/3780 6226/1879/3778
f 6216/1869/3779 6228/1881/3791 6227/1880/3780
f 6229/1882/3781 6228/1881/3791 6216/1869/3779
f 6230/1883/3782 6229/1882/3781 6217/1870/3768
f 6231/1884/3783 6230/1883/3782 6218/1871/3769
f 6232/1885/3784 6231/1884/3783 6219/1872/3770
f 6233/1887/3785 6232/1885/3784 6220/1873/3771
f 6234/1889/3786 6233/1887/3785 6221/1875/3772
f 6224/1876/3776 6236/1134/3788 6235/1147/3787
f 6225/1878/3777 6237/1136/3789 6236/1134/3788
f 6226/1879/3778 6238/1137/3790 6237/1136/3789
f 6227/1880/3780 6239/1138/3792 6238/1137/3790
f 6228/1881/3791 6240/1139/3803 6239/1138/3792
f 6241/1140/3793 6240/1139/3803 6228/1881/3791
f 6242/1141/3794 6241/1140/3793 6229/1882/3781
f 6243/1142/3795 6242/1141/3794 6230/1883/3782
f 6244/1143/3796 6243/1142/3795 6231/1884/3783
f 6245/1145/3797 6244/1143/3796 6232/1885/3784
f 6246/1156/3798 6245/1145/3797 6233/1887/3785
f 6236/1134/3788 6248/1890/3800 6247/1901/3799
f 6237/1136/3789 6249/1891/3801 6248/1890/3800
f 6238/1137/3790 6250/1892/3802 6249/1891/3801
f 6239/1138/3792 6251/1893/3804 6250/1892/3802
f 6240/1139/3803 6252/1894/3815 6251/1893/3804
f 6253/1895/3805 6252/1894/3815 6240/1139/3803
f 6254/1896/3806 6253/1895/3805 6241/1140/3793
f 6255/1897/3807 6254/1896/3806 6242/1141/3794
f 6256/1898/3808 6255/1897/3807 6243/1142/3795
f 6257/1899/3809 6256/1898/3808 6244/1143/3796
f 6258/1910/3810 6257/1899/3809 6245/1145/3797
f 6248/1890/3800 6260/1900/3812 6259/1913/3811
f 6249/1891/3801 6261/1902/3813 6260/1900/3812
f 6250/1892/3802 6262/1903/3814 6261/1902/3813
f 6251/1893/3804 6263/1904/3816 6262/1903/3814
f 6252/1894/3815 6264/1905/3827 6263/1904/3816
f 6265/1906/3817 6264/1905/3827 6252/1894/3815
f 6266/1907/3818 6265/1906/3817 6253/1895/3805
f 6267/1908/3819 6266/1907/3818 6254/1896/3806
f 6268/1909/3820 6267/1908/3819 6255/1897/3807
f 6269/1911/3821 6268/1909/3820 6256/1898/3808
f 6270/1922/3822 6269/1911/3821 6257/1899/3809
f 6260/1900/3812 6272/1912/3824 6271/1925/3823
f 6261/1902/3813 6273/1914/3825 6272/1912/3824
f 6262/1903/3814 6274/1915/3826 6273/1914/3825
f 6263/1904/3816 6275/1916/3828 6274/1915/3826
f 6264/1905/3827 6276/1917/3840 6275/1916/3828
f 6265/1906/3817 6277/1918/3829 6276/1917/3840
f 6278/1919/3830 6277/1918/3829 6265/1906/3817
f 6279/1920/3831 6278/1919/3830 6266/1907/3818
f 6280/1921/3832 6279/1920/3831 6267/1908/3819
f 6281/1923/3833 6280/1921/3832 6268/1909/3820
f 6282/1936/3834 6281/1923/3833 6269/1911/3821
f 6284/1926/3835 6283/1924/3847 6271/1925/3823
f 6285/1927/3836 6284/1926/3835 6272/1912/3824
f 6286/1928/3837 6285/1927/3836 6273/1914/3825
f 6287/1929/3838 6286/1928/3837 6274/1915/3826
f 6288/1941/3839 6287/1929/3838 6275/1916/3828
f 6289/1930/3841 6288/1941/3839 6276/1917/3840
f 6278/1919/3830 6290/1931/3842 6289/1930/3841
f 6279/1920/3831 6291/1932/3843 6290/1931/3842
f 6280/1921/3832 6292/1933/3844 6291/1932/3843
f 6281/1923/3833 6293/1934/3845 6292/1933/3844
f 6282/1936/3834 6294/1935/3856 6293/1934/3845
f 6296/1938/3846 6295/1937/3859 6283/1924/3847
f 6297/1939/3848 6296/1938/3846 6284/1926/3835
f 6298/1940/3849 6297/1939/3848 6285/1927/3836
f 6299/1942/3850 6298/1940/3849 6286/1928/3837
f 6300/1953/3851 6299/1942/3850 6287/1929/3838
f 6301/1943/3852 6300/1953/3851 6288/1941/3839
f 6290/1931/3842 6302/1944/3853 6301/1943/3852
f 6291/1932/3843 6303/1945/3854 6302/1944/3853
f 6292/1933/3844 6304/1946/3855 6303/1945/3854
f 6293/1934/3845 6305/1947/3857 6304/1946/3855
f 6294/1935/3856 6306/1948/3868 6305/1947/3857
f 6308/1950/3858 6307/1949/3871 6295/1937/3859
f 6309/1951/3860 6308/1950/3858 6296/1938/3846
f 6310/1952/3861 6309/1951/3860 6297/1939/3848
f 6311/1954/3862 6310/1952/3861 6298/1940/3849
f 6312/1965/3863 6311/1954/3862 6299/1942/3850
f 6313/1955/3864 6312/1965/3863 6300/1953/3851
f 6302/1944/3853 6314/1956/3865 6313/1955/3864
f 6303/1945/3854 6315/1957/3866 6314/1956/3865
f 6304/1946/3855 6316/1958/3867 6315/1957/3866
f 6305/1947/3857 6317/1959/3869 6316/1958/3867
f 6306/1948/3868 6318/1960/3880 6317/1959/3869
f 6320/1962/4060 6319/1961/3883 6307/1949/3871
f 6321/1963/3872 6320/1962/4060 6308/1950/3858
f 6322/1964/3873 6321/1963/3872 6309/1951/3860
f 6323/1966/3874 6322/1964/3873 6310/1952/3861
f 6324/1973/3875 6323/1966/3874 6311/1954/3862
f 6325/1967/3876 6324/1973/3875 6312/1965/3863
f 6314/1956/3865 6326/1968/3877 6325/1967/3876
f 6315/1957/3866 6327/1969/3878 6326/1968/3877
f 6316/1958/3867 6328/1970/3879 6327/1969/3878
f 6317/1959/3869 6329/1971/4061 6328/1970/3879
f 6318/1960/3880 6330/1972/3892 6329/1971/4061
f 6332/1340/3882 6331/1339/3895 6319/1961/3883
f 6333/1341/3884 6332/1340/3882 6320/1962/4060
f 6334/1342/3885 6333/1341/3884 6321/1963/3872
f 6335/1343/3886 6334/1342/3885 6322/1964/3873
f 6336/1355/3887 6335/1343/3886 6323/1966/3874
f 6337/1344/3888 6336/1355/3887 6324/1973/3875
f 6326/1968/3877 6338/1346/3889 6337/1344/3888
f 6327/1969/3878 6339/1347/3890 6338/1346/3889
f 6328/1970/3879 6340/1348/3891 6339/1347/3890
f 6329/1971/4061 6341/1349/3893 6340/1348/3891
f 6330/1972/3892 6342/1350/3904 6341/1349/3893
f 6344/1975/3894 6343/1974/3907 6331/1339/3895
f 6345/1976/3896 6344/1975/3894 6332/1340/3882
f 6346/1977/3897 6345/1976/3896 6333/1341/3884
f 6347/1978/3898 6346/1977/3897 6334/1342/3885
f 6348/1989/3899 6347/1978/3898 6335/1343/3886
f 6349/1979/3900 6348/1989/3899 6336/1355/3887
f 6338/1346/3889 6350/1980/3901 6349/1979/3900
f 6339/1347/3890 6351/1981/3902 6350/1980/3901
f 6340/1348/3891 6352/1982/3903 6351/1981/3902
f 6341/1349/3893 6353/1983/3905 6352/1982/3903
f 6342/1350/3904 6354/1984/3918 6353/1983/3905
f 6344/1975/3894 6356/1986/3908 6355/1985/3906
f 6345/1976/3896 6357/1987/3909 6356/1986/3908
f 6346/1977/3897 6358/1988/3910 6357/1987/3909
f 6347/1978/3898 6359/1990/3911 6358/1988/3910
f 6348/1989/3899 6360/2002/3923 6359/1990/3911
f 6361/1991/3912 6360/2002/3923 6348/1989/3899
f 6362/1992/3913 6361/1991/3912 6349/1979/3900
f 6363/1993/3914 6362/1992/3913 6350/1980/3901
f 6364/1994/3915 6363/1993/3914 6351/1981/3902
f 6365/1995/3916 6364/1994/3915 6352/1982/3903
f 6366/1996/3917 6365/1995/3916 6353/1983/3905
f 6356/1986/3908 6368/1997/3920 6367/2009/3919
f 6357/1987/3909 6369/1998/3921 6368/1997/3920
f 6358/1988/3910 6370/1999/3922 6369/1998/3921
f 6359/1990/3911 6371/2000/3924 6370/1999/3922
f 6360/2002/3923 6372/2001/3935 6371/2000/3924
f 6373/2003/3925 6372/2001/3935 6360/2002/3923
f 6374/2004/3926 6373/2003/3925 6361/1991/3912
f 6375/2005/3927 6374/2004/3926 6362/1992/3913
f 6376/2006/3928 6375/2005/3927 6363/1993/3914
f 6377/2007/4062 6376/2006/3928 6364/1994/3915
f 6378/2018/3930 6377/2007/4062 6365/1995/3916
f 6368/1997/3920 6380/2008/3932 6379/2021/3931
f 6369/1998/3921 6381/2010/3933 6380/2008/3932
f 6370/1999/3922 6382/2011/3934 6381/2010/3933
f 6371/2000/3924 6383/2012/3936 6382/2011/3934
f 6372/2001/3935 6384/2013/3947 6383/2012/3936
f 6385/2014/3937 6384/2013/3947 6372/2001/3935
f 6386/2015/3938 6385/2014/3937 6373/2003/3925
f 6387/2016/3939 6386/2015/3938 6374/2004/3926
f 6388/2017/3940 6387/2016/3939 6375/2005/3927
f 6389/2019/3941 6388/2017/3940 6376/2006/3928
f 6390/2030/3942 6389/2019/3941 6377/2007/4062
f 6380/2008/3932 6392/2020/4063 6391/2033/3943
f 6381/2010/3933 6393/2022/3945 6392/2020/4063
f 6382/2011/3934 6394/2023/3946 6393/2022/3945
f 6383/2012/3936 6395/2024/3948 6394/2023/3946
f 6384/2013/3947 6396/2025/3959 6395/2024/3948
f 6397/2026/3949 6396/2025/3959 6384/2013/3947
f 6398/2027/3950 6397/2026/3949 6385/2014/3937
f 6399/2028/3951 6398/2027/3950 6386/2015/3938
f 6400/2029/3952 6399/2028/3951 6387/2016/3939
f 6401/2031/3953 6400/2029/3952 6388/2017/3940
f 6402/2042/3954 6401/2031/3953 6389/2019/3941
f 6392/2020/4063 6404/2032/3956 6403/2045/3955
f 6393/2022/3945 6405/2034/3957 6404/2032/3956
f 6394/2023/3946 6406/2035/4064 6405/2034/3957
f 6395/2024/3948 6407/2036/3960 6406/2035/4064
f 6396/2025/3959 6408/2037/3970 6407/2036/3960
f 6409/2038/3961 6408/2037/3970 6396/2025/3959
f 6410/2039/3962 6409/2038/3961 6397/2026/3949
f 6411/2040/4065 6410/2039/3962 6398/2027/3950
f 6412/2041/3964 6411/2040/4065 6399/2028/3951
f 6413/2043/3965 6412/2041/3964 6400/2029/3952
f 6414/2054/3966 6413/2043/3965 6401/2031/3953
f 6404/2032/3956 6416/2044/3967 6415/2056/1368
f 6405/2034/3957 6417/2046/3968 6416/2044/3967
f 6406/2035/4064 6418/2047/3969 6417/2046/3968
f 6407/2036/3960 6419/2048/1359 6418/2047/3969
f 6408/2037/3970 6420/2049/1360 6419/2048/1359
f 6421/2050/1361 6420/2049/1360 6408/2037/3970
f 6422/2051/1362 6421/2050/1361 6409/2038/3961
f 6423/2052/3971 6422/2051/1362 6410/2039/3962
f 6424/2053/3972 6423/2052/3971 6411/2040/4065
f 6425/2055/3973 6424/2053/3972 6412/2041/3964
f 6426/2058/1379 6425/2055/3973 6413/2043/3965
f 5852/1542/3408 5851/49/3407 6415/2056/1368
f 5853/1544/3410 5852/1542/3408 6416/2044/3967
f 5854/1545/3412 5853/1544/3410 6417/2046/3968
f 5855/1546/3414 5854/1545/3412 6418/2047/3969
f 5856/1547/3416 5855/1546/3414 6419/2048/1359
f 5857/1548/3418 5856/1547/3416 6420/2049/1360
f 6422/2051/1362 5858/1549/3419 5857/1548/3418
f 6423/2052/3971 5859/1550/3420 5858/1549/3419
f 6424/2053/3972 5860/1551/3422 5859/1550/3420
f 6425/2055/3973 5861/1553/3424 5860/1551/3422
f 6426/2058/1379 5862/2057/3426 5861/1553/3424
